Policy_ID,Holder_ID,Holder_Name,Age,Policy_Type,Premium,Claim_Amount,City,Email,Claim_Status,Start_Date,End_Date,Sum_Assured,Commission,Beneficiary_ID,Policy_Status,Supporting_Documents_Flag,Renewal_Date,Payout_Amount,Underwriting_Score
POL102135,H1176,arun,7,Life,66410.09,295229.23,Delhi,arun30@ins.com,Approved,,"Jan 18, 2022",,14973.86,,,Invalid,,91734.7,76.65
POL102289,H1350,kumar,,Home,,367395.4,Mumbai,kumar36@yahoo.com,Not Filed,15-04-2017,09-12-2021,-4695.67,-1013.24,,,Valid,,56361.33,90.36
POL100057,H1029,arun,51,Travel,41950.38,444498.44,Delhi,arun32@yahoo.com,Not Filed,01/25/2025,"Jul 17, 2017",411216.48,7143.68,BEN575,Lapsed,Invalid,10/17/2018,344594.03,73.42
POL102517,H1182,,46,healthh,54001.43,202734.9,Chennai,user38@gmail.com,Pending,,,-8441.91,14007.49,,Active,,24-07-2021,309909.4,90.31
POL103692,H1087,,70,Home,179404.42,209543.82,  chennai ,user64@gmail.com,Approved,28-12-2024,"Jul 05, 2017",,14012.77,,,,"Dec 15, 2020",,17.95
POL104298,H1524,kumar,21,Life,155194.93,256987.83,Bengaluru,kumar53@yahoo.com,Not Filed,"Jan 20, 2023",10-06-2018,3618552.12,-1297.92,,Renewed,Valid,"Mar 29, 2016",188935.99,
POL101801,H1114,  raj,,lifee,164888.89,186829.59,  chennai ,,,04/30/2016,18-06-2025,-8587.24,15145.75,,Renewed,Invalid,06/25/2020,4334.44,16.4
POL102694,H1879,arun,10,Life,9640.95,489020.2,Delhi,arun13@yahoo.com,,13-06-2018,"Nov 14, 2021",1772742.92,12160.3,,Expired,Invalid,27-05-2017,,18.81
POL103014,H1071, JOHN,,lifee,10634.14,16482.24,  chennai ,john@gmail,,03/25/2020,13-10-2019,,11049.85,,Lapsed,Valid,01-07-2020,42547.36,31.85
POL102933,H1983,Meena,40,Health,156801.93,,  chennai ,meena52@yahoo.com,Pending,25-08-2021,27-10-2024,719931.41,17847.93,BEN765,,,24-07-2018,,
POL100367,H1294, JOHN,119,Motor,91810.46,462257.93,Delhi,john66@ins.com,Approved,,27-02-2025,,-1853.37,BEN952,Lapsed,Invalid,10/24/2023,376722.38,
POL100024,H1218,  raj,82,Home,36623.27,89107.56,  chennai ,raj8@yahoo.com,Pending,,05-10-2019,,19234.61,,,Invalid,09-12-2016,324075.69,
POL101036,H1049,Priya ,,Home,125628.81,41393.8,Hyderabad,priya9@yahoo.com,Not Filed,16-07-2017,,-7224.05,18592.19,,,Valid,08-07-2019,,7.61
POL103907,H1408,arun,-2,Life,69691.56,,Mumbai,arun44@gmail.com,Approved,"Sep 30, 2020",06-06-2023,-1064.13,4476.81,BEN784,,,,243719.08,
POL102912,H1099, JOHN,123,Home,,,  chennai ,john96@yahoo.com,,11-03-2017,25-06-2016,-226.54,14098.05,,Active,,05/18/2016,33366.65,
POL104887,H1512,arun,49,healthh,,99144.42,Hyderabad,arun45@ins.com,,02-10-2017,10/20/2023,2736200.42,16333.09,BEN237,Active,,11-09-2024,301475.7,73.05
POL104896,H1127,  raj,,Home,189934.71,85670.61,  chennai ,raj47@yahoo.com,Not Filed,18-07-2025,12/22/2020,-2916.26,16943.7,BEN599,,,12/19/2020,141499.3,
POL101742,H1498,kumar,79,healthh,93146.88,501809.38,Hyderabad,kumar1@ins.com,,30-07-2019,13-03-2016,-5118.14,14206.27,,Expired,Valid,"Apr 25, 2017",466.74,66.63
POL101373,H1555,  raj,,Health,,795091.32,Delhi,,Rejected,08-09-2022,27-03-2018,3553271.59,11447.44,,Renewed,Valid,07-01-2024,,79.88
POL102335,H1124, JOHN,27,Travel,,,,john6@gmail.com,,18-01-2022,11-05-2024,,18335.52,,Active,,"Feb 06, 2020",204999.25,7.08
POL101129,H1962,,49,healthh,66968.46,761075.28,Delhi,user41@ins.com,Pending,30-06-2020,,,2195.14,,Expired,Invalid,20-04-2022,,
POL102819,H1059,Meena,47,Travel,,,  chennai ,meena15@yahoo.com,Approved,25-10-2022,15-12-2024,-3266.56,12264.11,,Expired,Valid,"Nov 02, 2024",77478.95,13.8
POL101231,H1734,Priya ,66,,34831.1,371133.04,Mumbai,priya44@ins.com,,"May 26, 2019",07-08-2016,-1695.33,11889.91,,Expired,Valid,12-11-2019,161123.34,55.54
POL104057,H1524, JOHN,66,,,205089.67,Bengaluru,john19@gmail.com,Rejected,13-11-2024,,684876.73,2848.37,BEN393,Active,,"Apr 27, 2021",,
POL102032,H1712,Meena,77,healthh,,177058.22,Chennai,meena67@gmail.com,,06-12-2023,06/30/2024,-7390.75,18472.59,,Renewed,Valid,"Sep 06, 2022",352496.48,47.21
POL104156,H1591,arun,45,Motor,21892.87,309731.79,Hyderabad,arun35@yahoo.com,,"Oct 17, 2021",17-10-2020,114258.78,9050.04,,Active,,08-09-2021,380939.67,91.5
POL104144,H1444,,64,Life,131181.88,392897.37,Hyderabad,user13@ins.com,,12/25/2019,,,1214.57,,Lapsed,Valid,17-03-2017,118999.28,68.52
POL100213,H1958,arun,42,Motor,,436221.57,  chennai ,arun89@gmail.com,Approved,,,,9399.76,,Renewed,,30-03-2016,,
POL104245,H1300,  raj,96,Health,38444.4,,Chennai,raj85@gmail.com,,07-03-2025,"Feb 10, 2016",962114.99,11336.78,,Renewed,Valid,,,84.3
POL101843,H1061,  raj,18,,94986.48,462171.23,,raj3@yahoo.com,Approved,24-03-2024,19-01-2016,,-860.47,,Expired,,20-02-2022,172660.62,
POL101417,H1106,Meena,,Life,62381.84,230592.92,Bengaluru,meena20@yahoo.com,,14-10-2018,24-05-2020,-2490.41,9375.68,,Renewed,Invalid,06-01-2018,311073.56,34.82
POL100279,H1432,Meena,,Life,,460766.25,Hyderabad,meena33@gmail.com,Not Filed,04/15/2017,"Apr 06, 2024",1451967.45,-417.33,,Renewed,Invalid,01-11-2018,,1.28
POL101686,H1603,  raj,46,lifee,54121.46,361351.71,Mumbai,raj86@yahoo.com,Not Filed,"Jun 23, 2016",,-4580.01,19615.33,,Lapsed,Invalid,08-02-2022,,94.21
POL104359,H1837,Priya ,11,lifee,41714.4,,  chennai ,priya30@gmail.com,Not Filed,"Mar 29, 2021",,2617649.74,18863.36,,,Valid,01-07-2016,,3.32
POL100521,H1968,,90,Motor,23293.37,,Delhi,user94@ins.com,,07-01-2022,"Aug 22, 2024",1917492.11,16987.85,,,Valid,26-05-2016,292312.03,
POL102374,H1187,  raj,80,Motor,150670.67,202065.1,  chennai ,raj48@gmail.com,,"Mar 14, 2020",07-12-2025,,2142.47,BEN955,Active,,08-06-2021,95586.82,72.76
POL103172,H1103,Meena,121,Health,65687.25,465793.7,Mumbai,meena43@gmail.com,Rejected,"Apr 28, 2024","Aug 30, 2021",3297439.76,8579.09,BEN986,,,14-08-2023,111995.33,0.81
POL100209,H1119, JOHN,69,Travel,,97574.87,Mumbai,john26@ins.com,Approved,,"Apr 06, 2019",-423.76,6677.32,,,Valid,12-02-2018,159023.2,36.96
POL101626,H1784,,52,Home,,717913.14,,user66@gmail.com,Rejected,,"May 22, 2020",,894.18,,Lapsed,,,239317.49,
POL104007,H1551,Priya ,119,Motor,,399778.89,  chennai ,priya24@yahoo.com,Rejected,02-05-2017,04-07-2023,1792743.66,13829.25,BEN927,,Invalid,24-02-2020,36100.27,
POL101203,H1777,kumar,34,Travel,55530.83,,  chennai ,kumar43@ins.com,Pending,11/15/2023,12-04-2017,,16746.19,,Expired,Invalid,02/21/2025,,
POL100023,H1075,Meena,8,Home,25195,303158.83,Mumbai,meena57@gmail.com,,"Oct 22, 2019",03/22/2024,-9397.7,183.14,BEN881,,Invalid,01/18/2020,,
POL102073,H1056,arun,,,-4330.03,218111.47,Delhi,arun87@ins.com,Rejected,"Jan 13, 2025","Feb 29, 2020",-267.65,-585.4,,Active,Valid,04-06-2016,227306.08,
POL103322,H1932,Meena,42,,4751.03,52285.35,  chennai ,meena50@gmail.com,Pending,08-08-2024,25-11-2020,,14184.5,,Lapsed,Invalid,01/17/2020,171023.18,
POL101028,H1169,,,Travel,107299.85,,Mumbai,user5@gmail.com,,18-11-2021,"Oct 28, 2018",1313914,7092.49,,,,"Apr 24, 2018",377492.06,
POL101545,H1867,Priya ,,Life,61644.53,244532.74,Hyderabad,priya52@gmail.com,Approved,,02-11-2016,2518479.25,3848.95,BEN713,Lapsed,Invalid,,115571.84,71.75
POL104469,H1445,,63,lifee,62722.8,,Mumbai,user56@yahoo.com,Rejected,17-06-2023,"Dec 06, 2017",,17774.34,,,,21-08-2016,226240.32,
POL101989,H1142,arun,20,lifee,21.25,663430.36,Bengaluru,arun68@yahoo.com,Approved,11-05-2021,"Feb 09, 2025",-3278.53,1199.92,,Lapsed,Valid,"Mar 14, 2020",226566.71,92.55
POL102125,H1244,  raj,,healthh,,323686.09,Chennai,raj77@yahoo.com,Pending,,"Oct 30, 2019",-4313.47,2020.62,,,,"May 25, 2023",,
POL104268,H1261,arun,,,-2056.22,137600.37,Mumbai,arun60@ins.com,,03-06-2023,"May 22, 2022",,6545.34,,,Valid,06/19/2020,337887.11,
POL100021,H1737,kumar,48,,,110798.2,Mumbai,kumar61@yahoo.com,,09/25/2023,"May 10, 2025",4983325.75,13462.81,,Lapsed,Invalid,25-02-2023,288513.73,
POL100671,H1706, JOHN,69,Travel,24578.45,43584.68,Hyderabad,john97@gmail.com,Approved,10/21/2016,06-08-2021,-7536.9,5354.87,,Expired,,,74374.96,
POL101622,H1117,Priya ,,Life,49640.12,463479.53,,priya24@ins.com,Rejected,10-11-2016,"Nov 30, 2018",-5630.95,11705.84,BEN278,Expired,,04/14/2016,,
POL104238,H1633, JOHN,29,lifee,104363.14,291946.62,  chennai ,john60@yahoo.com,Rejected,15-09-2018,16-01-2024,1536913.05,9781.43,BEN482,Expired,,02/24/2021,148715.06,
POL100322,H1771, JOHN,,healthh,,218391.99,Hyderabad,john@gmail,,28-03-2025,14-02-2024,,5122.12,,,,22-12-2024,60202.51,93.38
POL103578,H1100,kumar,20,Home,60544.64,495834.44,,kumar19@gmail.com,Approved,,24-02-2019,,-82.31,BEN297,Lapsed,,10-09-2024,217390.04,
POL103904,H1232,Priya ,,lifee,116067.72,475693.54,Delhi,priya43@ins.com,,04-02-2021,"Jan 28, 2021",-6842.16,11569.38,BEN659,Renewed,,,,
POL100111,H1942, JOHN,,Home,84363.23,,Mumbai,john42@gmail.com,,"Sep 05, 2024",,,18095.52,,Renewed,,03-11-2023,,6.56
POL100660,H1333, JOHN,,Motor,,425173.93,  chennai ,john43@yahoo.com,Rejected,09-11-2021,28-07-2022,-1711.01,-760.15,BEN858,Renewed,Invalid,03-03-2023,,92.93
POL101126,H1076, JOHN,16,Motor,28918.86,33687.51,Chennai,john33@yahoo.com,Approved,,04/16/2018,-8082.55,2335.29,,,Valid,08-03-2020,,32.87
POL100020,H1445,Priya ,52,,82660.59,,Delhi,priya60@yahoo.com,,"Aug 23, 2021",08/29/2016,,8726.1,,Lapsed,,,280473.5,
POL102382,H1701,,25,Home,39647,263604.76,Bengaluru,user99@yahoo.com,Pending,17-09-2024,05-08-2016,-8067.17,15069.86,,Lapsed,Invalid,,75092.38,
POL100971,H1124,kumar,26,Travel,164836.35,58184.24,Bengaluru,kumar25@gmail.com,,,,377282.17,4026.13,BEN956,Expired,Invalid,,,65.86
POL100994,H1626,arun,73,,178279.59,36942.85,Mumbai,arun30@yahoo.com,,25-02-2017,,-801.35,11406.81,BEN215,Lapsed,Invalid,31-07-2024,,17.33
POL101460,H1133, JOHN,63,Motor,67038.51,510547.53,  chennai ,john76@yahoo.com,,03-12-2024,"Jun 27, 2022",,7639.49,BEN520,Expired,,25-03-2017,,30.4
POL101646,H1863,kumar,89,Life,-1033.67,599072.85,Mumbai,kumar61@yahoo.com,Pending,,04/29/2023,-5489.71,15974.94,,,,10-05-2016,201167.97,
POL104409,H1088,arun,,lifee,,312972.88,Chennai,arun45@ins.com,Not Filed,02-06-2018,14-12-2022,,11840.4,,Expired,,,390813.88,
POL101361,H1363,,110,Motor,99604.19,9708.73,Delhi,user82@yahoo.com,,,,,6144.45,BEN745,Renewed,,12-04-2023,373517.09,35.69
POL104393,H1365, JOHN,,Health,,121680.77,,john78@ins.com,Approved,"Oct 20, 2019",22-08-2019,-4436.19,7592.9,,Renewed,Invalid,21-02-2019,163701.73,43.52
POL104823,H1224,kumar,,Travel,9453.52,363304.19,  chennai ,kumar92@yahoo.com,Rejected,06-07-2021,12/30/2017,,19861.69,BEN530,Active,Valid,07/25/2019,344294.01,1.08
POL103719,H1872,arun,,Home,33164.37,,  chennai ,arun71@yahoo.com,Approved,23-10-2023,07-08-2025,,5340.42,,,Valid,03-06-2024,129514.77,
POL101094,H1360,Meena,,Health,51025.07,102953.98,  chennai ,meena58@yahoo.com,Not Filed,"Dec 29, 2018",12/26/2024,1891914.21,4245.18,BEN825,Expired,Invalid,,178950.95,
POL102051,H1154,  raj,43,Travel,76366.93,347707.53,Chennai,raj10@yahoo.com,Not Filed,01/14/2020,15-07-2025,-1408.11,654.44,BEN164,Lapsed,,,,
POL101103,H1573,kumar,30,Travel,23425.18,444187.71,,kumar53@gmail.com,Rejected,,09/25/2024,2504073.32,15318.92,,Renewed,,"Mar 15, 2023",265036.94,82.57
POL102816,H1237,Meena,96,Health,107554.74,491985.28,Mumbai,meena41@gmail.com,Not Filed,27-04-2019,09-11-2023,2215401.03,12006.54,BEN490,,Valid,,,
POL100577,H1593, JOHN,65,Life,,473264.5,  chennai ,john75@gmail.com,Pending,29-02-2020,01-12-2016,-13.6,17034.05,,,,"Sep 03, 2019",,32.69
POL104399,H1705,Priya ,49,Motor,9347.56,,Hyderabad,priya64@gmail.com,,26-04-2019,14-02-2018,,4001.04,,Expired,Invalid,"Aug 23, 2024",,41.01
POL101137,H1881, JOHN,108,Health,16542.53,,  chennai ,john28@ins.com,Approved,09/29/2017,,,17748.64,,Renewed,Invalid,20-03-2025,21535.27,73.2
POL102845,H1272,Priya ,66,,,,  chennai ,priya@gmail,,"Jun 16, 2024","Jun 07, 2017",3583108.82,3559.82,,Renewed,Invalid,"Jun 28, 2016",210759.61,
POL103944,H1937,,0,Home,,,Hyderabad,user15@yahoo.com,Not Filed,07/23/2016,08/25/2022,,9112.69,,Lapsed,,,,25.18
POL104739,H1388,  raj,26,Life,80003.63,124667.2,Bengaluru,raj60@gmail.com,Pending,,"Aug 23, 2018",,1774.98,BEN635,Expired,Valid,13-03-2023,188328.75,8.52
POL102193,H1816, JOHN,42,healthh,92747.98,75669.41,Chennai,,Approved,25-01-2020,08/22/2021,,7156.39,BEN860,,,29-01-2024,,20.12
POL103647,H1894,  raj,,Travel,,,,raj87@yahoo.com,Pending,,,-4296.32,2195.41,,Active,Invalid,14-06-2025,,
POL102633,H1970, JOHN,112,lifee,-1445.32,297931.03,Bengaluru,john80@ins.com,,02-01-2020,,-3746.43,12617.24,,Active,,06/26/2023,200299.02,41.36
POL104473,H1660,Meena,84,Home,46086.28,93063.96,Bengaluru,meena44@yahoo.com,Not Filed,,"Sep 15, 2020",-2152.45,12983.51,,Lapsed,,03-03-2017,,17.2
POL102919,H1463,,107,,,21330.41,Chennai,user83@yahoo.com,Rejected,10-09-2020,11/20/2023,-1512.77,17032.24,,Active,Invalid,27-12-2021,81006.21,
POL100039,H1576,arun,45,Home,,,Bengaluru,arun79@yahoo.com,,13-05-2022,,,3818.25,,,Invalid,04-04-2017,,
POL103997,H1230,Priya ,65,Health,53494.4,,,priya51@gmail.com,,,18-08-2021,,2754.53,BEN682,,Invalid,13-01-2016,161947.58,
POL101939,H1856, JOHN,51,Home,9567.62,,,john38@ins.com,Not Filed,08-10-2018,11-11-2022,,3111.97,,Renewed,Invalid,12-02-2024,,86.24
POL103335,H1804,  raj,47,Motor,85110.43,,  chennai ,raj1@yahoo.com,Rejected,,"Apr 04, 2018",-5194.2,1703.47,BEN148,,Invalid,05-01-2024,,2.76
POL102030,H1466,kumar,75,Health,37470.62,54209.49,Delhi,kumar57@ins.com,,"Nov 23, 2021",07/18/2019,813147.33,-834.35,,Active,,"Jun 21, 2021",,
POL103899,H1638,kumar,50,Health,27095.09,246257.05,  chennai ,kumar@gmail,Pending,26-04-2020,07-09-2023,3140042.75,14356.63,,Active,Invalid,05-08-2024,397359.1,
POL100236,H1502,,57,Motor,68604.07,407685.85,Bengaluru,user12@gmail.com,Rejected,,03-06-2018,,9293.51,,Expired,Invalid,"Aug 06, 2024",,29.07
POL102940,H1194,,20,healthh,143153.08,,Delhi,user33@ins.com,,,11/29/2018,4867385.26,19401.89,,Renewed,,,,
POL100894,H1926,Priya ,70,Home,,62497.2,Delhi,priya9@gmail.com,Pending,22-06-2023,16-03-2023,,7895.17,BEN645,,Valid,08-01-2022,246655.56,36.06
POL103152,H1284,  raj,,lifee,134810.9,726270.82,Delhi,raj80@ins.com,Rejected,16-08-2019,22-03-2016,3244921.46,334,,Renewed,,"Mar 27, 2016",126520.34,
POL103923,H1432,,65,Travel,,,Hyderabad,user46@ins.com,Rejected,06-05-2022,30-01-2017,,1652.15,,Renewed,Invalid,,191800.08,
POL102147,H1499,,79,lifee,78947.22,,Hyderabad,user8@yahoo.com,,"Sep 10, 2018",07-06-2018,2896591.28,16876.59,BEN948,Active,Valid,16-01-2024,331395.99,
POL101922,H1492,Priya ,36,Motor,88248.72,248858.49,Bengaluru,priya12@yahoo.com,Rejected,01/26/2017,07-02-2018,,4754.91,,Expired,,07-03-2023,,26.67
POL100456,H1619,Meena,42,Health,,,  chennai ,meena2@gmail.com,Rejected,12-12-2017,01-09-2021,-9711.79,14772.22,,Renewed,Invalid,"Mar 25, 2018",,59.38
POL103347,H1051,kumar,40,,18676.11,265462.28,  chennai ,kumar69@ins.com,Pending,"Mar 31, 2024",29-07-2019,,5882.18,BEN439,,,05-12-2016,300062.94,0.63
POL100922,H1020,kumar,22,,,,,kumar7@ins.com,,08-06-2016,01-05-2022,2815333.57,19856.34,,Renewed,,24-09-2023,,11.79
POL103860,H1766,Meena,,,72017.85,793621.37,Chennai,meena64@ins.com,Approved,,29-01-2019,4673184.61,6299.27,BEN750,Lapsed,Invalid,"Apr 13, 2020",,29.12
POL103634,H1444, JOHN,32,,51078.44,,Hyderabad,john11@ins.com,Pending,,22-04-2023,237061.79,11513.73,,Lapsed,Invalid,"Nov 20, 2018",188367.85,
POL103966,H1353,,33,Motor,,19533.61,Delhi,user79@ins.com,Approved,,04/29/2018,-1548.52,6586.13,BEN685,Active,,02-07-2019,,
POL101631,H1871,Meena,,Health,,,Chennai,meena34@gmail.com,,"Mar 28, 2025",,592906.41,2520.89,,Lapsed,Invalid,,138435.55,20.04
POL102835,H1146,Priya ,13,lifee,191889.28,365906.84,Bengaluru,priya76@gmail.com,Approved,20-01-2020,"Nov 04, 2021",-4431.14,7654.27,BEN562,Lapsed,Invalid,07-01-2019,168265.95,
POL103177,H1659, JOHN,48,,32101.99,,Mumbai,john35@ins.com,Approved,,15-07-2025,4956899.74,16258.34,,,,04/16/2023,,16.71
POL100261,H1140,,6,Home,51556.01,155594.12,  chennai ,user78@gmail.com,Rejected,06/21/2016,14-10-2017,,-739.01,,Active,,01/23/2018,,
POL101862,H1769,Meena,46,Life,,60329.45,Bengaluru,meena41@yahoo.com,Rejected,21-01-2021,30-08-2024,,9210.16,BEN976,Expired,,05/19/2017,,
POL100977,H1297,Meena,84,Life,1155.06,356597.24,Mumbai,meena87@ins.com,Not Filed,25-01-2021,"Oct 30, 2022",,11843.07,BEN434,Expired,,01/24/2017,,1.83
POL102323,H1693,  raj,46,Motor,130344.72,7868.27,Delhi,raj38@gmail.com,,12-01-2016,13-07-2016,3921138.61,1059.87,,,,"Dec 12, 2022",,86.85
POL104074,H1835,  raj,,Travel,13396.8,532864.43,Hyderabad,raj20@gmail.com,Rejected,06-02-2019,"Feb 15, 2017",-5688.46,12988.94,,Renewed,,"Jan 04, 2018",197471.88,59.33
POL102078,H1214,Meena,,Health,12028.91,776476.17,Mumbai,meena50@yahoo.com,,12-05-2017,"Oct 22, 2020",-8308.91,17121.71,,Expired,,,129837.8,
POL101377,H1420,  raj,,Motor,174190,,Bengaluru,raj@gmail,,21-06-2025,07-06-2020,1138817.64,1391.55,,,,"Mar 15, 2021",,68.32
POL100808,H1978,kumar,41,,,-2238.54,Bengaluru,kumar35@ins.com,Not Filed,28-04-2020,,,2227.83,BEN837,Active,,12-01-2022,,
POL100569,H1871,arun,,Motor,27946.85,,Hyderabad,arun48@gmail.com,Approved,,22-07-2020,-9743.07,-969.91,,Renewed,Valid,25-05-2019,336847.51,56.34
POL101364,H1891,,,Motor,52029.67,,Bengaluru,user75@gmail.com,Approved,"Jun 12, 2023",03-08-2021,,180.39,BEN720,Lapsed,,,,
POL100331,H1765, JOHN,31,healthh,83009.16,717805.22,Mumbai,john33@yahoo.com,Not Filed,06/25/2017,,-3549.02,5749.57,BEN130,Expired,,"Sep 12, 2024",316358.55,
POL104335,H1435,  raj,76,Life,,378700.51,  chennai ,raj44@yahoo.com,,"Feb 10, 2023",07-11-2023,,3829.02,,Active,Valid,01-02-2023,,
POL102904,H1005, JOHN,78,Health,21728.07,1726.25,Chennai,john66@gmail.com,,03-08-2023,,3845312.36,3936.64,,,,09-06-2019,37163.26,63.88
POL100781,H1795,Meena,22,,175060,,Mumbai,meena81@gmail.com,Rejected,"Jul 15, 2019",,1495016.51,10639.11,BEN400,Expired,,"Jun 13, 2017",,
POL103281,H1330,,,Home,85676.84,,Bengaluru,user4@yahoo.com,,,15-11-2019,-120.94,17565.07,,Active,Valid,09/26/2016,248883.57,
POL101463,H1950,kumar,70,Health,,202937.5,Mumbai,kumar49@yahoo.com,Not Filed,,31-05-2022,,14701.24,,,,01/30/2024,183268.29,
POL102314,H1557, JOHN,,Home,,171131.58,Delhi,john62@ins.com,,06-05-2018,06-12-2016,,5842.43,BEN244,Expired,,13-08-2021,266726.22,42.31
POL104691,H1024,arun,69,Health,76275.67,11338.23,Hyderabad,arun48@yahoo.com,,"Jan 14, 2019","Oct 04, 2023",672717.48,8140.69,,,,04-06-2019,,
POL100979,H1209,Meena,73,Motor,56245.31,85045.06,Mumbai,meena55@yahoo.com,Not Filed,,"Oct 06, 2024",,2539.51,,Lapsed,,12/19/2018,,38.95
POL102496,H1891,arun,-4,Home,,322735.38,Hyderabad,arun88@ins.com,Not Filed,10-12-2024,,-6342.01,8268.44,,Expired,Invalid,"Jul 09, 2022",212214.18,
POL102023,H1644,,17,Life,88784.23,446768.16,Chennai,user76@gmail.com,Rejected,,,,6181.37,,,Invalid,02-08-2024,,
POL101825,H1450,kumar,,Health,45259.53,687026.19,Bengaluru,kumar3@ins.com,Rejected,01-08-2019,01/23/2025,3060916.11,8933.01,,Lapsed,,08/27/2020,218025.27,56.82
POL100445,H1155,Priya ,33,healthh,27447.49,,Chennai,priya57@ins.com,Approved,24-10-2023,"Apr 16, 2021",,10895.86,,Renewed,Invalid,"Nov 04, 2024",357595.22,94.66
POL104917,H1852,,,Home,,184833.91,  chennai ,user95@ins.com,Not Filed,04-10-2024,,,-171.92,BEN916,Expired,,"Dec 08, 2023",,
POL101998,H1023,  raj,19,,73964.89,338656.15,Bengaluru,raj60@yahoo.com,Rejected,14-05-2025,07/13/2018,-323.12,11590.19,BEN167,,,04/22/2021,,12.25
POL103817,H1666,kumar,,Home,45094.11,,  chennai ,kumar18@yahoo.com,Not Filed,12-01-2018,24-08-2018,105041.4,12427.37,,Renewed,Valid,03-11-2016,368754.45,
POL103399,H1151,kumar,23,Health,189639.38,436121.02,Delhi,kumar83@ins.com,Pending,20-05-2024,,563752.53,12631.91,BEN921,,Valid,,1696.27,
POL101698,H1090,arun,,,44705.49,480913.7,,arun10@yahoo.com,Approved,,30-04-2025,1826469.99,17962.35,,,Invalid,24-01-2017,,69.22
POL101518,H1955, JOHN,,Health,99344.54,133171.01,Hyderabad,john47@yahoo.com,Pending,10-06-2016,10/17/2020,304943.24,7214.26,,Expired,Invalid,02/14/2018,146393.25,40.18
POL101882,H1254,  raj,,lifee,68735.77,,,,Not Filed,"Mar 06, 2023","Oct 05, 2017",-7413.11,7866.1,BEN814,Active,Valid,10-03-2020,,
POL100024,H1418,kumar,115,Travel,54061.5,52299.71,  chennai ,kumar26@gmail.com,Approved,,31-12-2022,,-428.98,,,,"Feb 14, 2018",49741.46,69.97
POL104951,H1612,,,,69673.51,374171.47,Chennai,user53@ins.com,,03-02-2024,06-10-2024,,5102.5,,Active,Invalid,15-10-2018,,
POL100439,H1780,  raj,,lifee,14704.49,331438.38,  chennai ,raj93@gmail.com,Approved,,13-01-2022,4745517.61,18280.48,,Expired,Valid,"Feb 10, 2023",152013.74,
POL100626,H1274,arun,,healthh,57172.76,360448.26,Mumbai,arun64@gmail.com,Pending,13-05-2020,"May 26, 2020",,3579.66,BEN545,,Valid,26-08-2019,249099.74,
POL100346,H1099,,79,lifee,12583.55,,,user95@gmail.com,Pending,06-07-2025,25-10-2018,,15723.57,,Expired,Valid,29-01-2020,,
POL100528,H1488,,,Life,64690.99,26700.17,Delhi,user78@ins.com,,04-04-2020,,2925175.95,4286.82,BEN286,,,03/15/2018,,40.29
POL100040,H1980,,20,lifee,96974.96,222153.08,Bengaluru,user11@gmail.com,Not Filed,"Apr 10, 2025",23-11-2024,,13662.72,,,Valid,23-06-2017,,30.13
POL102115,H1180,,,Motor,3873.85,,Delhi,user46@gmail.com,Rejected,,06-05-2019,-1846.25,3655.4,,Lapsed,Valid,06/24/2019,395382.36,75.23
POL104880,H1601,,94,Health,,140947.9,Delhi,user51@gmail.com,,28-05-2017,22-07-2021,-9363.56,1968.85,,,,08/29/2016,358140.11,
POL101234,H1243,Meena,61,lifee,,,,meena52@yahoo.com,Not Filed,,03-12-2016,-7917.13,12325.8,,,Invalid,"Aug 30, 2019",,57.92
POL104257,H1794,  raj,32,,97024.88,424278.05,Mumbai,raj70@yahoo.com,Pending,06/29/2024,"Sep 11, 2018",-9724.52,-1960.68,BEN795,,Invalid,18-09-2024,117050.87,9.71
POL101890,H1897, JOHN,,,4462.32,152283.17,Bengaluru,john22@gmail.com,Rejected,05-03-2019,,830214.51,2751.83,BEN339,,,06-09-2016,346445.02,
POL102530,H1241,arun,,Life,103390.12,615989.16,,arun@gmail,Approved,17-10-2020,30-03-2022,1859930.48,3179.99,BEN746,,Valid,05-12-2017,293391.72,54.47
POL104251,H1102,kumar,80,Health,,,Hyderabad,kumar62@gmail.com,Approved,03/19/2021,17-01-2024,,161.34,BEN903,Lapsed,,,317740.44,
POL100715,H1167,Meena,104,Life,74788.8,,  chennai ,meena35@ins.com,Pending,,17-05-2021,-6666.6,6642.08,,,Invalid,23-11-2017,,96.7
POL100686,H1771,  raj,33,,45946.26,472535.48,,raj6@gmail.com,Approved,,01/22/2016,,18741.66,,Renewed,,04/18/2017,,5.07
POL100033,H1741,  raj,96,healthh,-2146.68,291711.46,Hyderabad,raj48@ins.com,,29-06-2019,"Oct 13, 2018",-1157.65,5216.14,BEN724,,Valid,"Jun 01, 2022",363755.06,
POL103943,H1585, JOHN,107,lifee,6502.47,,Delhi,john38@ins.com,,30-12-2022,23-11-2023,-7754.79,-1663.2,,,Valid,22-05-2023,,
POL101529,H1650,  raj,62,Life,177892.5,589785.78,Chennai,raj58@gmail.com,,,01-02-2017,3940461.11,18892.62,,,,10/14/2024,,20.04
POL100983,H1134,Priya ,65,lifee,76932.64,,Chennai,priya73@gmail.com,Not Filed,08/26/2022,"Nov 20, 2017",,353.44,,,Invalid,30-06-2019,283456.48,
POL100838,H1917,  raj,70,healthh,,,Chennai,raj89@ins.com,,"Aug 03, 2019","Jun 22, 2021",,4828.31,,Lapsed,Invalid,"Aug 04, 2020",267924.22,
POL101656,H1933,  raj,,Life,,45706.22,,raj49@yahoo.com,Approved,,23-02-2017,1920741.11,15301.75,,Active,Valid,"Aug 30, 2023",,
POL103613,H1732,Priya ,,Motor,135435.4,50650.77,Delhi,priya23@yahoo.com,Not Filed,21-10-2023,,-8313.24,-1280.63,,Active,,25-11-2024,156294.6,
POL101391,H1816,Meena,,,5327.05,74916.86,Mumbai,meena85@yahoo.com,,"Mar 03, 2020",20-04-2021,-4725.98,1825.07,,Active,,,378973.58,1.13
POL101037,H1390,  raj,31,Travel,7371.88,639196.75,  chennai ,raj94@yahoo.com,,,07/25/2022,4851837.55,19999.75,,Lapsed,,"Jul 30, 2021",1892.75,
POL103434,H1555,  raj,24,Travel,79833.19,268979.25,Chennai,raj81@yahoo.com,Approved,04/27/2024,28-12-2017,,3417.67,BEN780,Lapsed,Invalid,05/29/2018,183464.92,
POL101259,H1284,Meena,,Life,85709.08,582337.03,Delhi,meena@gmail,Approved,,18-08-2017,,9023.56,,Expired,,19-03-2021,,
POL103349,H1080,,20,Health,,119448.9,,user97@gmail.com,Rejected,15-07-2025,,-3383.22,2668.21,,Renewed,,30-06-2020,141434.14,93.77
POL104574,H1207,  raj,,,82779.66,,Mumbai,raj21@ins.com,Not Filed,"May 28, 2018","Mar 25, 2020",-2794,10390.18,BEN606,Lapsed,Invalid,"Feb 18, 2024",,17.1
POL101872,H1071,Meena,82,Health,48406.54,209454.08,Bengaluru,meena@gmail,Approved,"Jul 26, 2023",30-08-2023,-7335.09,11406.81,,Lapsed,Valid,10-02-2022,194743.66,53.04
POL103834,H1917,kumar,,Motor,168143.85,23229.07,Delhi,kumar8@yahoo.com,Approved,08-03-2018,26-08-2016,-8719.99,-302.08,,,Valid,07-10-2023,341621.55,88.8
POL104556,H1473,kumar,87,Life,24262.65,,Bengaluru,kumar24@yahoo.com,Approved,26-03-2018,02-10-2016,-972.09,2558.54,,Active,Valid,01-10-2018,71391.72,
POL104283,H1510,Priya ,25,lifee,94655.47,395374.82,Mumbai,priya72@gmail.com,,21-09-2024,26-05-2019,-8908.54,8582.48,,Expired,Invalid,,22995.43,
POL101282,H1018,arun,111,Life,81201.43,8865.06,Bengaluru,arun35@gmail.com,Pending,08/20/2020,04-05-2022,-60.19,4201.24,,Active,Valid,24-11-2018,,
POL104601,H1240,,,,,230150.57,Bengaluru,user75@gmail.com,Approved,,"Mar 14, 2016",-3288.78,4631.45,,Expired,,21-09-2019,,93.77
POL101793,H1296,Meena,23,lifee,29380.94,,Hyderabad,meena57@yahoo.com,Pending,"Jun 30, 2020","Apr 21, 2020",,8927.41,,,Invalid,20-09-2019,,
POL104393,H1365, JOHN,,Health,,121680.77,,john78@ins.com,Approved,"Oct 20, 2019",22-08-2019,-4436.19,7592.9,,Renewed,Invalid,21-02-2019,163701.73,43.52
POL103504,H1687,Priya ,,Life,,,Hyderabad,priya25@ins.com,,07/23/2018,06-01-2019,3764834.11,18858.85,,,Valid,"Mar 18, 2024",112633.9,6.74
POL104521,H1070,  raj,38,,38271.58,,Mumbai,raj15@ins.com,Pending,05-11-2017,03-01-2020,4609237.43,16405.62,,Lapsed,,"Nov 06, 2020",,38.07
POL102343,H1571,Meena,40,Health,57044.27,361864.59,Chennai,meena33@yahoo.com,,21-08-2020,"Jul 22, 2017",,4135.55,,Active,Invalid,"Jan 06, 2019",,75.63
POL101771,H1338,  raj,,Home,,321226.36,Delhi,raj41@ins.com,Rejected,17-05-2020,16-08-2023,,12886.47,,,Invalid,,200720.37,62.35
POL102895,H1486, JOHN,41,healthh,89413.71,,  chennai ,john96@ins.com,,07-11-2018,,501921.2,12693.98,BEN882,Lapsed,Invalid,,,34.36
POL100350,H1695,kumar,47,Travel,88135.16,713440.65,Chennai,,Rejected,14-07-2024,06-02-2023,4241669.17,11343.73,BEN960,Expired,,22-05-2021,279490.29,
POL104256,H1280,,,lifee,94467.99,,  chennai ,user9@yahoo.com,Pending,,21-08-2020,-14.93,-175.69,,Expired,,20-03-2016,213934.29,67.72
POL102786,H1286,Priya ,49,lifee,12157.11,495633.84,Chennai,priya76@yahoo.com,,,09/26/2024,-3712.93,1557.3,,Renewed,Invalid,08/31/2017,220277.3,
POL102225,H1193,,33,Motor,97622.1,,Mumbai,user75@gmail.com,Pending,,"Oct 22, 2024",570642.97,19622.02,BEN209,Expired,Invalid,,119392.29,
POL103286,H1514,Priya ,,Home,97027.65,201613.71,Chennai,priya43@gmail.com,Pending,12/27/2016,12/27/2019,,15423.4,,Lapsed,Invalid,17-07-2018,340561.21,40.11
POL103133,H1139,  raj,27,healthh,,,Chennai,raj42@ins.com,,,09-08-2023,-907.27,7949.17,,Lapsed,,,,29.28
POL102433,H1236,Priya ,,lifee,,475600.55,Hyderabad,priya47@ins.com,Approved,"Feb 15, 2021",05/14/2024,-3837.21,7216.22,,,,04-07-2019,,
POL104687,H1184,,121,Health,126615.01,267299.28,  chennai ,user70@yahoo.com,Approved,,04-06-2023,4021851.44,11601.62,BEN277,Renewed,,22-04-2022,,
POL100849,H1805, JOHN,63,healthh,124146.12,168746.62,Hyderabad,john85@gmail.com,Not Filed,09/16/2019,,-756.88,4396.01,,Renewed,Invalid,04-01-2018,120306.42,99.68
POL103265,H1683, JOHN,92,Travel,,,  chennai ,,Approved,05/28/2022,07-02-2023,3466719.77,12300.62,BEN271,Active,,29-06-2016,,11.37
POL104049,H1570,kumar,,,38623.37,,Hyderabad,kumar6@ins.com,,"Feb 19, 2025",,-900.49,12050.25,,Active,Invalid,21-10-2016,,33.52
POL100898,H1961,arun,32,Home,,497924.7,Chennai,arun81@yahoo.com,Not Filed,28-07-2024,"Nov 12, 2024",,15408.49,BEN951,Lapsed,Valid,"Dec 17, 2024",313270.26,88.64
POL102230,H1940,arun,,Motor,,283951.24,Delhi,arun94@ins.com,Not Filed,21-03-2018,25-11-2019,977343.95,16507.19,BEN893,Expired,Invalid,"Sep 02, 2024",,64.22
POL101354,H1073,,,lifee,,,Chennai,user46@gmail.com,,"Mar 04, 2025","Dec 02, 2019",-7889.44,19290.93,,Lapsed,Invalid,03-08-2020,162515.25,
POL102611,H1787,  raj,,Life,,683772.02,Delhi,raj71@ins.com,Pending,28-11-2024,,1980428.38,19672.16,,Renewed,Invalid,05-07-2017,365658.34,65.69
POL103925,H1530, JOHN,,Motor,,310706.77,  chennai ,john@gmail,Approved,06-02-2025,09-06-2021,3241952.12,14651.84,BEN638,,,,26924.31,57.75
POL101482,H1907,  raj,,healthh,,,Hyderabad,,Not Filed,01-03-2019,,,11505.31,BEN142,Lapsed,,10-05-2020,5212.28,
POL102674,H1123,Meena,125,Health,,115754.78,Chennai,meena83@yahoo.com,Approved,23-08-2021,26-01-2017,-3999.6,17343.2,BEN406,,,05-11-2025,,21.79
POL104203,H1957,Priya ,57,lifee,165326.91,330541.55,Hyderabad,priya84@ins.com,Rejected,,14-10-2017,,6597.96,BEN158,Expired,Valid,,,
POL104301,H1068,,35,Motor,-1183.94,,Hyderabad,user45@ins.com,,12-06-2022,02/16/2021,,2648.67,,Active,,"Mar 23, 2019",204207.29,17.54
POL102560,H1032,Meena,,Motor,36993.9,178015.8,  chennai ,meena97@ins.com,Rejected,31-05-2020,,,12478.6,,Expired,Valid,07/18/2022,,71.82
POL104372,H1004,Meena,46,Travel,141951.23,251989.34,  chennai ,meena68@yahoo.com,Not Filed,"Aug 19, 2023",19-01-2022,,14447.29,BEN152,,Valid,,,44.97
POL104753,H1375,,40,Travel,,308494.24,Delhi,,Rejected,17-04-2018,02-10-2024,1099015.74,17265.58,,Active,Invalid,04-01-2022,123368.21,18.99
POL100437,H1411,arun,36,Travel,122461.57,355086.21,Delhi,arun95@gmail.com,Not Filed,19-08-2020,"Aug 05, 2019",,15967.94,,,Valid,"Jul 28, 2021",16719.74,
POL104182,H1030,  raj,,healthh,75538.28,214903.1,  chennai ,raj23@ins.com,,07-11-2023,"Apr 17, 2017",4673748.6,2733.87,,Expired,,,,66.78
POL103952,H1412,kumar,,Motor,,111049.29,Bengaluru,kumar82@gmail.com,,02-10-2020,21-05-2016,-6478.28,543.76,,Renewed,,11-06-2018,,17.69
POL100601,H1725,  raj,88,Health,4869.62,765701.06,  chennai ,raj75@ins.com,Approved,05-07-2017,12/20/2019,,7424.98,,,,05-02-2019,28803.46,
POL101332,H1238,  raj,,Travel,69784.33,,Delhi,raj4@ins.com,,28-09-2019,,,-804.91,,,,14-10-2022,,96.69
POL100940,H1546,  raj,-1,Home,,360497.49,Delhi,,Approved,"Dec 29, 2016",06/26/2022,,4335.65,,Renewed,Invalid,12-10-2016,,
POL102422,H1066,arun,110,healthh,129595.68,,,arun7@gmail.com,Rejected,,11-09-2024,-203.85,14769.18,,Lapsed,,09/30/2023,266300.25,34.12
POL102956,H1711,arun,-3,lifee,104076.53,318540.09,Chennai,arun62@yahoo.com,Approved,"Oct 10, 2016","Apr 06, 2025",,18202.34,,Expired,Invalid,08-04-2016,395496.35,
POL100591,H1902,  raj,76,Motor,,2922.18,Delhi,raj60@gmail.com,Rejected,,07/23/2018,4859001.35,8052.2,BEN823,,Invalid,"Apr 30, 2024",,
POL104972,H1621,kumar,26,Travel,,,Hyderabad,kumar43@gmail.com,Not Filed,13-01-2016,25-08-2017,-6704.31,9534.11,BEN982,Expired,,07/18/2016,319123.93,8.21
POL101902,H1196,,,lifee,12730.88,25782.3,,user1@yahoo.com,Pending,22-02-2025,"May 03, 2022",,16355.06,BEN601,Active,,23-02-2016,132673.33,
POL102564,H1068, JOHN,60,,195288.88,,Hyderabad,john81@gmail.com,Pending,01-03-2020,,,299.04,,Expired,,12/21/2021,120641.26,92.02
POL103666,H1439,kumar,41,Life,,773365.24,Mumbai,kumar73@yahoo.com,,,08/26/2017,-4139,16983.76,,,Invalid,08-04-2017,,
POL104246,H1269,Meena,,Home,114249.2,26409.68,  chennai ,meena8@yahoo.com,,01-11-2025,,,18909.87,,Lapsed,Invalid,"Aug 22, 2017",166326.29,
POL100932,H1348,Priya ,32,Life,47464.64,,Delhi,priya98@gmail.com,Pending,11-06-2016,07/26/2016,4013536.22,10114.27,,,,19-04-2023,,
POL100418,H1675, JOHN,77,Home,150778.19,72610.5,  chennai ,,Not Filed,19-04-2020,04-01-2023,-9856.78,-1249.49,BEN913,Expired,,08-12-2019,4685,48.38
POL101208,H1456, JOHN,21,,,,  chennai ,john45@yahoo.com,Approved,17-03-2022,05-10-2024,,13997.24,BEN295,Renewed,Valid,11-10-2018,,18.72
POL104965,H1511,  raj,15,Travel,51546.85,172495.47,,,Approved,"May 23, 2017",07-04-2021,-7351.44,5896.38,,,Valid,03-04-2019,203502.97,8.38
POL103780,H1932, JOHN,35,lifee,49785.98,,,john20@yahoo.com,,13-12-2017,12/15/2021,,-363.68,BEN853,,Valid,03-08-2019,265373.28,
POL104487,H1005,arun,114,,,,  chennai ,,Not Filed,03-02-2023,12/20/2024,,843.05,BEN207,Active,Valid,"Feb 26, 2024",,73.62
POL100241,H1427,kumar,81,lifee,,226848.68,Bengaluru,kumar88@gmail.com,,"Apr 24, 2019",01-03-2024,4421708.3,19115.67,,,,"Sep 11, 2022",,62.18
POL104438,H1629,,,Life,75425.19,,Chennai,user7@yahoo.com,,28-05-2025,18-04-2024,,12853.59,BEN658,,Valid,04/25/2017,,
POL103112,H1602,Priya ,47,lifee,26475.22,119443.13,Hyderabad,priya18@ins.com,Approved,02/15/2020,09/15/2016,3766083.89,641.94,,Active,,,,
POL102000,H1843,kumar,75,Motor,164000.26,690629.65,Mumbai,kumar71@ins.com,,"May 23, 2021","Dec 30, 2018",,4058.1,BEN636,,Valid,08-08-2022,,
POL101944,H1423,kumar,85,Motor,,215565.69,Chennai,kumar24@ins.com,Approved,"Jul 08, 2018","Apr 23, 2016",,4566.44,,,Invalid,18-09-2018,307215.43,
POL101455,H1052,  raj,49,Home,72734.27,6669.67,Bengaluru,raj61@ins.com,Not Filed,07-06-2016,,-9961.99,-1333.79,BEN701,Renewed,,,,
POL100850,H1032, JOHN,,Life,72212.73,135769.11,Mumbai,john@gmail,Not Filed,30-03-2017,06-12-2020,-141.88,14686.72,BEN680,,,"Aug 04, 2023",90910.61,90.7
POL101056,H1094, JOHN,67,Health,60954.76,456673.65,  chennai ,john@gmail,Rejected,04/25/2018,11-12-2021,-3281.57,15832.31,,Renewed,,20-04-2024,200666.53,
POL104452,H1337,  raj,,lifee,14122.13,329695.07,Hyderabad,raj8@ins.com,Pending,08/29/2020,23-05-2018,3900847.36,6984.93,,Renewed,,07/19/2017,227155.48,42.57
POL104308,H1408,arun,,,,783447.29,Bengaluru,arun40@gmail.com,Not Filed,26-11-2018,15-03-2023,,11673.28,BEN717,Renewed,Valid,11/20/2018,255130.74,43
POL100818,H1063,arun,9,lifee,,188286.46,,arun66@yahoo.com,Rejected,10-02-2016,,-2729.06,19945.02,BEN931,Expired,Valid,04-08-2022,317568.73,
POL100042,H1072, JOHN,67,Travel,1029.59,515177.72,Delhi,john65@ins.com,Rejected,,"Apr 24, 2022",3929622.91,13218.26,BEN294,,,08-12-2022,,24.89
POL102316,H1378,kumar,,Motor,61130.37,153792.02,Chennai,kumar68@gmail.com,Rejected,06/26/2018,04-08-2023,-5997.89,-761.27,,Lapsed,,09-01-2025,,
POL103423,H1671, JOHN,36,lifee,62360.93,,Bengaluru,john8@ins.com,,,"Apr 04, 2018",3437703.58,4609.98,,Lapsed,Invalid,08/15/2022,,
POL104969,H1937,kumar,67,Motor,,,Chennai,kumar66@ins.com,,22-05-2022,12/19/2024,1518656.92,18893.86,,Renewed,Valid,06/24/2023,350860.25,
POL104674,H1478, JOHN,55,lifee,96265.45,,Chennai,john55@yahoo.com,Not Filed,08/17/2024,27-08-2020,,8587.24,,Renewed,,"Feb 16, 2017",,62.68
POL102765,H1757,,73,Motor,121925.02,475754.19,Mumbai,user92@gmail.com,Not Filed,10-09-2021,23-05-2022,4268481.87,1250.66,,,,,,90.77
POL103105,H1619, JOHN,75,Travel,109329.62,281437.81,Chennai,john92@ins.com,Approved,30-08-2024,"Nov 18, 2017",-8152.68,8988.66,,Renewed,Valid,10/18/2017,,72.39
POL104712,H1401,,,healthh,,,Hyderabad,user31@ins.com,,,"Oct 12, 2020",,19201.86,,,Invalid,"Apr 22, 2019",84641.79,
POL102877,H1464, JOHN,105,Life,33971.01,300289.49,Bengaluru,john48@gmail.com,Approved,25-03-2020,04/13/2017,-134.45,7087,,Expired,,"Mar 09, 2022",211240.19,40.69
POL100879,H1045, JOHN,33,Travel,76321.2,68187.12,Bengaluru,john37@yahoo.com,,,"Jan 02, 2016",3351461.94,7453.39,,,,"Mar 21, 2023",,
POL104821,H1989,Meena,49,Health,14987.4,437399.21,Delhi,meena60@yahoo.com,Approved,11-07-2018,10-02-2023,-3925.17,16370.09,BEN660,,,"Jan 12, 2016",33842.68,
POL103917,H1293,arun,21,Health,29778.29,193249.34,Hyderabad,arun66@gmail.com,Approved,07-06-2019,02-09-2024,673524.59,180.54,,,,16-03-2024,13600.24,37
POL101228,H1004,kumar,33,Life,79711.74,160898.5,Bengaluru,kumar38@ins.com,,,09-08-2018,4011918.98,17357.2,,Active,Invalid,28-02-2019,,
POL104609,H1834, JOHN,,lifee,26900.56,272329.3,  chennai ,john65@yahoo.com,Approved,05-09-2025,"Aug 26, 2023",1764604.83,7482.21,,Renewed,,04/15/2018,310937.17,80.01
POL103631,H1639,arun,11,healthh,,,,arun55@yahoo.com,,,08-01-2022,,1241.7,,Lapsed,Invalid,"Oct 02, 2020",163016.71,
POL100451,H1750,arun,28,,,251310.43,,arun9@yahoo.com,Rejected,04/28/2023,"Sep 03, 2023",1822657.01,8993.29,,Lapsed,Invalid,09-05-2021,,69.09
POL100666,H1700,  raj,82,Health,41255.08,143744.92,Delhi,raj66@yahoo.com,Rejected,,,3634775.87,1755.32,,Renewed,,,,
POL104447,H1322,Priya ,34,lifee,197275.11,789104.88,Delhi,priya75@gmail.com,Approved,01/31/2016,,3840387.88,19008.26,,Active,Valid,18-12-2018,371082.4,81.98
POL100967,H1399,kumar,3,lifee,69586.69,697534.46,Hyderabad,kumar16@gmail.com,Pending,11/20/2023,07-02-2019,-1885.33,11471.82,,Lapsed,,07-11-2022,160257.65,1.56
POL103722,H1783,arun,,,,,  chennai ,arun37@ins.com,Pending,25-07-2023,04/19/2024,1112210.24,11908.04,,Active,,26-07-2017,,
POL100115,H1036,Meena,61,Travel,135695.21,335934.24,Delhi,meena72@ins.com,Rejected,06-07-2020,"Dec 14, 2019",-7413.48,14784.2,,Lapsed,Valid,16-12-2019,142113.36,42.05
POL103019,H1159,Meena,,lifee,1231.93,135291.28,  chennai ,meena14@gmail.com,,03-09-2016,26-07-2024,3202373.05,3408.78,BEN152,Active,,07-07-2023,,
POL103076,H1873,kumar,55,Travel,96492.42,84443.99,Delhi,kumar47@gmail.com,Rejected,,,3895973.75,14291.35,BEN570,Expired,,"Nov 26, 2019",,
POL100158,H1571,,74,Travel,38088.01,103459.4,,user90@gmail.com,Pending,,20-01-2016,2740921.69,4057.14,,,Invalid,26-06-2022,212454.97,29.57
POL104529,H1822,kumar,,Travel,23697.22,,Hyderabad,kumar78@gmail.com,,"Feb 26, 2021","Nov 26, 2023",-4927.09,13134.96,,Expired,Invalid,,91341.1,
POL101199,H1410, JOHN,26,,125797.55,640587.47,Chennai,john46@gmail.com,,"Aug 13, 2019",,-478.71,12462,,Active,,,10095.94,
POL104979,H1729,Meena,,Motor,185851.28,362205.21,Mumbai,meena37@ins.com,Not Filed,10-06-2017,23-07-2020,-3648.1,7408.17,BEN955,Active,,12-02-2019,236609.19,56.28
POL100017,H1873,,,Travel,50951.74,265584.28,,user17@yahoo.com,,07-10-2024,"Oct 08, 2017",,12140.49,,Expired,Valid,08/30/2021,,45.47
POL104670,H1159,  raj,74,Health,,12119.06,Chennai,raj53@gmail.com,,01-10-2019,,-7067.9,8119.35,,,Invalid,06/23/2021,,29.39
POL102245,H1748,kumar,124,Life,25597.38,,Delhi,kumar95@yahoo.com,,02/19/2024,07-10-2021,,17068.3,BEN597,,Valid,21-01-2025,,7.77
POL103539,H1079,Priya ,106,lifee,45532.99,401176.38,  chennai ,priya39@yahoo.com,Approved,,09/19/2018,,4807.02,,,,,,35.1
POL103057,H1888,Priya ,27,Home,84578.54,704383.17,  chennai ,priya15@ins.com,,01/14/2016,02-03-2021,-7731.24,-1163.36,,Expired,,"Oct 22, 2024",,
POL102445,H1276,,31,Travel,,352284.69,  chennai ,user70@gmail.com,,16-07-2020,01-08-2021,4393783.76,9550.54,BEN141,,Invalid,07/30/2019,329305.22,0.92
POL101865,H1450,,,,73786.04,,Delhi,user29@ins.com,Pending,01-05-2023,"May 07, 2019",,8665.49,,Expired,Valid,12/18/2017,,
POL100198,H1947,Meena,5,healthh,154420.64,,,meena54@yahoo.com,Not Filed,20-11-2020,13-01-2023,758284.91,7064.69,,,Valid,,72000.19,
POL104435,H1894,kumar,,,,,Hyderabad,kumar17@yahoo.com,Approved,01/18/2025,03/18/2020,,16667.93,,Active,,,98797.24,
POL101976,H1154,  raj,,Motor,95773.63,,Mumbai,raj43@gmail.com,,01-11-2024,29-11-2024,1672429.4,12294.93,BEN169,,Valid,03/30/2016,143756.97,21.91
POL103820,H1581,arun,63,Travel,49149.64,289136.41,Hyderabad,arun@gmail,,05-12-2016,"May 07, 2020",-7282.47,-622.45,,Renewed,Valid,09-05-2018,263200.93,
POL101993,H1877, JOHN,,Health,,67138.57,Bengaluru,john36@yahoo.com,Not Filed,02-05-2023,,,5666.41,,,Valid,02/17/2025,,79.53
POL102212,H1943,  raj,,healthh,,,Hyderabad,raj3@yahoo.com,Rejected,05/15/2016,"Mar 02, 2018",-6633.67,19145.64,BEN938,,Invalid,"Jun 19, 2016",,61.04
POL103166,H1511,Meena,,lifee,128237.41,,Mumbai,meena85@gmail.com,,"Dec 14, 2016",30-06-2016,-6225.3,16483.7,,Active,,"Sep 28, 2017",,85.77
POL101407,H1059, JOHN,2,lifee,72292.54,65072.76,Mumbai,john33@yahoo.com,,19-11-2020,10-09-2023,,19071.2,,,Valid,10-05-2023,,
POL104126,H1514, JOHN,17,Travel,56415.15,,Delhi,john35@yahoo.com,Pending,08-04-2020,07-10-2020,,7944.69,BEN638,Active,Valid,,185820.8,89.62
POL104882,H1603, JOHN,12,Health,,508276.39,Mumbai,john13@yahoo.com,,05-09-2023,,,-1927.31,BEN100,,,11-05-2022,,72.65
POL102437,H1723,Meena,23,Motor,,,Hyderabad,meena81@gmail.com,,03/30/2018,03-11-2017,-8573.44,6978.45,BEN356,,Valid,,115442.19,
POL101757,H1944,,,Life,92855.94,,  chennai ,user45@gmail.com,,08-10-2024,21-01-2025,3418917.07,7231.05,,Renewed,Valid,24-09-2021,,3.9
POL103965,H1223,,,Life,58644.26,454472.63,,user89@yahoo.com,Rejected,12/26/2020,21-03-2024,1354158.02,9137.69,,Renewed,Invalid,26-04-2025,100572.03,63.9
POL102559,H1319,kumar,50,Home,89707.02,13477.25,Mumbai,kumar6@ins.com,Not Filed,27-08-2024,,2235018.24,8101.48,,,Invalid,29-11-2021,,
POL101376,H1268, JOHN,,Home,148052.85,611431.46,  chennai ,john8@yahoo.com,Rejected,19-12-2024,12-04-2018,1675610.46,12719.8,,Expired,,,100826.58,
POL102290,H1219,Priya ,80,Travel,99613.69,,Mumbai,priya2@gmail.com,,30-07-2025,,-2626.36,10431.22,,Renewed,,24-03-2021,,73.17
POL104090,H1003,Priya ,,Motor,45190.48,,Chennai,priya26@yahoo.com,Rejected,08/20/2022,22-03-2016,,4746.77,,,,06-05-2017,5764.22,
POL104289,H1145,arun,,,,287128.99,,arun86@yahoo.com,Rejected,19-06-2024,09-08-2020,3820659.03,7023.51,,Lapsed,Invalid,11-02-2023,341037.04,
POL103445,H1677, JOHN,43,,54022.89,351897.39,Bengaluru,john@gmail,Approved,"Apr 05, 2025",,,4483.46,BEN447,Renewed,Invalid,,164331.96,
POL104692,H1552,,24,Home,,357893.28,  chennai ,user37@ins.com,,,07-07-2020,-3916.6,-1706.59,BEN742,Lapsed,,11/29/2024,161225.17,52.93
POL100649,H1526,  raj,32,Life,6687.68,368750.24,Mumbai,raj45@ins.com,,28-06-2019,,,17205.3,,,Valid,06/13/2020,323845.24,
POL104720,H1274,,101,Home,,,Mumbai,user24@ins.com,,28-12-2018,"Feb 06, 2016",3592930.6,12876.86,BEN989,Expired,Valid,"Nov 22, 2020",,
POL104070,H1766,Meena,,lifee,160417.27,636844.84,,meena44@ins.com,Not Filed,"Jun 28, 2016","Feb 12, 2020",-1796.74,3812.89,,Renewed,Invalid,"Apr 01, 2019",233527.05,
POL102237,H1006,Meena,27,Home,1910.02,442019.04,Delhi,meena47@yahoo.com,Approved,18-03-2020,"Nov 17, 2019",,7459.28,,Lapsed,Valid,04-10-2025,398850.77,
POL104300,H1593,  raj,30,Life,78932.54,437286.64,,raj29@gmail.com,Rejected,21-08-2024,01/21/2017,-8556.8,18276.57,BEN966,Active,,,340871.17,
POL104955,H1031,  raj,83,Life,18813.63,,Hyderabad,raj40@ins.com,Not Filed,03-09-2018,10-03-2019,,2514.99,BEN429,Expired,Invalid,,,
POL102075,H1333,kumar,,Travel,,576397.8,Mumbai,kumar92@ins.com,,,31-05-2024,1222380.23,3435.54,BEN199,Expired,,06-09-2023,313019.62,
POL103786,H1093,arun,78,Travel,191029.98,310076.74,Mumbai,arun99@ins.com,Approved,"Aug 26, 2017",,-3471.75,12544.11,BEN466,Expired,Valid,,207650.69,99.67
POL102368,H1951, JOHN,,Travel,158912.32,442882.52,  chennai ,john81@ins.com,Not Filed,26-04-2018,02-12-2016,,3882.57,BEN765,Renewed,Valid,14-05-2018,,
POL101491,H1582, JOHN,,Motor,65272.39,269184.24,,john97@ins.com,,,05/16/2016,487764.56,-1251.85,BEN842,,Invalid,"Apr 30, 2021",,
POL101735,H1741,kumar,-2,Home,364.33,,Delhi,kumar90@yahoo.com,,"Jun 02, 2016",,,7948.49,,,Invalid,20-03-2025,,16.55
POL103821,H1833,Meena,80,Motor,,,Mumbai,meena@gmail,Approved,"Jul 31, 2022","Mar 30, 2021",,14259.8,BEN713,Renewed,,"Jun 16, 2016",41407.21,54.04
POL103884,H1156, JOHN,55,Home,,,Delhi,john81@yahoo.com,Pending,05-01-2022,08-09-2018,-9199.62,11994.69,,Lapsed,,"Dec 30, 2024",166709.33,
POL102584,H1628, JOHN,33,Motor,18572.15,377862.29,Bengaluru,john84@gmail.com,Rejected,"Dec 30, 2023",26-09-2021,-8351.08,1935.51,,Renewed,Valid,23-02-2020,,34.66
POL101117,H1460,Priya ,,Health,,,Mumbai,priya94@yahoo.com,,"Apr 10, 2018",07-09-2020,-2175.64,1843.58,BEN145,Renewed,,10-02-2019,169766.29,87.93
POL100670,H1661,,75,Travel,,164045.05,  chennai ,user16@ins.com,Rejected,08-11-2017,05-07-2021,-7006.63,8142.85,BEN510,Lapsed,,27-03-2020,151645.86,13.99
POL100534,H1613, JOHN,95,,176514.28,535471.71,Chennai,john63@yahoo.com,,"May 03, 2023","Oct 07, 2021",-180.18,13384.17,BEN716,Lapsed,Valid,"May 07, 2016",374629.79,
POL102890,H1548,Meena,81,Life,,,Bengaluru,meena78@ins.com,,10-12-2018,08/29/2016,-733.27,13291.33,,Lapsed,,"Mar 19, 2025",,84.4
POL101679,H1702,Meena,39,Health,180930.68,168497.9,Chennai,meena10@ins.com,Approved,,"Jun 15, 2016",,3264.37,,,,"May 23, 2017",320041.99,
POL102830,H1743,kumar,103,,53759.8,178004.49,Bengaluru,kumar77@gmail.com,,"Dec 30, 2017",07-09-2017,-7692.64,1653.98,,,,"May 06, 2021",,
POL100379,H1574,Meena,27,Motor,,51161.06,Hyderabad,meena74@yahoo.com,,03/27/2023,,,-1941.24,BEN337,Active,Invalid,14-04-2023,,
POL102525,H1430,  raj,75,healthh,94561.62,144312.1,Mumbai,raj5@gmail.com,Not Filed,09-05-2017,08-04-2024,-6293.8,11458.7,BEN837,Expired,Valid,11-02-2019,218870.5,11.69
POL100853,H1265,  raj,23,Health,,378692.36,Delhi,raj88@ins.com,,"Apr 06, 2023",05-02-2020,4622841.19,2102.49,BEN965,Renewed,,11-12-2019,98980.29,
POL102086,H1067, JOHN,37,Health,6805.89,77780.66,  chennai ,john28@yahoo.com,Not Filed,28-08-2022,11-09-2020,,12297.41,,,,,312960.03,
POL102507,H1894,,31,lifee,199717.77,530040.81,  chennai ,user27@ins.com,,,,-5005.59,281.89,BEN391,Lapsed,Valid,,343311.23,62.4
POL101196,H1519,kumar,,,,,Bengaluru,kumar44@ins.com,,21-12-2019,07/19/2023,,-292.72,,Active,Valid,11-02-2016,10987.46,
POL103170,H1425,Meena,43,Home,20006.63,224978.13,Mumbai,meena81@ins.com,Approved,16-08-2022,"Nov 14, 2021",-33,-315.64,BEN490,Renewed,Invalid,,216564.83,
POL104043,H1790,,69,Travel,,109021.08,  chennai ,user26@gmail.com,Rejected,"Dec 25, 2024",,-4853.16,7420.12,BEN824,Lapsed,,01-12-2018,355709.58,36.92
POL104678,H1755,,84,Home,131427.46,,Hyderabad,user88@gmail.com,,"Jan 20, 2018",,-1972.78,15258.72,BEN191,Renewed,Invalid,03-06-2022,,
POL100006,H1740,Meena,,healthh,34034.03,205551.14,Chennai,meena13@ins.com,Not Filed,04-03-2025,08-02-2018,1280848.85,1084.01,,Renewed,Invalid,19-07-2022,,
POL101404,H1302,arun,,Health,-534.44,,Hyderabad,arun32@ins.com,Not Filed,12/23/2023,26-12-2021,649454.12,5820.91,,Renewed,Valid,22-09-2018,,0.18
POL103757,H1219,Priya ,73,Travel,81408.14,108415.8,,priya85@gmail.com,Not Filed,"Aug 21, 2021",03/25/2019,,18978.77,BEN181,Expired,Valid,21-04-2017,384408.46,
POL100203,H1135, JOHN,48,Health,,428961.06,Hyderabad,,Not Filed,"Oct 10, 2023",01-12-2016,4377285.24,11789.84,,Active,Valid,"Nov 17, 2020",357373.78,53.09
POL103242,H1966,  raj,109,Life,88960.07,,Chennai,raj13@yahoo.com,Pending,23-06-2021,09-04-2022,2034471.63,-708.01,,Active,,,,37.65
POL103718,H1475, JOHN,85,lifee,2055.47,208576.96,Delhi,john41@ins.com,,17-10-2018,25-08-2021,,1892.45,,Active,,12/17/2019,301945.73,
POL103180,H1891, JOHN,51,lifee,77199.54,227726.22,,john37@yahoo.com,Approved,10-12-2018,07/28/2016,-5120.83,18194.63,BEN316,Active,,05-05-2016,,32.59
POL104810,H1385,  raj,-3,lifee,174171.87,,Bengaluru,raj12@yahoo.com,,13-12-2023,"Nov 22, 2024",4046197.38,4434.51,,,,07-11-2019,19371.37,
POL104806,H1874,Priya ,69,,173408.68,244746.04,Mumbai,priya99@gmail.com,Pending,"Sep 20, 2020",07-12-2024,-1964.68,2483.31,BEN497,Active,Valid,02-10-2018,,48.1
POL101201,H1477,,5,Travel,108799.36,152666.84,  chennai ,user18@gmail.com,Pending,12-07-2017,21-05-2021,-6466.87,12175.32,,Lapsed,,04-04-2022,144304.36,17.47
POL101563,H1876,Meena,55,lifee,169060.35,116236.32,  chennai ,meena69@yahoo.com,,24-05-2025,12/27/2018,,17777.36,BEN920,Lapsed,,10-03-2018,,78.56
POL103318,H1635,,,Motor,139127.98,,,user8@ins.com,Pending,,27-02-2016,3558960.34,10490.89,BEN574,Expired,Valid,03-02-2019,,82.23
POL101315,H1992,kumar,21,Travel,170875.79,339681.85,Chennai,kumar33@gmail.com,Rejected,"Dec 22, 2023","Aug 24, 2017",,457.46,,Expired,,04-01-2021,50892.29,59.35
POL102441,H1755,  raj,79,Life,21895.25,30900.87,Chennai,raj54@yahoo.com,,30-12-2017,07-07-2019,-1521.81,13983.16,BEN332,Active,Invalid,,172202.58,
POL100199,H1801, JOHN,84,Travel,,431365.53,Hyderabad,john85@ins.com,Rejected,06-09-2024,20-10-2023,607761.66,8945.33,,Active,Valid,11/25/2024,114025.81,25.14
POL101308,H1418,Meena,101,Health,154793.82,307441.94,  chennai ,,Pending,"Sep 01, 2023",,-7756.05,17303.26,BEN670,Active,,,,
POL103865,H1836,  raj,68,Life,117217.17,,,raj82@yahoo.com,Pending,11-04-2025,04/23/2021,4376657.57,11770.86,BEN414,Renewed,,14-10-2024,,20.62
POL101522,H1938,,25,Motor,125383.19,130623.89,Mumbai,user20@ins.com,,10-12-2022,01-04-2018,,7846.99,BEN718,,Invalid,01-01-2020,264917.12,6.14
POL103877,H1738,kumar,,Motor,48093.58,,Delhi,kumar54@ins.com,Not Filed,02/27/2020,"Nov 09, 2022",-256.58,-1718.48,,,,06-05-2017,,
POL103140,H1057, JOHN,,lifee,,117991.53,,john84@gmail.com,Rejected,"Nov 16, 2022",09-09-2022,,19548.65,BEN190,Lapsed,,,231849.1,43.78
POL101140,H1240, JOHN,60,,13749.22,,,john77@gmail.com,Not Filed,"Feb 04, 2021",27-10-2023,,13637,,,,,362489.22,49.11
POL102962,H1995, JOHN,56,Life,,156636.4,Bengaluru,,Not Filed,"Apr 19, 2019",06/28/2017,,710.79,BEN201,,Valid,,,44.13
POL101629,H1897,Meena,,Home,83399.36,,,meena16@yahoo.com,Approved,,18-05-2022,2317137.54,19590.42,,,,16-09-2022,394779.68,9.27
POL104724,H1456,arun,84,Motor,21494.61,,  chennai ,,Not Filed,17-07-2022,01-05-2020,3226608.15,14785.27,,Expired,Invalid,06-03-2024,,40.37
POL104869,H1149,arun,54,lifee,184265.16,,Hyderabad,arun19@ins.com,Not Filed,06-03-2022,09-05-2024,4069134.5,8487.12,BEN160,Expired,Invalid,21-08-2016,,86.49
POL101032,H1673,,59,,,390446.23,Hyderabad,user47@ins.com,,13-05-2022,19-08-2016,985430.69,16834.92,BEN871,Expired,,,251345.86,18.88
POL100779,H1045,kumar,,healthh,,797217.69,,kumar57@ins.com,,21-10-2016,24-01-2018,,203.3,,,Valid,10/26/2019,,
POL102455,H1946, JOHN,29,Home,18987.72,606274.47,Chennai,john71@gmail.com,Rejected,23-11-2017,11-09-2016,4437487.3,2882.39,,,,18-01-2020,,1.11
POL102155,H1070,arun,79,Life,55378.15,485341.45,Chennai,arun42@ins.com,Rejected,,12/25/2022,,3335.59,,,Invalid,"Jul 21, 2016",391116.36,7.54
POL100997,H1715,Meena,,,,43205.3,Hyderabad,meena20@yahoo.com,Rejected,11-01-2022,"Nov 09, 2021",,9278.29,,,Valid,"Apr 17, 2024",102863,2.68
POL100544,H1603,Priya ,61,lifee,86114.79,80499.55,Delhi,,,"Oct 11, 2019",,-6137.21,5136.28,,Renewed,,02/29/2024,,
POL104485,H1863,,,,55120.27,519154.82,Hyderabad,user61@yahoo.com,Pending,06/28/2025,06-02-2020,-3804.16,4505.53,,Renewed,,,,
POL101675,H1801, JOHN,,Home,19826.72,656572.61,  chennai ,john52@ins.com,Pending,11-12-2022,06/13/2018,,13527.39,BEN301,Lapsed,,01/16/2019,185333.23,
POL104158,H1123, JOHN,58,healthh,80604.83,,Bengaluru,,Rejected,09/13/2016,02-11-2017,,14968.16,,,,04-05-2017,320233.43,
POL100812,H1676,Meena,108,healthh,117233.57,439802.42,  chennai ,meena90@ins.com,,01-02-2023,09-08-2019,2900767.19,11260.34,,,Valid,11-09-2018,,51.98
POL100777,H1563,Meena,108,Life,95968.74,,Hyderabad,meena15@yahoo.com,,,10-03-2023,,10038,,Active,Invalid,,258816.28,
POL101168,H1819, JOHN,,lifee,,145234.99,,john22@gmail.com,,05/20/2024,25-05-2022,-7493.07,14148.29,,Renewed,Invalid,"Aug 15, 2017",82895.96,
POL102616,H1973,  raj,31,,,,Chennai,,Pending,01-12-2024,"Dec 09, 2023",1999676.12,4811.84,BEN556,,,,219126.48,38.19
POL102011,H1083, JOHN,55,lifee,26642.78,76174.66,,john52@gmail.com,Approved,08-02-2016,,-2177.19,-1968.01,,Expired,,23-07-2025,242590.5,55.49
POL100205,H1919, JOHN,,Life,7990.68,398667.33,,john38@gmail.com,,01/16/2022,01-05-2018,,-236.25,,Active,Valid,14-08-2020,,
POL102645,H1202,,,healthh,80110.18,152007.08,,,Not Filed,,21-01-2017,4747286.59,8864.39,,Active,,03-04-2022,,90.11
POL100557,H1749,Priya ,24,Health,172679.83,,Chennai,priya87@ins.com,Approved,04-03-2018,"Jan 29, 2016",,-1079.28,,Active,,28-05-2016,289199.74,
POL100531,H1908,  raj,36,healthh,,381552.63,,raj12@yahoo.com,Not Filed,,"Mar 05, 2021",,-1671.47,,Active,Invalid,03-03-2020,322892.99,
POL102355,H1610,,,Motor,55224.43,85483.05,,user60@gmail.com,Pending,07-03-2024,,232382.16,-725.05,,Lapsed,,27-05-2016,222873.01,
POL104714,H1798,  raj,71,Health,79820.62,,,raj35@yahoo.com,Approved,07/28/2022,"Feb 25, 2024",3163692.4,5377.51,,Lapsed,Invalid,"Jul 29, 2018",36255.03,80.57
POL103776,H1579,kumar,19,healthh,,146175.43,Mumbai,kumar71@yahoo.com,,04-07-2017,"Jan 18, 2020",,7849.89,BEN390,Renewed,Valid,"Aug 08, 2019",100211.97,22.7
POL104503,H1183,arun,55,lifee,85858.47,411353.64,Chennai,arun38@ins.com,,27-11-2020,,,15707.23,,,Invalid,,,
POL101691,H1744, JOHN,28,healthh,138314.61,,Bengaluru,john7@gmail.com,Rejected,,"Jul 22, 2025",,7717.41,,Renewed,,10-12-2022,270437.58,
POL101081,H1391,Priya ,,,129859.85,473595.05,,priya95@gmail.com,Not Filed,,05/29/2017,4105360.67,14380.79,,,Invalid,03/24/2017,341467.51,
POL104178,H1630, JOHN,45,lifee,59177.53,446814.46,Bengaluru,,,07/18/2025,10-09-2021,,9211.98,,,Valid,,339821.26,83.43
POL102055,H1696, JOHN,80,Life,,,Bengaluru,john88@yahoo.com,,04/13/2022,"Mar 12, 2016",4892502.89,6884.22,BEN298,Expired,,27-01-2021,275939.67,24.7
POL103374,H1099, JOHN,91,Life,,,Delhi,john95@ins.com,Approved,11/27/2019,28-06-2022,,13542.88,,Expired,,12/25/2024,,
POL102239,H1537,kumar,58,Motor,2748.49,,Delhi,kumar83@gmail.com,Approved,"Aug 12, 2016",04-02-2020,2484766.17,10716.02,BEN741,,Invalid,30-11-2021,,57.01
POL103501,H1701,arun,53,Travel,173204.85,,Bengaluru,arun@gmail,Not Filed,"May 27, 2024","Jul 15, 2017",957709.69,783.28,,Renewed,Valid,12-05-2021,47070.74,
POL102007,H1241,,83,Home,,91272.57,Delhi,user29@ins.com,Not Filed,"Oct 04, 2021",26-04-2021,,5383.34,,Active,,,,
POL104795,H1792,Priya ,36,Travel,27624,481203.19,Delhi,,,,10-12-2018,-3023.82,-1815.95,BEN763,Lapsed,,29-03-2021,,
POL102063,H1173,Meena,,Life,63254.38,223195.49,Delhi,meena5@gmail.com,Rejected,,"Jun 07, 2020",-1598.73,433.99,,,,"Jan 17, 2017",95326.23,
POL103541,H1154,Meena,22,healthh,48917.92,688018.11,Mumbai,meena96@yahoo.com,Rejected,09-09-2024,10-11-2021,-6964.69,3307.33,,Expired,,,,
POL103407,H1229,Meena,51,Motor,,340976.31,,meena99@yahoo.com,Not Filed,23-09-2016,,-8948.16,9952.74,,Lapsed,Invalid,02-09-2017,,63.75
POL102471,H1049, JOHN,33,Health,,150876.94,Bengaluru,john56@yahoo.com,Approved,,24-04-2019,285808.28,6838.94,,Lapsed,,08-08-2022,265387.88,62.28
POL102848,H1442,arun,88,Life,,470403.47,Hyderabad,arun8@ins.com,Approved,,"Jun 17, 2024",,10601.02,,Renewed,Invalid,02-12-2020,291637.71,39
POL104716,H1036,Priya ,32,Travel,,585234.91,  chennai ,priya28@gmail.com,,,,-5651.59,1607.57,,Expired,,17-09-2017,,
POL103926,H1538,Meena,74,,21618.24,,Delhi,meena62@ins.com,Pending,21-07-2019,29-08-2021,-1609.85,5690.61,BEN660,,Valid,05-04-2022,,87.16
POL101477,H1518, JOHN,111,Travel,,,Hyderabad,john48@yahoo.com,,04-12-2023,11-11-2018,306364.06,14914.53,,Lapsed,Valid,19-11-2018,,66.19
POL100471,H1396,,40,Home,34337.01,246675.52,Bengaluru,user15@ins.com,Pending,12-11-2023,30-05-2024,-533.28,-1479.08,,,,28-01-2021,283363.52,
POL101054,H1412, JOHN,,healthh,58492.47,,Mumbai,john6@ins.com,,,"Jul 05, 2025",-209.66,15350.33,,,Valid,,,4.24
POL101238,H1278,kumar,24,Life,110527.88,6374.08,Bengaluru,kumar60@yahoo.com,Approved,19-12-2023,19-07-2018,,19255.87,,Expired,,10/15/2016,,63.08
POL103411,H1561,Priya ,29,Life,,487728.12,  chennai ,,Pending,,31-01-2016,,8746.82,BEN140,,Invalid,28-09-2019,380403.78,
POL102424,H1529, JOHN,1,Home,96087.21,373326.39,Bengaluru,john37@gmail.com,,"Sep 29, 2016",,-2510.39,2038.93,BEN815,Lapsed,Invalid,12/20/2017,73111.38,61.63
POL100240,H1849,,,Life,16046.02,424308.13,Hyderabad,user38@ins.com,Not Filed,"Nov 28, 2018","Nov 26, 2021",-2753.86,17911.61,,Expired,Valid,,7607.86,55.33
POL103913,H1918, JOHN,,lifee,63675.55,,Hyderabad,,Not Filed,,11-11-2017,,3946.63,,Lapsed,,08/30/2018,,
POL100500,H1284,,16,lifee,80756.89,362657.62,  chennai ,user9@ins.com,Pending,12/24/2022,14-09-2018,,8531.19,,Lapsed,Valid,02-10-2019,341402.49,10.36
POL100012,H1643, JOHN,75,Motor,71499.61,423480.21,Bengaluru,john62@yahoo.com,Pending,08/18/2017,18-03-2021,3452961.01,2370.6,,Expired,,"Dec 29, 2017",,
POL101224,H1331,,,Home,71896.99,,  chennai ,user88@yahoo.com,Rejected,27-10-2019,12/28/2019,3416273.03,9463.51,BEN620,Lapsed,,"Oct 07, 2017",43924.65,36.48
POL103739,H1485,Priya ,,Life,83332.09,122696.66,Chennai,priya15@ins.com,Not Filed,10/26/2018,,-5985.06,1434,BEN396,Expired,,08-11-2020,284234.8,57.99
POL103824,H1147,,,Motor,88509.06,726195.48,  chennai ,user49@gmail.com,Pending,07/26/2023,23-05-2018,-5080.56,3248.52,,Active,,25-10-2016,,
POL103315,H1379, JOHN,44,Travel,,698863.3,Bengaluru,john67@yahoo.com,,"Mar 19, 2018",,1319039.55,5232.21,,,,"Mar 08, 2023",,30.38
POL101161,H1173,,66,Life,51567.07,324812.97,,user88@yahoo.com,Rejected,10-01-2019,,1726958.66,5375.68,,Renewed,Invalid,19-10-2020,156330.62,
POL102359,H1660,kumar,49,Home,,394917.04,,kumar57@gmail.com,,09-10-2024,"Nov 13, 2020",3037737.74,12745.27,BEN920,Active,Invalid,01/25/2020,261233.37,35.5
POL102698,H1043,arun,31,Home,135511.37,75857.43,,arun9@gmail.com,Rejected,01/17/2022,05/20/2022,3102376.21,7094.01,,Renewed,,"Nov 23, 2021",,16.8
POL102537,H1887,arun,-3,healthh,85715.24,,Delhi,,Pending,,05-07-2024,,-1319.69,BEN691,Renewed,Invalid,23-09-2022,,
POL103344,H1885,Priya ,24,Health,170911.01,,Chennai,priya73@yahoo.com,Rejected,,11-06-2017,-2391.14,-205.11,,Lapsed,,01-03-2018,,45.12
POL104250,H1576,  raj,78,,89212.55,165955.45,Delhi,raj93@yahoo.com,,23-10-2024,08-10-2023,,4135.98,BEN123,Active,Invalid,,398653.54,
POL102740,H1029,arun,58,Motor,60230.16,370353.95,  chennai ,arun75@gmail.com,Not Filed,,,-7083.92,906.27,,Renewed,Valid,"Jun 24, 2025",,21.56
POL103472,H1504,Meena,,Health,71509.47,,Delhi,,,07-02-2018,,,347.79,,Renewed,,"May 06, 2019",255795.4,34.22
POL101799,H1412,arun,87,,,108927.37,Delhi,arun72@yahoo.com,Pending,,,-168.64,15066.04,,,,06-01-2024,310887.4,
POL104258,H1976,Meena,,Motor,135363.21,124368.39,Chennai,meena82@gmail.com,,18-02-2023,"May 14, 2018",1824327.92,9485.67,,,Valid,27-07-2023,,11.72
POL100192,H1608,  raj,33,Health,12709.21,449948.61,  chennai ,raj90@ins.com,Rejected,11-11-2021,"Nov 08, 2020",3319365.34,18299.3,,,,08/15/2018,,
POL101038,H1348,Priya ,39,Motor,65155.24,,  chennai ,priya75@ins.com,,"May 16, 2025","Jan 11, 2023",-9804.71,7468.31,BEN836,,Invalid,,258634.89,45.94
POL102811,H1616,Meena,,Motor,,536697.33,Mumbai,meena72@ins.com,,18-11-2023,"Oct 04, 2017",769825.42,-673.49,BEN771,,,"Mar 13, 2021",,
POL100738,H1961,Priya ,,Travel,-3164.24,202534.53,Chennai,priya98@gmail.com,Approved,03-11-2020,05-03-2021,-6817.55,4783.45,,Expired,,03/21/2023,,69.99
POL102372,H1236,kumar,,Travel,,,Chennai,kumar63@gmail.com,Pending,24-07-2018,04/17/2022,-3431.25,7677.77,,Lapsed,Valid,27-05-2022,,
POL101968,H1614,arun,59,Motor,103422.93,339430.24,Delhi,arun65@yahoo.com,Pending,"Feb 18, 2022",05-08-2020,,10509.38,,Active,,,,
POL104998,H1367, JOHN,40,Travel,37402.3,774784.06,Hyderabad,john29@yahoo.com,Pending,"Dec 04, 2017",04-06-2024,4401108.08,10404.81,,,Invalid,,,
POL101423,H1625, JOHN,,Health,120054.4,,Delhi,,,20-09-2022,02-02-2017,99610.41,3112.92,,Expired,Invalid,"Apr 30, 2021",367737.69,69.74
POL104418,H1452,Meena,35,,80504.78,276633.57,Mumbai,meena47@ins.com,Not Filed,07-12-2020,21-03-2018,2217005.74,-1269.12,,Lapsed,Valid,,,
POL104637,H1370,kumar,,Home,,389659.29,,kumar51@gmail.com,Rejected,"Apr 10, 2018","Oct 22, 2019",2166309.04,18055.97,BEN673,,,01/17/2019,,23.94
POL103535,H1136,Meena,,Health,,176306.33,,meena41@ins.com,,03-12-2021,04-06-2023,-6921.11,9777.05,,Lapsed,,01-12-2018,,
POL100567,H1767, JOHN,,Health,,,Mumbai,john56@ins.com,Pending,,,,19904.75,BEN556,Active,,04-03-2020,,2.63
POL103457,H1436,arun,129,Motor,,385154.13,Mumbai,arun10@ins.com,Pending,21-11-2016,09/21/2018,,14570.49,BEN220,Active,Valid,"Sep 04, 2017",39333.18,58.87
POL100022,H1756,kumar,85,Home,196004.68,,,kumar7@yahoo.com,Rejected,24-01-2024,"Sep 25, 2019",557808.85,8326.73,,Expired,Valid,11-09-2021,376425.44,
POL101504,H1018,  raj,33,Home,,437623.33,Delhi,,Not Filed,,10-12-2020,,2116.25,,,Valid,08-02-2020,131319.47,
POL103442,H1766,Meena,62,healthh,69375.74,,Delhi,meena@gmail,Pending,,04-09-2018,3676330.63,11959.86,,Expired,Invalid,,,44.61
POL100981,H1856,Priya ,79,Travel,13749.33,162188.6,Mumbai,priya82@gmail.com,Pending,05/16/2024,03/20/2020,-453.53,4733.38,BEN514,Lapsed,Invalid,,,8.69
POL100796,H1378,Priya ,69,lifee,27647.06,196903.34,Delhi,priya72@yahoo.com,,"Oct 27, 2016",14-02-2024,-1193.04,10131.77,,Expired,Invalid,03/28/2025,81019.19,
POL103803,H1234,Priya ,,Home,24854.73,,Bengaluru,priya35@ins.com,Approved,,09/21/2019,939673.62,16075.37,BEN582,,Invalid,02/25/2017,211204.47,
POL104270,H1023,kumar,44,Health,76716.9,,,kumar@gmail,Not Filed,"Sep 03, 2024",,1313898.76,14816.95,BEN685,,Valid,"Feb 10, 2019",70382.84,
POL102909,H1191, JOHN,26,Life,42012.68,724243.49,,john83@ins.com,Rejected,11/16/2020,05-02-2017,2670160.14,359.54,,Lapsed,,23-04-2023,,
POL104520,H1746,arun,20,Travel,179701.73,,  chennai ,arun10@gmail.com,Rejected,"May 02, 2022",09-11-2024,-1758.43,11055.5,,,Valid,"Jul 01, 2018",284668.61,23.36
POL103898,H1047,Meena,,Home,199796.99,369707.14,  chennai ,meena16@yahoo.com,Not Filed,12/16/2024,27-05-2018,2312846.54,4533.81,,,Valid,12-02-2019,,
POL102636,H1913,arun,60,lifee,99529.91,145965.63,Bengaluru,,,17-06-2018,01-03-2019,-8328.81,-1313.6,,,,04-04-2019,,
POL104103,H1385,,,Health,18142.02,373120.54,Mumbai,user66@yahoo.com,Rejected,"Sep 27, 2016","Mar 23, 2020",-5091.48,7184.04,BEN904,Expired,Invalid,03-07-2017,248557.85,
POL103570,H1313,kumar,50,healthh,65387.87,430381.86,Mumbai,kumar90@gmail.com,Approved,26-12-2019,02-08-2018,-4456.24,4810.82,,,,07/26/2023,,
POL102278,H1394,arun,,Health,78844.98,455075.36,Delhi,arun77@gmail.com,Not Filed,,21-07-2021,,305.27,BEN918,,Invalid,11/25/2024,217520.1,36.33
POL101597,H1089, JOHN,31,,54180.22,,,john93@yahoo.com,,,01-08-2016,,8972.41,,Expired,Invalid,30-11-2022,,14.13
POL100024,H1313,arun,90,Travel,50071.03,172623.98,Mumbai,arun57@yahoo.com,Pending,,07-07-2024,-5548.94,-1146.97,BEN650,Lapsed,,24-05-2021,,
POL100010,H1434, JOHN,81,lifee,,627051.92,Bengaluru,john81@gmail.com,Pending,,07-11-2020,2547427.23,248.64,,Lapsed,Valid,14-05-2021,,
POL104079,H1028, JOHN,36,Health,163570.4,,Hyderabad,,Approved,03/17/2023,26-12-2023,-7316.95,14518.77,,Lapsed,Invalid,04-12-2017,393851.91,85.17
POL100029,H1932,kumar,,Motor,10339.79,346352.3,Chennai,kumar69@gmail.com,Rejected,"Dec 03, 2017",,-9315.79,13056.79,BEN394,,Valid,"Aug 09, 2023",,44.37
POL103115,H1082,,47,Home,70957.26,330879.59,,user22@gmail.com,Approved,"Feb 11, 2020",24-07-2024,-7964.78,18788.36,,Lapsed,Valid,04/21/2023,194357.75,92.42
POL104233,H1246,arun,36,Life,,,Hyderabad,arun41@ins.com,Not Filed,27-05-2022,01/29/2021,,7470.33,BEN800,,Valid,05/15/2017,,90.19
POL101300,H1881,Priya ,34,Health,,,Hyderabad,priya37@gmail.com,Approved,12-11-2023,24-02-2020,620754.46,17982.24,,Renewed,Invalid,"Jul 12, 2016",10568.25,86.43
POL102120,H1401,arun,109,Life,81597.8,299587.08,Mumbai,arun53@ins.com,Pending,07/28/2016,11-03-2023,,9071.36,BEN423,Lapsed,,10-04-2023,,99.92
POL100538,H1768,kumar,81,healthh,,360126.85,  chennai ,kumar52@yahoo.com,Pending,23-05-2025,12/16/2024,,-144.24,BEN960,Expired,Invalid,11/16/2020,,8.62
POL103707,H1005, JOHN,29,Travel,87417.68,,  chennai ,john94@ins.com,Rejected,"Aug 20, 2021",,-6952.03,19595.13,,Renewed,,,,
POL101970,H1639,kumar,57,,,78490.88,,kumar84@ins.com,Pending,31-07-2023,02-04-2016,1563586.74,-417.79,,,,"Oct 13, 2022",8036.85,
POL104240,H1419, JOHN,49,Home,23375.76,252317.3,Bengaluru,john40@gmail.com,Rejected,26-07-2021,20-10-2020,,13289.89,BEN428,,,30-09-2022,89951.46,94.75
POL104381,H1224, JOHN,,lifee,862.92,,,john11@gmail.com,Pending,,30-03-2016,,16230.82,,Lapsed,,20-12-2017,,54.7
POL103339,H1835,Priya ,26,Motor,,,Chennai,,,03-08-2022,"Aug 06, 2023",2674609.74,14418.6,,,,"Jul 11, 2018",,85.36
POL100676,H1637,arun,42,healthh,,,Chennai,arun22@ins.com,Approved,,05-11-2017,3634597.82,946.91,,Active,Valid,04-10-2018,282910.44,68.95
POL102117,H1003,,59,lifee,-235.29,265730.04,Bengaluru,user56@ins.com,,,18-04-2022,,19945.36,,,Invalid,10-10-2019,,12.02
POL100899,H1823,kumar,23,Life,8801.44,777502.15,Bengaluru,kumar27@ins.com,Approved,"Dec 14, 2023",05/25/2016,,2852.27,,,,"Jul 03, 2018",,7.41
POL100590,H1561,Priya ,,healthh,,269967.81,Hyderabad,priya16@gmail.com,,"Mar 26, 2023",,-9693.65,7432.59,,Active,,"Sep 16, 2018",,
POL100533,H1197,,80,Health,6070.63,146517.29,Chennai,user59@gmail.com,Pending,,24-07-2023,-505.76,7044.97,BEN247,,,03-11-2024,255001.15,1.68
POL101326,H1095,,95,Home,3604.3,26958.44,Bengaluru,user26@yahoo.com,Approved,06-08-2017,,,-1424.35,,,,23-03-2024,,
POL101182,H1897,Priya ,,Home,16456.62,,Delhi,priya91@ins.com,,17-08-2018,"Sep 10, 2021",3164794.13,6755.42,BEN612,Lapsed,Invalid,"Sep 04, 2022",203444.94,92.17
POL103732,H1482,kumar,67,Motor,75291.63,143852.98,Bengaluru,kumar74@ins.com,Approved,05-12-2016,11-12-2018,4057657.94,6609.18,,Active,Valid,11/18/2022,,27.87
POL104342,H1788, JOHN,,Motor,80634.5,383559.23,Chennai,,Rejected,22-12-2017,,4532723.68,6225.2,,Renewed,,27-06-2024,,
POL103153,H1081,arun,21,Home,,167939.94,Chennai,arun56@gmail.com,,,25-08-2021,2361566.79,18283.69,,,Valid,"Apr 01, 2018",240487.85,
POL103171,H1084,Priya ,18,lifee,50356.89,,Hyderabad,priya3@yahoo.com,Rejected,05-01-2020,11-05-2019,-376.59,151.11,,Renewed,,"Jul 14, 2025",,5.15
POL104199,H1387,Meena,,healthh,,104972.54,Mumbai,meena39@ins.com,,"Aug 23, 2022",22-10-2018,-6098.83,19245.64,,Expired,,08-08-2022,,
POL100349,H1360,  raj,76,Motor,52059.73,34105.05,Bengaluru,raj85@ins.com,,,,-3022.31,19014.28,,,,21-07-2022,,
POL100529,H1586,,55,,,425888,,user43@yahoo.com,Approved,07/22/2018,03-07-2019,-1126.62,11613.24,BEN977,Expired,Invalid,23-10-2020,,
POL102878,H1149,Meena,27,Motor,106559.7,688882.56,,meena45@gmail.com,Rejected,,,,18158.92,,Renewed,Valid,10/22/2023,,65.89
POL102218,H1691,Meena,79,Health,138212.99,70658.96,Hyderabad,meena92@ins.com,,19-10-2017,,,-865.98,,,,,57915.23,41.27
POL100929,H1011,,66,Motor,95408.85,33839.67,Mumbai,user61@ins.com,,"Apr 25, 2016","Feb 17, 2025",4457334.71,8304.52,,Expired,,23-10-2017,150499.41,
POL104868,H1729,Priya ,111,lifee,156198.72,,Mumbai,priya13@gmail.com,,,,-855.44,11441.39,,,,06-12-2024,,
POL102207,H1776,Priya ,53,Travel,27195.13,484172.28,Chennai,priya@gmail,,"Mar 18, 2018",,3508862.37,12431.64,,Lapsed,,"Oct 09, 2020",,62
POL102891,H1186,kumar,,Life,,,Mumbai,kumar73@yahoo.com,,08-07-2018,05-05-2020,1743289.15,1165.44,,Lapsed,,02-05-2022,58620.19,58.11
POL103148,H1716,Meena,8,Home,17096.6,,Chennai,meena19@gmail.com,Rejected,04-05-2024,04-10-2023,,7479.93,,Expired,Valid,"Apr 04, 2019",148046.42,14.45
POL103226,H1804,,,,14458.34,250327.04,Hyderabad,user19@ins.com,,26-10-2017,13-09-2020,,3099,BEN926,,,22-02-2019,344848.74,
POL100550,H1827,,22,Health,60854.63,,Chennai,user@gmail,Approved,,07-11-2020,,13785.98,,Active,Invalid,"Aug 02, 2021",,
POL101948,H1381,Priya ,,Life,-1214.01,128416.78,Hyderabad,priya66@ins.com,,,04-12-2016,,15464.36,BEN761,Active,,,4808.59,48.34
POL103072,H1055,arun,,Motor,36980.6,,Delhi,,,,10/21/2020,-6824.72,14305.28,,Renewed,,21-01-2023,365642.49,67.11
POL104114,H1366,arun,40,,20398.62,176724.47,  chennai ,arun38@yahoo.com,Not Filed,05-03-2018,07/21/2016,4024909.08,13913.61,BEN925,Renewed,Valid,11/20/2016,,
POL104389,H1416, JOHN,,Health,56951.56,282675.37,Delhi,john@gmail,,"Oct 07, 2020",17-05-2017,-297.23,1582.79,,Lapsed,Invalid,,,
POL103186,H1119,Priya ,,Health,,93583.5,Chennai,priya16@yahoo.com,,02-11-2021,02/18/2016,-1401.64,-1981.33,,Expired,Invalid,11/25/2023,,39.59
POL100698,H1078,Priya ,107,lifee,,83233.89,,priya96@ins.com,Not Filed,15-10-2023,"Jan 13, 2022",,8294.86,BEN525,Renewed,Valid,,,77.92
POL104791,H1386,  raj,114,,157409.1,429280.01,,raj87@gmail.com,Approved,24-05-2018,,,11861.67,,Active,,03-03-2024,,21.32
POL102967,H1269,Priya ,30,Motor,181336.28,706176.54,Delhi,priya@gmail,Not Filed,30-06-2016,02-11-2016,-1498.54,714.95,,,,"Jan 13, 2023",367774.4,86.04
POL102040,H1285,Priya ,2,Home,78350.51,169872.48,,priya71@ins.com,Not Filed,07-05-2016,,-2901.87,6112.89,BEN667,,,03/21/2022,202504.35,41.63
POL100424,H1750, JOHN,,healthh,131730.59,61890.15,Mumbai,john56@yahoo.com,Rejected,18-03-2016,"Jul 13, 2025",2825320.26,11345.81,,Renewed,Valid,,,
POL104152,H1788,Meena,68,Life,,473390.47,,meena72@yahoo.com,Approved,11-12-2019,"Aug 01, 2022",,17536.97,,,,01/17/2017,,51.45
POL103882,H1347,kumar,59,Life,9263.41,300140.46,Mumbai,kumar4@gmail.com,Rejected,08-10-2024,31-07-2022,4020766.26,1825.7,BEN410,Renewed,,,,51.28
POL100800,H1404,,82,Health,11428.81,455521.6,Delhi,user53@gmail.com,,01-12-2023,"May 11, 2018",,5230,BEN714,Active,Valid,"May 25, 2025",42974.47,
POL104756,H1339,,62,lifee,89082.76,194071.79,Hyderabad,user98@yahoo.com,,19-11-2020,23-09-2020,,3708.01,,,Invalid,"Nov 13, 2018",359922.15,
POL104064,H1016,,92,Home,32088.82,184962.7,Mumbai,user59@yahoo.com,Approved,26-04-2021,"Mar 13, 2025",-1444.07,15348.81,,,,03-11-2021,244750.72,
POL100031,H1306,  raj,,Home,35839.48,80855.88,Hyderabad,raj3@yahoo.com,Not Filed,06-04-2021,22-09-2018,-3142.01,19419.26,,Renewed,,06-05-2022,242826,
POL104086,H1947,arun,69,healthh,,33884.19,Delhi,arun95@gmail.com,,"Jun 04, 2022",01-04-2019,,-997.33,BEN986,Expired,,,,
POL104048,H1613,Meena,90,Home,,411824.76,Delhi,meena14@gmail.com,Pending,04-03-2019,26-07-2024,909315.89,12877.59,,Expired,Valid,14-04-2016,,
POL103251,H1134,  raj,,lifee,,142782.08,Chennai,raj19@gmail.com,Pending,15-09-2016,08/16/2021,-3598.99,4882.1,,,,27-09-2021,,
POL104558,H1746,  raj,,Travel,32767.75,498746.65,Bengaluru,raj70@ins.com,Approved,"Oct 03, 2017","May 19, 2017",3245022.16,18814.77,,,,"Mar 22, 2023",33741.48,36.93
POL104297,H1356,Meena,,,,,,meena92@ins.com,Pending,12-12-2022,22-10-2020,-5295.16,4171.96,BEN969,Expired,Invalid,,282577.33,
POL102277,H1724, JOHN,29,Motor,19754.5,132046.77,Hyderabad,john@gmail,,"Sep 13, 2022",10-12-2020,1060150.68,17.65,,Active,,27-08-2018,,
POL104010,H1367,Priya ,,,168135.52,338856.39,Bengaluru,priya4@ins.com,Rejected,,10/31/2018,-2198.64,3001.35,,Renewed,Valid,09-05-2019,168909.38,74.1
POL101197,H1513, JOHN,,,86549.1,218081.96,Bengaluru,,Approved,,26-12-2022,4981133.96,3997.24,BEN401,Lapsed,Invalid,05-04-2022,,
POL100762,H1504,kumar,114,Travel,41709.66,402516.78,Bengaluru,kumar4@gmail.com,Approved,14-06-2022,,,5371.28,BEN420,,,24-05-2022,,
POL103909,H1999,  raj,52,Motor,87219.26,458019.56,Hyderabad,raj21@gmail.com,,,,-3164,-1588.44,BEN363,Renewed,Invalid,,,57.92
POL101752,H1146,kumar,68,Motor,89663.59,435410.91,  chennai ,kumar12@yahoo.com,Approved,,25-01-2016,4226566.48,8970.24,,Active,,21-07-2021,5049.45,
POL103103,H1030,Meena,105,Travel,,103876.99,Mumbai,meena11@ins.com,,"Jan 06, 2023",,3861602.5,9185.61,,,,"Mar 14, 2016",40047.6,23.42
POL104244,H1319,Meena,38,Travel,51843.59,397498.17,Bengaluru,,Not Filed,,,,7333.93,BEN193,Active,,31-07-2016,,50.94
POL101281,H1392, JOHN,92,lifee,,,Mumbai,john11@ins.com,Not Filed,12/21/2018,07-01-2024,,11486.48,,Lapsed,,"Oct 15, 2022",,
POL104286,H1109,,36,lifee,68363.39,,Hyderabad,user6@yahoo.com,Not Filed,21-01-2017,,1608215.83,-1700.14,,,,"Dec 03, 2022",126807.75,58.25
POL102399,H1497,Meena,,Travel,,,Bengaluru,meena60@gmail.com,,,23-04-2020,-6991.62,8878.74,BEN693,Lapsed,Invalid,,40318.92,
POL103249,H1032,Meena,61,healthh,16822.29,41485.37,Chennai,meena33@gmail.com,,07-05-2024,"Feb 03, 2022",4498305.7,3773.41,,Expired,,30-12-2024,,
POL103476,H1712,  raj,88,lifee,194620.15,423799.14,,raj74@yahoo.com,Rejected,,05-02-2018,4174290.68,2537.4,,Renewed,,,,
POL100018,H1388, JOHN,102,,-1026.43,34309.19,Chennai,john26@ins.com,,28-11-2023,23-01-2022,-3305.41,18850.65,,Lapsed,,21-07-2019,,
POL100447,H1244,  raj,,healthh,27647.24,40122.09,Chennai,raj80@ins.com,,,14-03-2024,1548416.82,6360.37,,,,"Aug 24, 2021",134253.96,40.72
POL101901,H1288,Meena,-3,Life,44343.92,679424.33,,meena69@gmail.com,Approved,04-03-2024,01-12-2023,849997.91,13090.4,BEN232,,Valid,"Sep 01, 2020",303016.93,
POL101409,H1018,arun,102,lifee,,142030.09,  chennai ,arun13@gmail.com,,07/31/2019,08-01-2023,-7952.21,7811.36,BEN892,Active,Invalid,10/18/2017,326913,
POL101059,H1689,arun,38,healthh,64500.4,60719.4,Mumbai,arun30@yahoo.com,,,30-11-2021,1018551.94,10841.76,,Renewed,Invalid,14-01-2024,,22.12
POL103358,H1475,Priya ,41,Life,,579370.44,Bengaluru,priya23@yahoo.com,Pending,14-09-2018,11/29/2023,-8325.02,12873.42,BEN346,Renewed,,13-12-2020,17624.14,
POL100151,H1390,Meena,77,Motor,172992.82,334562.27,  chennai ,meena44@ins.com,Rejected,12-12-2022,11-10-2019,3566645.75,3967.46,,,,"Feb 23, 2018",,
POL102180,H1113,kumar,67,Home,18935.41,,Delhi,kumar40@ins.com,,08-03-2020,10/18/2017,4700925.47,19807.23,BEN580,Expired,Valid,14-06-2016,,
POL102453,H1663,,4,Home,40848.23,384457.24,Bengaluru,user92@ins.com,,,05-04-2022,2810069.41,-250.87,,Expired,Invalid,,,
POL102798,H1011, JOHN,62,Motor,156090.77,,Chennai,john87@gmail.com,Pending,01-04-2020,,-542.29,15776.7,,Active,Invalid,12-06-2024,,53.95
POL102298,H1349,Meena,,Health,127005.13,,Chennai,meena59@yahoo.com,,"Jul 04, 2018",,,10546.12,BEN632,Renewed,,09-05-2023,,11.93
POL101071,H1728,Meena,70,Health,,669484.98,Chennai,meena17@ins.com,Rejected,,,,8039.58,,Expired,,12-01-2019,,
POL102143,H1397,kumar,,lifee,41638.81,446239.57,,kumar17@yahoo.com,Rejected,06-08-2021,02-06-2018,,2138.18,,,,30-05-2022,208180.05,
POL104940,H1078,,92,,18240.71,306710.44,Hyderabad,,Not Filed,04-03-2019,02/24/2016,-6407.75,-154.21,BEN796,,,"Apr 15, 2020",,
POL102497,H1948, JOHN,,Motor,,667430.29,,john30@ins.com,,27-04-2025,13-10-2018,-2463.55,1574.21,,Expired,,02-07-2022,251983.63,
POL103932,H1886, JOHN,,Life,79423.3,383539.64,Delhi,john76@yahoo.com,,10-08-2016,,,15729.01,BEN350,Active,,13-06-2019,383630.66,
POL102209,H1273,,90,healthh,56905.87,,,user42@yahoo.com,Approved,11-12-2019,"Mar 04, 2017",,11862.08,,Lapsed,Valid,"Dec 15, 2023",,
POL101349,H1224,kumar,,Home,,,Bengaluru,kumar64@ins.com,,"Jan 09, 2019",24-09-2016,,10607.56,,Renewed,Valid,02-10-2022,395683.41,
POL103004,H1622,kumar,76,Health,175841.7,244134.8,Chennai,,,15-09-2021,28-11-2016,,1154.74,BEN300,,Valid,06-02-2017,,72.82
POL103151,H1722,,,lifee,,595778.99,Chennai,user5@ins.com,,"Jun 02, 2020",12-11-2017,-6308.96,6196.17,BEN432,Active,Invalid,28-06-2023,41821.09,
POL102573,H1120,  raj,17,Home,25175.93,511634.86,  chennai ,raj18@yahoo.com,Not Filed,,"Jul 12, 2021",,8293.16,,Renewed,Valid,06-01-2016,,86.91
POL103367,H1146,Meena,,healthh,65514.62,127747.39,Bengaluru,meena56@ins.com,Pending,"Mar 04, 2020","Sep 07, 2016",-8293.75,10647.97,,Lapsed,Valid,24-03-2020,,43.94
POL103083,H1407,Priya ,69,Home,,496601.43,,priya87@ins.com,Rejected,"Sep 22, 2022",,2597098.7,9903.03,,Renewed,,19-12-2024,,61.65
POL102994,H1486,Priya ,29,Travel,,76081.72,Hyderabad,priya48@gmail.com,Rejected,21-02-2024,23-07-2025,,9558.98,BEN151,Renewed,Invalid,07-12-2017,,20.79
POL103034,H1209,  raj,117,lifee,,684251.9,,raj62@gmail.com,Pending,08-11-2019,01-05-2019,2141756.88,6587.42,BEN539,Renewed,,03-04-2022,367364.76,
POL104350,H1782, JOHN,25,healthh,,343012.05,Bengaluru,john65@ins.com,,"Jun 21, 2020",11/25/2017,-6638.02,18767.69,BEN201,Renewed,,,18378.55,90.58
POL104348,H1566,  raj,92,Health,,635460.92,Chennai,raj5@gmail.com,Pending,,"May 08, 2020",-3414.24,14402.82,,Expired,Valid,03-07-2019,364115.55,67.6
POL100038,H1747,arun,,Home,71731.71,,Bengaluru,arun17@yahoo.com,Approved,,,2830332.74,5779.16,,,Valid,01-12-2023,240164.04,
POL103549,H1278,arun,,Travel,77134.3,99973.83,Hyderabad,arun49@yahoo.com,Pending,27-10-2018,10/31/2020,1362597.54,6188.14,,Expired,,29-10-2017,66876.28,4.02
POL104643,H1235,kumar,,Health,,,Mumbai,kumar29@ins.com,,27-01-2022,"Oct 21, 2019",-2925.34,10646.22,,Renewed,Invalid,"Feb 22, 2018",,10.9
POL103518,H1331,Priya ,32,,,,,priya90@gmail.com,Approved,03-09-2017,06-10-2024,-7812.05,4629.66,,,,,,6.71
POL104911,H1270,Meena,,,133602.18,243001.92,  chennai ,,,05-04-2016,"Sep 15, 2018",,17709.3,,,,01/17/2019,,38.11
POL104625,H1387,Priya ,79,healthh,83490.08,468328.75,  chennai ,priya57@gmail.com,,04-01-2025,09-10-2019,,18237.4,,Expired,,,,
POL100820,H1027,,29,lifee,5966.93,,Mumbai,user15@gmail.com,Not Filed,,"Mar 31, 2025",169000.04,11917.44,,Expired,Invalid,23-04-2019,79369,12.31
POL101073,H1003,  raj,66,Motor,,483526.88,,raj28@yahoo.com,Not Filed,,04-10-2022,2429768.74,940.59,,Expired,Invalid,20-09-2020,340195.01,72.19
POL102133,H1298,Meena,30,Health,52777.5,,  chennai ,,Rejected,19-09-2024,"Sep 27, 2016",2503033.11,3141.63,,,,"Apr 01, 2019",151411.6,42.85
POL104593,H1925,Meena,27,Health,6680.04,178359.26,Chennai,meena25@ins.com,Pending,,07/17/2018,3213841.59,7961.51,BEN988,Lapsed,,"Mar 04, 2018",256061.9,71.54
POL100848,H1780, JOHN,68,lifee,179764.75,360180.55,Bengaluru,john39@gmail.com,Rejected,04-03-2025,04/30/2018,1685016.47,12416.96,,,,10/20/2019,,66.63
POL103657,H1952,  raj,84,lifee,,312288,Bengaluru,raj84@gmail.com,Rejected,09-09-2024,,4089529.97,11459.79,,Active,Valid,01-09-2018,,
POL102325,H1093,Meena,61,Home,131883.97,40599.91,Delhi,meena88@gmail.com,,,"Oct 17, 2017",797308.8,8054.22,BEN177,Expired,Invalid,05-04-2021,,
POL104419,H1854,kumar,62,Life,30307.11,,,kumar49@ins.com,Approved,"May 26, 2024",,,10246.29,,,,,57077.14,42.38
POL104561,H1722,Priya ,,lifee,122368.31,,,,,07-05-2016,25-12-2022,346867.69,4599.8,,Expired,Valid,"May 08, 2019",37549.32,15.48
POL101790,H1484,Meena,28,Life,,516064.05,Bengaluru,meena77@yahoo.com,,,28-12-2016,,9119.56,,Active,,"Dec 10, 2021",,
POL102979,H1044,kumar,,Life,57857.8,,  chennai ,kumar17@ins.com,Not Filed,15-05-2018,25-08-2023,,2036.86,,Active,,12-11-2024,183874.11,35.68
POL100380,H1826,kumar,,Home,12171,386959.81,Bengaluru,kumar41@yahoo.com,Approved,,02-07-2023,4779032.61,13649.65,,,,"Jul 29, 2019",278039.9,68.54
POL104084,H1560,,,healthh,60826.1,405931.62,,user67@ins.com,Pending,"Jun 01, 2020",,,14498.74,,Active,,01-12-2024,,9.12
POL101931,H1116,  raj,37,Home,45616.12,,Bengaluru,raj88@yahoo.com,Not Filed,20-04-2019,11-06-2018,-4383.9,2849.11,,Expired,,,290493.11,
POL104554,H1164,arun,126,Motor,175758.34,,Chennai,arun96@yahoo.com,,01-08-2020,03/18/2022,,13447.63,,Expired,Invalid,,239468.94,
POL101905,H1863,Priya ,86,Motor,14880.18,188106.18,Bengaluru,priya25@gmail.com,Rejected,,"Aug 30, 2022",-797.3,-440.14,,,,17-06-2020,335848.19,29.38
POL103488,H1776,kumar,,lifee,27453.48,398292.11,  chennai ,kumar82@ins.com,Pending,12-06-2019,"Jun 05, 2021",-3205.15,15963.68,,Renewed,,08-03-2017,48606.75,
POL101547,H1684,Meena,,Travel,96357.25,29333.15,Hyderabad,meena82@gmail.com,Rejected,08-12-2016,18-04-2024,-1527.75,12868.74,BEN551,Renewed,Valid,,,51.21
POL101011,H1042, JOHN,67,Home,,794796.21,Bengaluru,john6@ins.com,Approved,20-09-2017,01-01-2023,4081731.89,5.76,BEN851,Expired,Invalid,27-09-2020,83194.06,94.46
POL101842,H1995,arun,86,Travel,,92666.44,Chennai,arun40@ins.com,Not Filed,"May 16, 2016","Nov 20, 2024",,16042.43,,Renewed,Invalid,,,37.81
POL100836,H1690,kumar,,Travel,,,Hyderabad,kumar47@yahoo.com,Rejected,"Dec 10, 2016",24-03-2018,2135600.49,8842.52,,Active,Valid,06-10-2021,,4.39
POL102651,H1912,arun,59,lifee,,,,arun40@yahoo.com,,"Mar 07, 2023",,,343.29,BEN384,Active,Valid,21-01-2022,359430.04,48.66
POL104856,H1016,kumar,59,Health,79575.18,222357.54,Bengaluru,kumar38@yahoo.com,Approved,11-03-2024,08-07-2017,-1301.24,19787.82,,Active,,02/28/2017,112497.41,95.42
POL103137,H1368,Priya ,40,lifee,17538.92,,Bengaluru,priya65@yahoo.com,,18-04-2018,25-12-2018,-9451.66,-143.93,,Lapsed,,29-12-2018,113744.93,91.43
POL104325,H1865, JOHN,,lifee,,,Delhi,john84@ins.com,Pending,"Mar 05, 2019",21-01-2017,4616285.79,9531.27,BEN105,Renewed,,,32149.63,77.44
POL101091,H1080,  raj,22,healthh,,437243.15,Chennai,raj8@gmail.com,Rejected,,11-03-2018,-7824.85,5896.14,,,,14-07-2020,,27.09
POL100841,H1648,kumar,101,Travel,39693.86,,Mumbai,kumar55@yahoo.com,Approved,12-04-2017,,-5411.36,19590.64,,Active,,27-05-2020,,3.63
POL102333,H1686,kumar,79,Motor,176461.74,237.19,Bengaluru,kumar43@yahoo.com,Approved,"Apr 12, 2017",02-09-2023,-7507.89,1330.07,,,Valid,"Aug 07, 2022",258239.62,42.24
POL100308,H1237,  raj,106,,,88055.28,Bengaluru,raj37@ins.com,Rejected,21-06-2024,02-05-2024,,-472.01,,Expired,,"Jun 17, 2023",,
POL102467,H1837,Priya ,52,Travel,20112.74,9559.34,  chennai ,priya39@ins.com,Pending,,,149263.94,8978.1,,Expired,,,1912.19,37.77
POL104122,H1362, JOHN,,Home,3682.21,419156.9,Bengaluru,john35@yahoo.com,Pending,,02-12-2024,3436988.71,18784.79,,,Invalid,,49232.92,
POL101969,H1483,,,healthh,,626137.85,,user17@gmail.com,Not Filed,"Feb 09, 2017",,-9108.47,15222.71,BEN386,Lapsed,Valid,,,23.78
POL100454,H1613,Priya ,,lifee,160460.48,,Bengaluru,priya42@yahoo.com,Pending,01-11-2016,"Feb 07, 2025",-4450.04,15464,BEN815,Expired,,,,
POL100519,H1246,kumar,112,Motor,,742151.57,  chennai ,kumar68@yahoo.com,Approved,04-02-2018,08-01-2018,-3562.23,18865.79,BEN610,,Invalid,"Jun 24, 2021",,
POL104329,H1598,,,Motor,131917.33,388510.29,Chennai,user77@yahoo.com,,,"Apr 24, 2023",1234687.2,7443.05,,Expired,Invalid,"Mar 15, 2019",339792.77,72.25
POL104563,H1169,kumar,,,,574715.72,Chennai,kumar55@gmail.com,Not Filed,31-07-2020,06-05-2017,2136549.41,17344.14,,,,,,47.71
POL101962,H1342,kumar,78,lifee,,,Hyderabad,kumar67@ins.com,Approved,01/14/2024,23-11-2022,-4490.43,5139.07,,Renewed,,01-03-2019,275560.79,29
POL104284,H1399, JOHN,,Travel,,465212.44,Delhi,john99@yahoo.com,Approved,23-11-2021,21-11-2017,675582.65,7886.13,,Renewed,Invalid,,172422.98,
POL103709,H1166,kumar,,Health,61117.95,,Bengaluru,kumar75@yahoo.com,,04-01-2025,,-3358.57,-777.84,,Renewed,,"May 24, 2023",,
POL102870,H1802,kumar,,Travel,64664.37,181360.16,Bengaluru,kumar2@gmail.com,Not Filed,02/22/2022,"Jan 19, 2016",-5427.35,7704.76,,,Valid,10-03-2017,320884.71,
POL104962,H1714,arun,,Home,,424540.48,Bengaluru,arun86@yahoo.com,,27-06-2019,"Jul 13, 2017",-7812.78,11130.05,BEN835,,Invalid,,,75.84
POL103717,H1584,Meena,77,Life,,562676.14,,meena@gmail,Not Filed,"Feb 09, 2021",01/29/2016,,13851.92,BEN982,Active,,12-06-2017,175667.52,85.44
POL104197,H1416,Meena,,Motor,,421220.82,,meena7@ins.com,Approved,"Jul 30, 2020",,125358.62,4868.32,,Renewed,,03-04-2017,74551.41,
POL100549,H1290, JOHN,84,healthh,62186.25,249792.23,Mumbai,john57@yahoo.com,Rejected,"Dec 31, 2017",16-06-2016,-8702.63,19665.38,BEN820,Lapsed,,01-09-2017,,
POL100641,H1042,Priya ,71,Life,,360803.76,Delhi,priya29@yahoo.com,Pending,07/14/2019,28-06-2020,2959396.92,13277.79,,Lapsed,Valid,"Aug 09, 2018",,14.21
POL104274,H1533,Meena,116,,1670.63,,Bengaluru,,Rejected,14-02-2020,"Sep 25, 2017",-4157.24,13568.43,,Expired,,,182454.32,31.96
POL101533,H1177,arun,67,healthh,,,,arun27@ins.com,Approved,09/22/2022,01-09-2018,3939938.41,14014.68,,,,02-11-2019,,77.08
POL101863,H1954,  raj,,Health,54341.02,423878.9,Bengaluru,raj83@yahoo.com,Pending,"Jun 09, 2020",,-4095.63,3176.29,,,,08-10-2022,,62.91
POL101312,H1291,arun,74,lifee,4232.95,150434.52,Hyderabad,arun62@ins.com,Not Filed,,,3424766.61,4823.72,,,Invalid,08/18/2019,174837.91,
POL101620,H1570, JOHN,60,Motor,,349685.51,  chennai ,john39@gmail.com,,11/27/2020,"Jul 26, 2024",2993437.07,-747.26,,,,02-06-2016,,17.01
POL102041,H1901,Priya ,38,healthh,193948.07,1697.07,Chennai,priya95@yahoo.com,Not Filed,11/17/2023,10-12-2022,-1850.45,9986.66,,Active,,"Apr 16, 2021",,
POL100934,H1117,kumar,-3,Motor,106089.91,162090.7,Chennai,kumar44@yahoo.com,Approved,03-10-2021,07-02-2024,-8407.89,12433.84,BEN103,,,06-10-2024,119022.98,6.68
POL100312,H1506,kumar,70,lifee,,274669.63,Hyderabad,kumar30@gmail.com,Approved,,"Dec 17, 2017",-2234.07,2825.35,BEN189,Lapsed,Valid,09-01-2020,,36.24
POL100157,H1223,arun,,Life,,,Hyderabad,arun77@ins.com,Rejected,09-03-2020,29-01-2024,-9085.98,5445.29,,Active,Valid,02-05-2016,,
POL100195,H1296,  raj,40,Life,193340.16,448230.35,,raj81@gmail.com,,15-10-2022,16-07-2022,-9746.35,3246.67,BEN498,,,"Jul 04, 2017",213576.02,
POL102121,H1645, JOHN,81,Travel,25105.55,752295.4,Hyderabad,john99@yahoo.com,Approved,10/30/2022,12-11-2022,,2507.97,,Active,,08/25/2018,,62.77
POL101235,H1652,kumar,,Health,,324858.89,Hyderabad,,Not Filed,03-01-2019,19-03-2024,,18381.16,BEN829,,Valid,15-05-2022,63177.32,39.6
POL104369,H1885, JOHN,,,,361539.34,Delhi,john88@gmail.com,,05/17/2025,"Mar 26, 2019",1058202.91,2353.92,,,Invalid,08-07-2019,,75.26
POL101240,H1880,  raj,-2,Home,18553.41,312427.7,Chennai,raj99@ins.com,Pending,,,3563067.22,6562.16,BEN540,,,27-04-2017,336617.35,
POL103968,H1720,,58,Travel,46415.35,104238.98,Mumbai,user@gmail,Pending,10-07-2020,08/28/2017,1421549.68,19831.11,,Lapsed,,11/17/2023,265738.85,1.71
POL100272,H1968,arun,,Home,7141.01,576539.56,Bengaluru,arun48@ins.com,Approved,,03/20/2016,,9133.42,BEN573,Active,,"Jan 12, 2024",137463.09,85.58
POL101125,H1637,  raj,36,Travel,,599353.13,Mumbai,raj8@yahoo.com,Rejected,03/15/2016,"Dec 24, 2021",,7176.65,BEN915,,Valid,24-08-2017,176598.75,
POL102951,H1415,,94,,74063.27,174495.08,  chennai ,user47@gmail.com,Rejected,"Jul 11, 2022",11-06-2023,2108697.21,9004.6,,Active,,08-11-2023,376338.89,
POL102395,H1393,Meena,47,lifee,25635.95,296609.94,Bengaluru,,,28-07-2021,12/15/2024,2885016.66,14302.62,,,Valid,07-05-2018,,92.12
POL100920,H1933,kumar,-3,,175082.19,241452.3,Hyderabad,,Not Filed,"Dec 09, 2020","Feb 21, 2023",586616.52,6298.76,,Lapsed,Valid,"Nov 15, 2023",168427.09,
POL103301,H1973,Meena,44,,41010,518559.21,Bengaluru,meena90@ins.com,Approved,"Jun 05, 2018",20-01-2019,-761.45,6228.19,,Active,Valid,11-12-2018,317013.78,71.89
POL104406,H1695,kumar,99,healthh,23299.62,151976.83,,kumar25@gmail.com,Approved,15-12-2018,12-09-2018,3377241.35,1892.29,,,,10-08-2016,,76.82
POL104367,H1256, JOHN,76,Travel,55517.95,434596.73,,john67@gmail.com,,02-03-2017,"Jul 28, 2016",354938.94,1458.25,BEN769,Expired,,06-06-2018,,31.38
POL101213,H1539,arun,,Home,35229.47,504728,Mumbai,arun83@ins.com,Not Filed,"Feb 04, 2023",,-1770.43,17679.21,,Lapsed,,27-03-2020,194336.28,56.01
POL101806,H1035, JOHN,,Home,23934.68,,,john21@yahoo.com,Approved,04/22/2023,08-06-2022,4652603.31,16894.13,,,Invalid,07-06-2020,327294.6,
POL101461,H1640,Priya ,19,healthh,,,Hyderabad,priya1@gmail.com,,,02-11-2018,,3168.04,,Active,Invalid,"Feb 09, 2022",317736.54,
POL100728,H1517,Meena,62,,,225686.13,  chennai ,meena54@gmail.com,Pending,"Aug 20, 2021",17-08-2019,,6090.35,,Active,,,,
POL102876,H1528,,51,Home,170017.92,278116.15,  chennai ,user32@yahoo.com,Pending,,03-04-2025,-5870.88,-1146.6,,Expired,Valid,01-09-2018,63441.99,9.8
POL101278,H1162,arun,52,Home,114881.53,477048.72,Chennai,arun32@ins.com,Approved,12-04-2020,"Jan 05, 2023",1878748.76,8899.6,BEN992,Renewed,,06-09-2020,,21.11
POL103406,H1416,arun,80,healthh,,,Mumbai,arun73@ins.com,Pending,17-10-2021,27-01-2017,1048172.38,10003.38,,Active,Valid,"Jan 13, 2019",,
POL100375,H1731,arun,46,Life,76456.47,378829.09,Delhi,arun11@ins.com,,07-03-2016,20-08-2016,,-154.45,,Renewed,Invalid,26-11-2021,306963.39,41.19
POL104757,H1629,  raj,14,lifee,80371.55,,Chennai,raj10@gmail.com,,05-02-2020,,-2987.17,16331.22,,Active,,14-03-2024,328002.68,
POL102852,H1633,Meena,46,Life,48164.05,722140.53,Mumbai,meena51@gmail.com,Pending,14-01-2023,22-05-2016,3618137.11,18616.4,,,Valid,07-10-2016,224624.83,
POL101260,H1140,kumar,,lifee,22141.72,,Mumbai,kumar26@gmail.com,Not Filed,,27-02-2017,-8505.3,10176.46,,Expired,,"Dec 13, 2023",,
POL103345,H1793,Priya ,,Travel,42360.56,,,priya50@gmail.com,Approved,06-07-2017,"Dec 31, 2018",4470856.1,6597.29,BEN363,,,"Jul 26, 2020",,
POL102099,H1814,Meena,62,lifee,10890.24,200947.02,  chennai ,meena61@ins.com,Not Filed,01-02-2018,10/14/2020,-6887.72,19534.95,BEN557,Renewed,,"Feb 27, 2017",,
POL101162,H1513,kumar,31,Health,,,,kumar42@ins.com,,04/19/2024,"Jun 10, 2022",773871.02,3737.39,,,Invalid,,,42.57
POL104217,H1485,arun,,Motor,48182.41,59285.63,Bengaluru,arun27@yahoo.com,,,,3590157.72,7031,BEN814,,Invalid,"Apr 01, 2022",,4.68
POL100617,H1602,arun,,Health,28948.57,325332.58,Mumbai,arun54@ins.com,Rejected,03/15/2024,06/21/2021,1106780.29,10464.57,,Renewed,Invalid,17-03-2023,,
POL103107,H1200,Meena,42,Health,65626.26,291589.31,Mumbai,meena20@yahoo.com,,"Jun 02, 2024","Oct 14, 2024",2466409.79,2442.27,,Active,Invalid,01/15/2025,388079.26,24.76
POL102242,H1177,  raj,,,-2573.34,401499.41,Bengaluru,raj30@yahoo.com,Approved,05-04-2016,20-11-2024,2722230.27,1092.03,,,Invalid,12/28/2018,291188.84,
POL104314,H1347,  raj,,lifee,,,Bengaluru,raj76@ins.com,Approved,,12-03-2023,2535583.24,3772.49,,Lapsed,Invalid,27-11-2022,,19.08
POL101051,H1424, JOHN,88,Home,,209233.45,  chennai ,john28@yahoo.com,Pending,,"Aug 04, 2019",-1178.17,14961.84,,Expired,Valid,03/13/2025,155596.43,
POL100611,H1904,,,healthh,,,Chennai,user@gmail,Pending,,09/22/2016,,1318.39,BEN183,Active,,"Feb 21, 2024",,36.69
POL103606,H1919,kumar,,Motor,97191.17,628456.32,Delhi,kumar1@gmail.com,Rejected,,19-11-2017,2323687.66,6802.54,,,Valid,"Jun 25, 2016",302374.94,77.45
POL102238,H1010,Priya ,,Motor,6033.62,410922.67,Hyderabad,priya46@yahoo.com,Not Filed,24-10-2021,21-08-2017,-9818.01,15433.02,,Lapsed,,02/23/2025,,41.26
POL103922,H1544,kumar,107,Home,54544.41,507560.78,Chennai,kumar16@gmail.com,Rejected,,"Mar 09, 2024",,7752.09,,,,"Apr 22, 2018",,
POL103975,H1460,Meena,40,Home,98214.34,796690.64,Bengaluru,meena15@ins.com,,29-08-2019,17-02-2021,4666773.11,2724.7,,Renewed,Valid,03-08-2024,74251.42,
POL102440,H1087,Meena,63,Health,5897.96,403678.77,Bengaluru,meena70@yahoo.com,Approved,,"Mar 02, 2017",,8074.9,,,Invalid,,,
POL102214,H1966,Priya ,48,lifee,17029.33,170681.91,Mumbai,priya47@gmail.com,Not Filed,,"Mar 15, 2023",,3666.87,,,Invalid,25-05-2018,,
POL103490,H1721,Meena,,Home,,,Bengaluru,meena53@gmail.com,,21-08-2017,"Sep 16, 2022",,1955.16,BEN934,Lapsed,,30-01-2017,,
POL103668,H1690,kumar,119,Motor,,337653.99,,kumar28@ins.com,,,,,4621.4,BEN953,,Invalid,08-04-2025,112415.78,1.23
POL103149,H1250, JOHN,,Health,39446.76,20017.9,,john56@ins.com,Approved,"Oct 29, 2019",17-08-2022,2749069.24,-1623.26,BEN763,,Valid,01-02-2021,,75.86
POL102670,H1508,Meena,60,Life,,297075.99,Delhi,meena77@gmail.com,,13-06-2019,"Jul 09, 2022",1719716.38,3799.43,BEN799,Expired,Invalid,07-06-2018,,41.66
POL101777,H1660,  raj,124,Travel,73572.8,228977.6,,raj63@ins.com,Approved,,"Aug 20, 2019",-6282.11,-813.23,BEN147,Expired,Invalid,"Mar 06, 2020",,28.69
POL100377,H1641,,129,healthh,76878.16,359971.5,Delhi,user48@yahoo.com,,20-04-2016,02-02-2020,-3149.76,18943.9,,,,"Sep 12, 2021",185152.07,
POL101316,H1788,,,Home,36704.07,282034.48,Hyderabad,user30@yahoo.com,Pending,06-12-2016,05/22/2021,3881332.31,-1189.9,BEN384,Renewed,Valid,12-04-2017,333710.85,44.78
POL103126,H1622,arun,18,Home,75244.58,477686.54,  chennai ,arun4@yahoo.com,Not Filed,09-09-2022,28-12-2017,-4293.47,11802.38,BEN268,Expired,,23-05-2020,317088.8,33.57
POL101155,H1504,  raj,,Health,,,Mumbai,raj51@yahoo.com,Pending,"Aug 07, 2024","May 10, 2023",556692.1,13630.83,,Lapsed,Valid,11/23/2019,291360.38,33.64
POL102680,H1923,arun,,Life,45516.44,573525.95,Bengaluru,arun53@yahoo.com,Not Filed,"Apr 26, 2023",27-07-2018,-7175.82,2589.59,,,Invalid,,,
POL102570,H1717,Priya ,49,Health,17585.25,,Mumbai,priya20@yahoo.com,Pending,"May 25, 2016",06-06-2021,3510515.62,3176.24,,Expired,Valid,"Jun 18, 2019",,
POL100292,H1717,arun,,Health,58679.79,,,arun77@yahoo.com,Pending,24-01-2017,,,833.95,,Expired,Valid,,,
POL103941,H1540,Meena,,Health,15628.57,294125.47,Chennai,meena11@gmail.com,,03-06-2024,07/13/2017,,15555.98,BEN967,,,10-11-2020,153760.71,76.54
POL101541,H1538,  raj,,Life,,,Delhi,,,,,4155783.94,17605.08,,Active,,10-01-2023,337689.31,
POL102019,H1588,arun,,Home,,300271.94,  chennai ,arun88@ins.com,,17-02-2022,,,2771.76,,Expired,Valid,13-07-2019,378860.37,
POL103155,H1826, JOHN,64,Travel,36086.85,417923.64,Bengaluru,john79@gmail.com,Rejected,07/25/2022,"Apr 16, 2021",-3007.76,5459.76,BEN302,Expired,,"Jun 21, 2023",86000.2,3.75
POL103085,H1478,kumar,103,healthh,98185.13,147809.11,Delhi,,,03/19/2019,04-11-2024,2035851.01,14076.12,,Active,Invalid,03-04-2025,252138.43,41.93
POL102665,H1517,,121,lifee,86812.74,173847.89,Mumbai,user77@yahoo.com,Not Filed,,"Sep 10, 2018",3683527.66,871.62,BEN571,,Valid,"Feb 20, 2020",210303.74,
POL103998,H1119,,23,Motor,5886.32,,  chennai ,user50@yahoo.com,Rejected,07-12-2018,,-4103.67,6145.97,BEN726,,,16-01-2021,169771.54,11.39
POL101668,H1893,arun,54,,55985.79,,  chennai ,arun21@yahoo.com,Rejected,09-10-2016,,-4360.79,9950.4,,Lapsed,,09-03-2018,10552.19,
POL102270,H1263,Meena,,lifee,32332.34,,Mumbai,meena92@ins.com,Not Filed,21-08-2021,05/20/2016,-7152.98,617.13,,Renewed,Invalid,24-11-2020,,
POL100971,H1124,kumar,26,Travel,164836.35,58184.24,Bengaluru,kumar25@gmail.com,,,,377282.17,4026.13,BEN956,Expired,Invalid,,,65.86
POL104499,H1399,arun,63,healthh,,,Hyderabad,arun14@yahoo.com,Rejected,,27-02-2021,682221.34,9291.24,,Active,Invalid,01-04-2023,,
POL104264,H1403,kumar,67,lifee,143017.16,648398.74,Mumbai,kumar28@gmail.com,Pending,16-08-2023,"Apr 29, 2024",-7928.34,-530.88,BEN679,,Invalid,"Apr 14, 2022",,53.93
POL100685,H1760,Priya ,,Life,,9086.85,Bengaluru,priya92@gmail.com,Not Filed,06-07-2018,,-9951.71,9464.03,,Active,Valid,06-04-2018,,
POL100463,H1467,,33,Life,,,Bengaluru,user72@gmail.com,Rejected,14-01-2024,,,2740.46,,Renewed,Valid,06-05-2016,198969.37,
POL101292,H1867,Meena,,lifee,104063.88,,Bengaluru,meena96@ins.com,,"Jan 30, 2022",19-02-2023,-7760.03,4545.77,,Lapsed,,10-06-2017,73365.59,
POL104476,H1368,Priya ,34,Home,45528.8,84286.92,Bengaluru,priya90@ins.com,Rejected,08-01-2024,02-01-2022,-3436.58,19631.76,,Renewed,,,303277.8,
POL103327,H1760,arun,95,Home,91062,,Mumbai,arun44@ins.com,Pending,28-10-2023,07/26/2023,1832257.25,10485.07,,Renewed,,"Jul 25, 2021",,
POL102773,H1779,Meena,43,lifee,148168.4,133931.82,Mumbai,meena@gmail,Pending,,09-01-2020,-553.33,16548.78,BEN627,Expired,,16-01-2021,,
POL103084,H1953, JOHN,22,Health,72981.14,573364.28,,,,,04-01-2022,1701588.93,1956.66,,Active,Invalid,"Jul 28, 2023",,
POL102715,H1135, JOHN,23,Health,65257.68,,Hyderabad,john62@gmail.com,,"Feb 12, 2021","Jan 12, 2023",,6423.43,,,,21-11-2020,172371.97,85.7
POL100246,H1908,,,Health,33782.05,439937.81,Hyderabad,user71@gmail.com,,08-11-2018,14-12-2022,-1096.81,11035.08,,,,,,84.16
POL103189,H1406,Meena,,Life,53863.63,424383.84,Mumbai,meena22@yahoo.com,Not Filed,03/15/2022,09/20/2020,3406143.67,-1634.8,,Renewed,Invalid,,,26.75
POL102850,H1356,  raj,,Health,63471.01,142027.29,Delhi,raj12@ins.com,,"Apr 20, 2023",,,19578.82,,,,26-03-2018,,
POL103556,H1994,,20,Home,15392.56,498223.76,Chennai,,Approved,03-12-2021,06-02-2017,665168.4,2856.58,BEN738,Expired,Valid,10-06-2021,390294.46,
POL100138,H1810, JOHN,,Life,,561507.68,  chennai ,john73@ins.com,Not Filed,"Dec 05, 2018",06-06-2025,,9366.58,BEN485,,,01-09-2023,326894.71,48.69
POL101886,H1754,kumar,85,Motor,19365.14,,,kumar5@ins.com,,07-03-2019,,4697391.29,2739.85,,Lapsed,Valid,31-01-2024,,26.25
POL104875,H1505,Meena,100,Home,,,Bengaluru,meena33@ins.com,,"Oct 08, 2017","May 15, 2021",-1804.6,19031.68,,Renewed,,07-07-2019,324161.83,67.2
POL101464,H1195, JOHN,41,lifee,87171.78,314823.63,,john52@gmail.com,,23-05-2019,,-1450.57,15882.78,,Renewed,,,222389.7,
POL103760,H1907,kumar,48,,,108147.57,Chennai,kumar98@ins.com,,"Feb 18, 2021",23-03-2017,,306.42,,Lapsed,Invalid,21-07-2016,,65.39
POL103653,H1447,kumar,,,,204855.91,Mumbai,kumar11@yahoo.com,Approved,13-04-2023,06/13/2020,-8661.55,18951.22,,Lapsed,,"Apr 26, 2025",,
POL100125,H1634,Meena,64,,,177569.49,  chennai ,meena90@ins.com,Approved,03-05-2019,"Feb 04, 2017",-2831.44,7002.64,,Expired,Invalid,01-10-2017,372086.5,
POL104816,H1871,arun,11,Travel,60153.33,625091.63,Chennai,arun@gmail,Not Filed,25-12-2022,07-09-2023,-6704.27,9592.46,,Renewed,Valid,11-04-2022,,
POL103396,H1920,  raj,,lifee,110264.11,339755.01,  chennai ,,,,03/18/2019,-3312.2,13601.15,BEN714,Active,Invalid,,,
POL102829,H1937,arun,,Travel,,729712.67,  chennai ,arun23@gmail.com,,11-03-2025,"May 03, 2020",4329743.86,15391,,Lapsed,Valid,"Mar 09, 2019",,
POL103051,H1585,Priya ,,lifee,24471.56,,Hyderabad,,,01/29/2020,28-10-2019,,17254.93,BEN237,Lapsed,,"Jan 27, 2018",,
POL100873,H1795,Priya ,,healthh,,,Bengaluru,priya18@ins.com,Not Filed,14-04-2017,02/25/2018,,4723.86,BEN766,,Invalid,12/30/2020,,
POL104442,H1965,arun,46,healthh,199091.41,679378.78,Delhi,arun40@yahoo.com,,,26-02-2021,2461652.39,10154.66,BEN685,Expired,,,,68.97
POL102635,H1846,  raj,73,,24342.53,,Delhi,raj36@gmail.com,,21-09-2024,01/20/2024,,16136.18,,Expired,Valid,,,
POL102688,H1500,  raj,43,,71882.8,124389.11,Chennai,,Approved,,20-12-2019,,6892.25,,,,,,
POL101879,H1682,kumar,,healthh,100568.38,52443.93,  chennai ,kumar37@yahoo.com,Rejected,"Jun 28, 2022",17-02-2021,-9165.04,7956.99,,Lapsed,,"Jan 03, 2016",114070.05,92.37
POL103950,H1255,  raj,19,,,326524.8,Chennai,raj12@gmail.com,,31-01-2023,09-01-2016,-8493.99,8290.72,,Active,,03-10-2023,375415.41,79.58
POL104920,H1964,kumar,82,Motor,95391.5,,Chennai,kumar21@gmail.com,Not Filed,"Feb 01, 2018","Jul 27, 2019",-6252.68,19650.36,,Active,,,292009.08,89.53
POL100059,H1361,arun,,,,441227.87,Delhi,arun52@ins.com,,,10-07-2025,1844492.69,9093.62,,Lapsed,Valid,28-03-2022,390033.13,37.32
POL102134,H1630,Priya ,21,,1954.72,765661.2,  chennai ,priya30@yahoo.com,,04-04-2017,14-04-2016,2647829.04,12792.3,,Lapsed,,03-07-2025,,36.72
POL102235,H1933, JOHN,,healthh,,749946.67,Mumbai,john58@gmail.com,Pending,18-03-2021,07-09-2023,,5486.54,,,,17-02-2018,113053.68,7.24
POL104760,H1918,  raj,27,,34234.29,84560.17,Bengaluru,raj56@yahoo.com,Not Filed,13-12-2016,06/14/2016,-9918.42,18947.88,BEN841,Lapsed,Invalid,25-07-2018,,86.32
POL103002,H1911,,37,Health,,267200.71,Chennai,user29@gmail.com,Rejected,19-01-2023,13-06-2016,,11804.74,,,,02-12-2024,354121.07,
POL101489,H1886,arun,51,Life,69291.78,,Mumbai,arun39@gmail.com,,07-06-2018,29-01-2021,2019148.42,18297.03,BEN229,Active,Invalid,"Mar 26, 2019",42807.05,
POL103447,H1699,  raj,125,Home,64753.62,403563.75,Delhi,,,"Sep 05, 2023","Sep 30, 2023",-5124.4,4491.72,,Lapsed,Invalid,07-01-2019,19451.35,56.03
POL101207,H1026,  raj,123,Home,,267536.33,  chennai ,raj40@ins.com,,09-02-2016,08-12-2022,,7367.02,,,,24-02-2024,290157.52,80.9
POL101021,H1008,arun,17,Home,,205898.83,Bengaluru,,Pending,,,2190406.45,7405.42,BEN525,Expired,,27-02-2018,,
POL100232,H1240,kumar,85,Home,98431.11,66119.13,Chennai,kumar65@gmail.com,Rejected,"Jan 30, 2017",28-10-2022,493757.51,1119.51,,Active,Invalid,"Jan 17, 2025",348671.82,74.78
POL102536,H1842,Priya ,120,lifee,10734.35,149899.14,Hyderabad,priya28@gmail.com,,22-11-2017,19-04-2022,-5639.04,2406.92,,Expired,,02-10-2024,209532.42,93.31
POL103528,H1662,  raj,,Life,120767.69,,,raj87@ins.com,Pending,06-12-2018,01-09-2018,-2202.41,1692.15,,Active,Invalid,10-04-2020,271270.63,
POL104262,H1502,Meena,,lifee,112951.82,266254.45,Delhi,,Rejected,,11-04-2017,616948.96,930.06,BEN294,Active,Valid,"Aug 21, 2017",,57.99
POL101069,H1483, JOHN,27,Travel,141940.46,51361.48,Mumbai,john84@ins.com,Not Filed,12/17/2023,08-02-2018,,-1916.56,BEN938,Active,,01-02-2023,110945.18,35.55
POL102396,H1573,Meena,28,Home,43348.26,181030,Delhi,meena24@gmail.com,,04/28/2023,15-11-2018,830526.75,14690.76,BEN441,,Invalid,,,43.52
POL102008,H1587,arun,21,lifee,,175812.02,Hyderabad,arun81@yahoo.com,Not Filed,14-04-2021,04/19/2016,,-1225.48,,,,"Jul 10, 2016",379673.36,
POL101263,H1508, JOHN,104,Life,,448921.33,,john59@ins.com,,"Mar 23, 2016",,-6127.94,8177.06,,Expired,,25-01-2024,47485.89,53.8
POL104986,H1552,kumar,54,Health,,,,kumar75@gmail.com,,04/19/2017,13-12-2018,,19660.78,,,,21-01-2020,,
POL101123,H1108,arun,,Motor,78062.42,376524.33,Delhi,arun1@ins.com,,03-07-2021,,2751202.67,11448.5,,Active,Invalid,29-09-2020,,36.97
POL102868,H1986,  raj,74,Home,81539.37,117036.1,,raj43@ins.com,,23-11-2021,01/13/2019,2478643.97,13373.65,BEN332,,,"Aug 01, 2016",,
POL102386,H1822,arun,130,Health,20567.72,325732.74,Mumbai,arun16@ins.com,,25-08-2020,"Jul 19, 2023",3740158.5,5040.49,,Expired,Valid,02-07-2020,339401.82,
POL101741,H1463, JOHN,,Travel,,518846.85,Chennai,john17@gmail.com,,"Feb 13, 2024",03-03-2019,4114609.13,1676.9,,Active,Invalid,"Oct 08, 2020",378882.36,68.42
POL100288,H1471, JOHN,32,,134396.09,332675.35,Chennai,john89@ins.com,Rejected,,"Oct 21, 2024",3173831.51,13491.09,BEN485,Lapsed,Invalid,09-05-2019,,
POL104338,H1762,Meena,46,,49876.69,38500.61,Delhi,meena17@yahoo.com,Pending,"Jul 06, 2023","Dec 01, 2020",2873722.54,8501.27,BEN596,Expired,,"Sep 24, 2016",,
POL103795,H1743,arun,27,Travel,,678523.32,Delhi,arun54@yahoo.com,,,,-1094.43,12524.7,,,Invalid,"Apr 15, 2017",143490.06,
POL100832,H1592,  raj,,Motor,,371840.28,Delhi,raj43@yahoo.com,Rejected,"Feb 16, 2019","Jan 02, 2025",,-1905.39,BEN995,Active,Invalid,,,90.1
POL100048,H1544,Meena,16,healthh,99634.85,,Bengaluru,meena30@gmail.com,Pending,20-05-2020,07/18/2020,,11379.3,BEN438,,Valid,"Nov 14, 2016",323835.35,18.49
POL100255,H1770,  raj,110,lifee,46250.03,,,raj1@ins.com,,21-04-2025,"Aug 04, 2016",2801163.74,14774.24,BEN651,,Valid,,12379.01,67.22
POL101046,H1269,  raj,85,Travel,,306804.57,Bengaluru,raj67@ins.com,,12-01-2017,28-04-2016,,81.27,,,,07-08-2016,,
POL102605,H1039,,70,Motor,19364.99,14955.43,Chennai,user62@yahoo.com,,07/17/2016,,,15037.83,,,Valid,16-11-2020,,
POL103363,H1975,arun,38,Home,9585.02,211364.26,  chennai ,arun78@ins.com,,07/25/2019,,-2058.72,-319.35,,Active,,13-08-2020,,70.87
POL104779,H1799,Priya ,21,Life,152200.47,288951.53,Chennai,priya25@gmail.com,Not Filed,05/24/2024,18-03-2022,1048284.51,14269.62,BEN190,Active,,15-02-2024,,
POL102501,H1775,  raj,,Life,191750.34,67290.63,Delhi,raj92@ins.com,Not Filed,22-12-2019,"Aug 10, 2021",3738445.51,1817.44,,Renewed,,02-05-2022,,
POL104279,H1741,kumar,93,Health,20831.23,183405.45,Bengaluru,kumar@gmail,,07-11-2019,26-05-2019,3844381.63,13293.36,BEN807,Active,Valid,15-01-2019,,84.78
POL102091,H1974,,106,,,138603.66,Delhi,user45@yahoo.com,,"Dec 11, 2020",12/27/2021,-9717.45,18824.22,BEN697,,,13-02-2020,,80.75
POL101212,H1827,kumar,35,lifee,63451,191533.42,Chennai,kumar46@gmail.com,,"Aug 10, 2022","Nov 16, 2020",,15538.37,BEN189,Active,,15-12-2020,,37.97
POL103128,H1208,kumar,74,Travel,27158.02,646122.75,Delhi,kumar24@gmail.com,Not Filed,"Jan 22, 2021",07-03-2023,,17557.27,,,Valid,05-07-2017,,25.73
POL100958,H1892,arun,,healthh,124416.18,,,arun@gmail,Approved,03-11-2024,12/31/2024,,17213.87,,Active,Valid,,,73.36
POL100490,H1022,kumar,,Home,97269.25,36285.69,Chennai,kumar29@ins.com,Not Filed,20-09-2020,15-10-2019,3502039.53,14335.52,,Lapsed,,21-02-2023,96997.68,
POL101277,H1971,  raj,61,healthh,,,Chennai,raj73@gmail.com,Not Filed,27-09-2020,08-03-2016,4805969.68,17925.79,,Lapsed,Invalid,,45900.74,
POL102632,H1190,,47,,60326.29,344962.87,Mumbai,,Pending,21-05-2022,02-10-2024,2054009.08,16865.53,,Lapsed,,28-04-2021,389816.08,39.05
POL104236,H1998,arun,128,healthh,39704.44,150103.35,Bengaluru,arun52@ins.com,,11/19/2022,"May 21, 2022",-1661.25,8967.16,,,,23-08-2017,,
POL101661,H1235,arun,,,43980.87,316383.58,Hyderabad,arun40@yahoo.com,,30-11-2024,15-06-2025,,19647.66,,Lapsed,,05-10-2017,255180.02,73.29
POL103755,H1939,Priya ,61,healthh,106844.15,,Hyderabad,priya12@gmail.com,Approved,,06/17/2020,,15815.64,BEN630,Active,Valid,"Sep 21, 2018",,
POL100086,H1860,kumar,120,Life,,,  chennai ,kumar99@gmail.com,,,12-12-2018,-7321.11,16112.22,,Active,,,87416.77,
POL104031,H1241,Priya ,39,Motor,45661.34,653808.93,Hyderabad,priya55@yahoo.com,Rejected,"Jan 05, 2018",,-3087.68,807.84,BEN742,,,21-07-2022,,
POL103800,H1010,Priya ,113,Life,,302604.86,  chennai ,priya87@yahoo.com,Approved,03/17/2025,,,8685.93,,Renewed,,22-03-2024,,
POL103656,H1968,kumar,,Home,107793.92,,Mumbai,kumar40@ins.com,Rejected,30-01-2017,06/19/2020,-3854.17,5674.51,,,,02/23/2021,,
POL102205,H1122, JOHN,48,,80245.45,,Chennai,john45@ins.com,Not Filed,,10-05-2021,4038068.1,3284.31,,,Valid,06-01-2024,77661.75,
POL104060,H1350,,26,Life,25892.45,463242.09,Hyderabad,user44@yahoo.com,Rejected,"Oct 04, 2016","May 14, 2024",-9639.48,11240.94,,Expired,Invalid,07/22/2017,,
POL103207,H1166,  raj,113,lifee,21146.35,,Delhi,raj71@ins.com,Pending,09-09-2021,03-01-2020,,5380.67,,,Valid,06/26/2019,,73.29
POL100037,H1436,  raj,80,,8538.65,63095.79,,raj49@yahoo.com,,05-07-2017,"Jul 09, 2024",-5698.01,517.11,,,Invalid,"Mar 26, 2019",,41.38
POL101964,H1953,arun,88,lifee,13708.69,,Chennai,arun64@ins.com,Approved,,,,1581.46,BEN693,Expired,Invalid,"Dec 14, 2023",319011.11,44.88
POL100939,H1903,,61,Home,35498.36,496221.9,Mumbai,user47@gmail.com,Approved,03/20/2020,"Jun 26, 2021",,17675.2,,,Valid,25-06-2019,,
POL101867,H1777,,66,Travel,48210.52,623940.99,Chennai,user52@ins.com,,19-08-2018,,,6570.96,,Expired,Valid,,,
POL102815,H1048,Meena,,Motor,178288.61,302133.88,Hyderabad,meena23@gmail.com,Pending,"Dec 25, 2023",02-07-2024,-9215.93,16919.64,,Expired,,11-02-2017,,87.98
POL102485,H1947,Meena,,healthh,30241.54,156670.14,Bengaluru,meena71@yahoo.com,,15-09-2019,04-02-2025,,-725.17,,Renewed,,06-08-2018,104130.79,
POL100821,H1073,,66,Home,,728849.95,  chennai ,user3@ins.com,Approved,07-07-2024,"May 31, 2019",,10535.55,,,Invalid,29-11-2024,,20.72
POL102409,H1629,Meena,,healthh,,692331.19,  chennai ,,Approved,"Aug 03, 2022",04-11-2025,-2383.92,15814.57,,Active,Valid,18-04-2025,,11.49
POL101503,H1399,Priya ,52,lifee,9300.44,,Mumbai,priya65@gmail.com,Not Filed,17-06-2020,,-7374.55,2742.04,,Active,,16-06-2017,,35.01
POL102425,H1016, JOHN,29,Travel,,258632.69,Chennai,john81@gmail.com,Approved,,07/17/2025,4828297.63,3691.12,BEN522,Lapsed,,"Dec 22, 2022",,6.86
POL100869,H1223,kumar,124,Travel,69129.28,,Bengaluru,kumar90@ins.com,Approved,01-12-2016,12-01-2021,2522975.86,5657.3,,,Invalid,23-09-2024,,
POL102879,H1691,kumar,108,healthh,,237948.63,Delhi,kumar59@ins.com,,,"May 23, 2018",,16999.98,,,Valid,04-04-2017,157927.41,82.99
POL102285,H1680,Meena,26,Life,2433.26,,Chennai,meena62@yahoo.com,Rejected,17-04-2018,,-5413.6,7886.43,,,,,,
POL102676,H1480,,27,Travel,64729.48,,,user5@yahoo.com,,"Oct 12, 2019",31-08-2018,4697716.1,9006.25,,,Valid,,59380.45,
POL103485,H1692,Meena,7,,24973.47,337173.55,Hyderabad,meena70@yahoo.com,Rejected,06-02-2021,04-07-2018,,-291.41,,Renewed,Invalid,20-04-2019,38699.04,78.6
POL104684,H1211,Meena,25,lifee,,427763.7,,meena58@ins.com,Not Filed,"Mar 26, 2016",02-01-2018,1646879.42,1714.91,,Lapsed,,,,70.36
POL101174,H1091,  raj,,healthh,190824.28,,  chennai ,raj74@gmail.com,,,"May 02, 2018",-9317.08,9745.46,,,,17-03-2020,,77.49
POL103585,H1728,Meena,40,,25617.81,417616.11,Delhi,meena44@gmail.com,Not Filed,12-11-2020,05-07-2019,735223.41,8493.65,,,,20-10-2022,,66.27
POL101727,H1105,  raj,44,lifee,,208760.6,Mumbai,raj46@gmail.com,Approved,06-01-2017,10-09-2019,,11814,,,Invalid,06-12-2019,117988.91,20.29
POL101233,H1360,kumar,100,Motor,191555.4,82359.27,,kumar86@ins.com,Pending,,02-10-2016,2831399.74,2173.66,,Lapsed,,"Jun 12, 2022",192103.18,
POL104584,H1130, JOHN,49,,85689.76,308108.04,  chennai ,john41@ins.com,Rejected,10-08-2021,"Dec 29, 2019",,5438.24,,Active,Valid,04-02-2021,,
POL104511,H1960, JOHN,71,Health,61773.26,208269.88,Chennai,john44@yahoo.com,,"Dec 26, 2018",12-05-2023,,1648.92,,Active,,08-01-2024,126515,87.91
POL102174,H1822,  raj,,Home,,212122.53,Mumbai,raj67@yahoo.com,Rejected,01/30/2018,,-9150.96,8047.57,,Lapsed,,"Jul 04, 2023",,
POL100602,H1669, JOHN,,Travel,181407.03,,Chennai,,Not Filed,,,-9807.78,7426.41,,Active,Valid,,154742.96,
POL102925,H1834,  raj,,Travel,,428846.07,Delhi,,Not Filed,07-06-2019,07-11-2021,-6504.86,3763.66,,Expired,Valid,,152008.5,
POL100737,H1033,Meena,29,Health,,210639.62,Delhi,meena77@gmail.com,,02-01-2016,03/22/2022,1703339.01,17799.79,BEN183,Active,,19-10-2023,119302.64,
POL100725,H1475,kumar,,,,334701.82,Hyderabad,kumar6@gmail.com,Not Filed,12-03-2016,"Sep 30, 2016",-6598.19,10110.54,BEN120,Renewed,Invalid,06-07-2021,,
POL100406,H1544,Priya ,53,Home,,159603.77,Bengaluru,priya98@gmail.com,,12-02-2023,19-07-2021,-5568.02,13113.1,BEN942,Expired,Valid,25-04-2022,85286.58,32
POL101868,H1870,  raj,115,Motor,20734.38,196364.83,,raj24@ins.com,Rejected,18-05-2016,,-8011.34,12829.2,,Lapsed,,06/25/2017,106036.16,72.65
POL104219,H1835,  raj,,Travel,22300.85,227154.09,Mumbai,raj82@yahoo.com,Not Filed,"Nov 29, 2020",,-6601.12,17605.13,,Active,,"Aug 03, 2016",240736.88,
POL101188,H1418,Meena,63,Life,,,Hyderabad,meena49@yahoo.com,Pending,05-04-2023,20-02-2018,,8732.52,,,,,,
POL100960,H1461,arun,,Life,,644371.09,Chennai,arun59@yahoo.com,Pending,05-08-2018,13-03-2016,1029765.97,14784.4,,Lapsed,,02-02-2017,,45.77
POL104807,H1381,Priya ,20,healthh,18004.14,789464.18,Bengaluru,priya57@ins.com,Rejected,08/16/2023,,-8568.54,5925.2,BEN328,Active,Valid,,,8.84
POL102260,H1055,,36,Health,179359.85,459188.96,Bengaluru,user12@yahoo.com,Not Filed,27-04-2017,09-10-2018,-8519.96,12569.58,,Expired,Invalid,05-07-2016,57392.67,
POL101860,H1107,Meena,77,Health,,,Delhi,meena79@gmail.com,Pending,04-11-2019,03/13/2019,3302253.48,7387.24,,,Invalid,"Sep 03, 2021",,
POL104912,H1767,Meena,,Travel,89270.37,,  chennai ,,Pending,11/15/2023,04/29/2021,-3080.77,-1519.67,,Lapsed,,28-03-2022,129976.08,
POL102098,H1522,Priya ,,Travel,5097.29,434304.99,  chennai ,priya14@yahoo.com,Approved,,29-09-2022,-3532.7,17461.68,BEN893,Active,,,,
POL104109,H1561,arun,73,lifee,44846.96,17689.88,Bengaluru,arun72@ins.com,Rejected,07-05-2019,08-03-2022,,16355.1,,,Valid,13-10-2016,18315.54,41.37
POL100226,H1848,Meena,,Health,43805.76,260075.16,  chennai ,meena55@ins.com,Pending,02-06-2025,28-03-2020,1109837.76,3594.73,BEN703,Renewed,,15-05-2022,126595.98,
POL102921,H1056,arun,,Travel,70878,444982.29,Mumbai,arun@gmail,,,04-11-2021,,4725.94,,,Valid,04-02-2020,,77.91
POL103955,H1074,arun,24,Life,,362951.41,Bengaluru,arun43@gmail.com,Pending,01-08-2022,03-11-2024,413350.6,3472.52,,,Valid,01-09-2020,78859.55,
POL102982,H1913,arun,,Motor,113760.77,482011.15,Delhi,arun22@ins.com,,,07/14/2017,-2611.88,630.95,,,Invalid,,381530.3,76.46
POL104642,H1699,kumar,47,healthh,45582.7,442581.82,  chennai ,kumar89@ins.com,,,,-4704.03,19179.33,,Expired,,08-04-2017,,35.16
POL100434,H1509,Priya ,,healthh,94429.1,441341.79,Mumbai,priya25@gmail.com,Approved,07/16/2016,27-07-2020,-788.75,13568.02,,Active,Valid,03-11-2023,364746.81,
POL100382,H1712,  raj,53,Life,82420.91,498615.79,Bengaluru,raj83@yahoo.com,Approved,20-06-2022,05/26/2018,,13524.07,BEN281,Active,,12-06-2021,,31.42
POL102009,H1658,kumar,59,Motor,,,Mumbai,kumar@gmail,Pending,22-06-2018,01/21/2019,2308718.37,15868.78,BEN255,Lapsed,Invalid,05-11-2018,,
POL100966,H1465,Priya ,72,Motor,49783.34,459124.3,  chennai ,priya68@gmail.com,Rejected,12-06-2016,,809497.53,10174.98,BEN779,Lapsed,Valid,10-12-2020,,79.1
POL103690,H1513,  raj,19,Health,18673.42,,,raj24@yahoo.com,Approved,15-03-2025,22-09-2018,,18915.44,BEN415,,Invalid,"Dec 22, 2016",309835.86,11
POL103113,H1770,arun,16,,96453.78,,Chennai,arun@gmail,Not Filed,22-05-2024,05/18/2018,3440392.05,3446.51,BEN591,Expired,,06-04-2019,,59.31
POL101796,H1587,arun,90,healthh,188522.26,441980.72,Hyderabad,arun95@yahoo.com,Approved,,29-12-2024,,17045.56,BEN907,Expired,Invalid,"Sep 12, 2016",,56.66
POL102767,H1717,  raj,84,Health,190062.25,128634.47,Mumbai,raj68@yahoo.com,,"May 30, 2024",05-06-2022,3630007.91,2670.68,,Lapsed,Valid,04/18/2019,240396.56,
POL102010,H1826,  raj,17,Life,17265.25,244051.08,Hyderabad,raj85@gmail.com,Approved,02/28/2023,"Dec 19, 2018",-1738.08,3200.93,,Active,,11-10-2017,256097.09,19.51
POL101794,H1485,arun,75,Health,,135479.05,  chennai ,arun40@gmail.com,Not Filed,11-09-2021,03-03-2016,-3866.57,3983.88,BEN641,Active,Valid,03-01-2023,,
POL104032,H1136, JOHN,44,lifee,,301563.19,  chennai ,john79@yahoo.com,Not Filed,"Sep 09, 2024",30-12-2024,1318465.31,-1752.24,BEN395,Lapsed,,,248806.57,
POL100325,H1421,arun,30,,80684.13,,  chennai ,arun26@gmail.com,Approved,07/25/2025,"Feb 02, 2018",-1795.82,15261.97,BEN505,Lapsed,Invalid,,113441.77,30.74
POL100747,H1607, JOHN,,healthh,25951.43,650224.16,Hyderabad,,Rejected,,20-03-2022,3658152.8,17694.35,,Lapsed,,12-10-2019,,
POL103771,H1306,kumar,,Travel,67660,479303.64,,kumar8@gmail.com,Approved,09-09-2016,23-08-2018,,7410.05,,Active,Invalid,30-01-2025,,
POL101526,H1318, JOHN,41,Motor,46586.2,261201.03,Hyderabad,john90@yahoo.com,Rejected,02-10-2021,07/31/2020,-8437.32,13214.48,,Renewed,,25-02-2023,,
POL104790,H1148, JOHN,,Life,52286.25,,Mumbai,john53@gmail.com,Pending,05-02-2025,06-06-2024,2186660.23,2239.77,,Lapsed,Valid,16-09-2023,,35.31
POL104341,H1309,,,,199390.18,,Bengaluru,user47@gmail.com,Pending,,06-09-2022,-1610.99,12750.16,BEN851,Expired,,03-05-2017,,78.8
POL101410,H1433,  raj,,lifee,,,Bengaluru,raj79@yahoo.com,Rejected,,"Jan 20, 2022",,12002.99,BEN433,,Valid,"Mar 24, 2021",,
POL103237,H1729,kumar,,Health,90753.44,78991.97,Mumbai,kumar71@gmail.com,Rejected,,24-05-2019,-462.84,17090.68,,Renewed,Valid,08-09-2018,,34.74
POL104290,H1656,,34,healthh,61376.9,423249.13,Mumbai,user99@yahoo.com,Not Filed,06-07-2018,28-02-2022,-9742.52,8952.34,BEN358,Active,,"Feb 20, 2017",,
POL103822,H1077, JOHN,,Life,191448.55,247110.15,Bengaluru,john38@yahoo.com,,"Jul 10, 2017",,-4141.32,2832.04,,,,14-04-2016,396589.46,83.26
POL103078,H1592,Meena,63,Home,,636404.87,,meena74@ins.com,Rejected,06-09-2022,08-04-2021,2302640.86,3555.14,,Renewed,Valid,23-07-2023,295227.13,84.63
POL104868,H1729,Priya ,111,lifee,156198.72,,Mumbai,priya13@gmail.com,,,,-855.44,11441.39,,,,06-12-2024,,
POL100636,H1918,Priya ,66,Life,,515539.69,Delhi,,Rejected,29-04-2018,10-10-2021,,1413.65,,Active,Invalid,21-10-2024,326026.69,42.21
POL101044,H1917,arun,47,Home,,316127.87,  chennai ,arun47@gmail.com,,15-06-2025,23-11-2023,-5131.34,11770.61,,Renewed,Invalid,"Jun 01, 2020",40411.06,
POL103861,H1002,Meena,85,Motor,85666.32,248113.09,Delhi,meena12@gmail.com,Rejected,10-05-2023,29-04-2018,2085143.76,8821.42,,Active,Invalid,,,20.92
POL100743,H1852,  raj,93,Motor,1629.97,,Hyderabad,raj30@ins.com,,"Jun 05, 2018","Mar 03, 2017",,11692.48,,,,21-08-2019,,64.9
POL100023,H1459,Priya ,,Home,25745.25,170226.09,Chennai,,Pending,07-03-2016,05/19/2024,,1311.92,BEN656,Expired,Valid,,132167.62,
POL102813,H1253,arun,63,Life,,,,,Approved,19-05-2025,08/24/2019,,13038.86,,Lapsed,,,175018.44,83.58
POL104168,H1729, JOHN,55,lifee,33901.15,476218.33,,john64@ins.com,,24-02-2025,20-02-2017,1008197.37,-789.28,,Lapsed,Invalid,27-04-2018,,8.24
POL101821,H1679, JOHN,,Health,66002.75,,,john78@yahoo.com,Rejected,,,1064361.53,11574.4,,Active,Valid,29-07-2025,382381.31,58.66
POL100077,H1306,Priya ,67,lifee,74104.64,577951.67,Chennai,priya10@gmail.com,,,,,11950.7,,Renewed,Invalid,01/17/2025,221215.09,43.18
POL103202,H1765,Priya ,,Home,65591.25,,Bengaluru,priya54@gmail.com,Rejected,14-12-2024,19-11-2023,-6926.02,14131.71,BEN801,Active,,30-04-2017,,40.28
POL102349,H1981,Priya ,58,Health,33447.93,,,priya83@ins.com,Approved,,25-02-2019,,4830.46,BEN726,Active,Valid,,288143.9,74.33
POL100072,H1741,,,healthh,,380848.21,,user43@gmail.com,Approved,30-08-2018,03-11-2020,4812283.9,18117.71,,,Invalid,"Jul 06, 2019",366050.58,77.55
POL100893,H1099,Meena,57,Health,,496376.27,Chennai,meena25@gmail.com,Pending,,14-07-2020,-8430.14,11381.86,,Renewed,Invalid,18-07-2020,,17.34
POL101617,H1984,Priya ,,,,,Hyderabad,priya20@ins.com,,,10-05-2018,-27.75,8552.47,,Expired,,"Jun 26, 2021",243259.53,23.98
POL104705,H1416,Priya ,25,,2296.51,389847.01,Mumbai,priya@gmail,Rejected,,"Apr 21, 2023",,2937.57,,Lapsed,Valid,"Jul 29, 2016",,1.81
POL101041,H1612,Meena,36,,199576.81,,Mumbai,meena97@ins.com,Approved,31-05-2019,"Dec 25, 2016",,-716.35,,Renewed,,07-09-2018,68732.2,
POL104215,H1400,arun,,Travel,,461600.95,Chennai,arun20@gmail.com,Approved,"Dec 06, 2023",08-04-2023,-2622.39,14263.1,BEN238,,Valid,12-08-2020,4597.06,7.16
POL101275,H1699,kumar,14,healthh,,97642.66,  chennai ,kumar66@ins.com,Approved,31-03-2018,10/28/2020,-8918.6,13851.91,,,,06-05-2024,309757.55,24.63
POL103040,H1262,,76,lifee,,38385.91,Chennai,user20@ins.com,Not Filed,,22-04-2019,,-1193.79,,Active,Invalid,10/23/2019,,15.04
POL104035,H1797,Priya ,,,82247.05,224219.25,Delhi,priya@gmail,Approved,04-11-2019,"Nov 27, 2019",,19688.76,,Lapsed,Valid,25-10-2017,,11.46
POL103333,H1045, JOHN,38,lifee,,,  chennai ,john64@ins.com,Not Filed,05-05-2017,09-11-2016,-5189.55,-1364.68,BEN500,Expired,Valid,25-08-2022,,77.77
POL104398,H1036,Priya ,,lifee,,,Chennai,priya47@yahoo.com,Not Filed,"Apr 21, 2019",29-12-2019,-5147.51,7809.44,BEN890,,Valid,24-11-2021,199935.13,92.7
POL103025,H1959, JOHN,50,Life,83300.18,371435.91,Chennai,john63@ins.com,Pending,"Nov 12, 2021","Sep 18, 2016",-462.31,7444.85,,,Valid,22-01-2021,,
POL103111,H1382, JOHN,,Travel,32480.24,353157.24,Bengaluru,john31@gmail.com,Not Filed,,,,11516.13,,Expired,Valid,08-12-2018,349011.41,
POL101074,H1858,kumar,,healthh,130327.24,,Mumbai,kumar34@ins.com,Rejected,,07-06-2023,,474.23,,Lapsed,,05/29/2017,39231.2,
POL100696,H1411,arun,,Life,,364990.39,Bengaluru,,Approved,23-06-2021,05-09-2024,,11082.84,,,Valid,10-09-2022,35786.18,
POL101012,H1129,,79,healthh,94501.74,529038.83,Mumbai,user4@yahoo.com,Pending,29-06-2017,06-05-2020,2553803.9,10342.84,,Renewed,Valid,15-09-2017,,82.39
POL102639,H1402,  raj,,healthh,,407895.42,Hyderabad,raj59@gmail.com,,22-04-2019,03-09-2021,-3616.13,16562.32,,Renewed,Invalid,"Jan 06, 2025",89172.7,78.34
POL102950,H1005,arun,4,Health,199.45,86928.88,,,,11-09-2016,08-03-2016,,7815.72,BEN741,,,09-07-2017,301084.44,
POL104186,H1425,Meena,,Life,98953.08,,Hyderabad,meena9@yahoo.com,Approved,18-02-2020,"Jul 09, 2025",742998.25,5653.63,BEN501,Expired,,"Apr 26, 2016",325309.59,70.24
POL101914,H1243, JOHN,,Travel,150226.93,112703.19,Mumbai,john27@gmail.com,Approved,06-01-2025,09-10-2021,-136,8433.04,,Renewed,Valid,"Feb 26, 2019",64679.69,49.75
POL100049,H1642,Priya ,92,Health,81685.74,311438.61,Bengaluru,,Approved,13-06-2017,29-06-2021,-8635.08,12820.7,,,Invalid,,10492.04,
POL101704,H1185,Priya ,56,Home,8850.16,640365.74,,priya73@yahoo.com,Pending,09-06-2025,20-06-2024,1230417.72,10843.58,BEN701,Renewed,Valid,06-01-2018,295203.29,
POL103856,H1578,Priya ,46,healthh,,214225.32,Hyderabad,priya35@yahoo.com,,03/23/2020,,,4943.01,,Renewed,,20-04-2020,113307.54,
POL101655,H1852,Priya ,49,,46260.54,416751.87,Chennai,priya90@ins.com,Not Filed,10-06-2021,23-04-2018,,7843.49,BEN724,Renewed,,"Jul 06, 2024",,4.31
POL100387,H1711,kumar,97,Home,143291.35,,  chennai ,kumar14@gmail.com,Not Filed,07/25/2022,,-9714.45,1660.46,,,Invalid,,,
POL100581,H1257,Priya ,117,healthh,65872.44,692450.69,Hyderabad,priya22@gmail.com,Rejected,,08-05-2019,-8765.94,13283.75,,Lapsed,,11/18/2022,318766.36,4.71
POL102939,H1755,Meena,116,Motor,17799.58,,,meena3@gmail.com,Not Filed,"Oct 17, 2019",01/29/2018,,12236.16,,Expired,Valid,05-10-2023,14915.87,
POL102305,H1084,Meena,,Home,70327.08,,Bengaluru,meena33@ins.com,Approved,11-06-2016,24-10-2022,,10352.88,BEN393,Active,,,50360.65,
POL102486,H1202, JOHN,98,Home,,,,john32@gmail.com,,13-07-2018,10-12-2021,-4930.3,3740.9,,,,,,
POL104957,H1713,kumar,23,Health,18945.19,136554.66,Bengaluru,kumar80@ins.com,Not Filed,10-08-2018,25-04-2017,-2999.15,2882.59,,Active,Invalid,22-05-2019,,
POL104559,H1766,Meena,83,Travel,28433.01,,Delhi,meena41@gmail.com,Pending,,18-06-2019,2553429.94,948.04,,Active,,,200068.84,89.1
POL100618,H1543,,86,Health,11277.17,69364.36,Delhi,user85@gmail.com,,02-02-2017,"Nov 04, 2023",4451441.72,3714.75,,,,08-05-2025,,
POL102274,H1500,Meena,39,Travel,45304.32,330765,Mumbai,meena62@yahoo.com,Not Filed,,20-12-2017,,14033.83,,Renewed,,"Oct 22, 2023",,
POL103646,H1612,,,lifee,13628.26,,Bengaluru,user87@ins.com,Pending,,"Mar 05, 2019",-4027.08,9810.27,,Lapsed,Invalid,10-07-2025,,
POL102738,H1870,kumar,24,Home,31941,225134.79,Mumbai,kumar92@ins.com,Not Filed,05-12-2023,04/23/2024,4761231.08,7452.14,,,,"Mar 05, 2016",,34.04
POL100566,H1576,,,Travel,131880.49,21148.46,Hyderabad,user39@yahoo.com,,"Dec 30, 2016","Jul 19, 2021",3927463.02,12055.4,BEN763,Expired,,,,81.37
POL104633,H1116,  raj,52,Motor,19323.67,29704.6,,raj56@gmail.com,,"Jun 12, 2022",22-09-2016,-4391.79,10329.98,,Lapsed,Invalid,07-10-2017,388170.89,7.78
POL103156,H1576,,,lifee,119364.09,,  chennai ,user6@ins.com,Approved,"Jan 24, 2021",03-02-2021,2783923.96,8757.66,BEN787,Active,Valid,08-06-2025,,
POL104041,H1649, JOHN,46,Health,51478.52,602485.26,Chennai,john86@ins.com,Rejected,10-06-2019,"Dec 22, 2019",,17843.4,BEN197,Renewed,,28-01-2021,,10.04
POL101253,H1452, JOHN,43,Health,,,Bengaluru,john70@gmail.com,Rejected,"Feb 12, 2019",07-10-2017,,7472.62,BEN157,,,04-02-2025,,34.65
POL103740,H1656,kumar,23,lifee,,,,kumar19@gmail.com,Rejected,"Dec 17, 2017","Feb 15, 2019",3217521.48,13056.59,,Active,Invalid,17-02-2020,,
POL102103,H1900,arun,,Motor,,167150.22,Mumbai,arun34@gmail.com,Not Filed,04-01-2018,10-01-2020,,14002.17,BEN959,Expired,,10-06-2019,146186.77,46.61
POL103077,H1015,Priya ,51,Life,99751.73,,Bengaluru,priya88@yahoo.com,,,,649940.21,3275.37,,Active,Invalid,01-02-2023,,
POL103828,H1114, JOHN,27,Health,,266244.35,,john43@gmail.com,Approved,,,,4091.87,,Active,,"Jun 15, 2018",256332.04,
POL100460,H1376,Meena,37,Motor,91562.47,496347.44,Hyderabad,meena97@yahoo.com,Rejected,04/28/2024,27-06-2020,,12310.18,BEN562,Renewed,,07-04-2018,,
POL101187,H1026,kumar,105,Life,,525680.83,Bengaluru,kumar7@gmail.com,,27-10-2021,10/15/2020,1552068.97,6300.29,,,Invalid,"Apr 29, 2023",,68
POL104414,H1653,  raj,,Motor,51612.83,,,raj15@gmail.com,,30-01-2022,22-11-2022,,18028.61,,,,20-07-2022,36468.02,56.74
POL100469,H1788,arun,62,,198900.85,606034.83,Hyderabad,arun92@yahoo.com,Approved,"Jul 08, 2025","May 10, 2025",3757808.5,-1244.47,,,,03-07-2020,,
POL100009,H1461,Meena,71,Motor,55442.04,726095.77,Chennai,meena38@gmail.com,,31-10-2016,10/27/2018,1467412.07,3157.61,,,Invalid,"Aug 30, 2019",,83.65
POL103433,H1900,,,Travel,98239.12,347246.8,Mumbai,user44@yahoo.com,,,30-07-2018,3949485.85,18725.19,BEN926,,Valid,22-04-2022,,22.44
POL100751,H1673,arun,23,Home,79972.68,790169.75,Mumbai,arun1@gmail.com,Not Filed,04/20/2016,09-07-2016,-7037.34,13360.93,BEN908,,Invalid,27-08-2022,,
POL101344,H1678, JOHN,29,Life,172020.66,369595.64,Bengaluru,john91@yahoo.com,Pending,"Jul 23, 2023",06-10-2025,,8127.31,,Expired,Invalid,,,
POL100933,H1255,arun,118,lifee,,387842.93,Mumbai,arun68@gmail.com,Pending,,"Jun 10, 2023",,3535.16,,,,"Sep 24, 2017",,47.39
POL103711,H1468, JOHN,19,lifee,,408460.18,Delhi,,Rejected,26-03-2022,12-09-2016,-6332.05,4017.16,BEN428,Lapsed,Invalid,08-01-2019,,
POL101734,H1298,arun,25,lifee,,537972.83,,arun52@ins.com,Not Filed,03/18/2023,22-01-2022,4450610.11,4670.57,,,,22-01-2016,,
POL102899,H1117,arun,75,Motor,37607.69,,Hyderabad,,Pending,25-11-2024,"May 15, 2021",,9675.53,,Expired,Valid,04-02-2023,284326.71,
POL102419,H1968,  raj,39,,66885.6,736290.13,  chennai ,raj69@ins.com,Rejected,,03-01-2018,,12046.53,,Lapsed,Valid,,,47.88
POL101206,H1451,  raj,47,,,,Bengaluru,raj48@yahoo.com,Approved,,07-07-2020,-5198.93,1903.29,BEN803,Active,,"Mar 13, 2021",,
POL100741,H1769,Meena,69,,,,Delhi,meena23@ins.com,,03/30/2016,,,11268.7,BEN863,,Valid,09-12-2021,396416.85,
POL102392,H1873,  raj,108,healthh,121431.14,243449.12,  chennai ,raj65@gmail.com,Approved,13-02-2022,14-01-2019,-7458.29,2639.95,BEN608,Active,Valid,"Feb 08, 2020",,13.01
POL103010,H1484,Meena,113,lifee,24729.97,,Mumbai,meena67@yahoo.com,,02-08-2017,,,11296.65,,,Invalid,25-09-2020,169953.72,67.92
POL103615,H1501, JOHN,47,Travel,90056.61,,Delhi,john13@yahoo.com,Approved,"Dec 12, 2023",08-12-2017,233681.17,3557.49,BEN487,,Invalid,08-01-2019,,8.2
POL104161,H1342,,68,,79783.14,40227.26,Mumbai,,Pending,22-10-2018,"May 29, 2021",2631432.64,15614.95,,,Invalid,"Oct 21, 2024",,
POL102165,H1436,kumar,28,Life,,,Mumbai,,Pending,06-09-2018,14-06-2021,-4710.68,-559.07,,,Valid,05-06-2021,288461,89
POL104430,H1783,arun,79,Home,66782.6,,Mumbai,arun66@ins.com,,29-11-2018,,,12335.17,,,,"Aug 13, 2020",,72.68
POL100334,H1354,kumar,,Life,75632.14,,  chennai ,kumar4@ins.com,Approved,04-07-2025,15-09-2019,-6771.41,13933.57,BEN331,Active,Invalid,10-03-2023,,
POL101065,H1153,arun,,Travel,,409603.59,Chennai,arun80@ins.com,Rejected,04-04-2022,08-10-2017,-2743.99,718.75,BEN719,Expired,,10/24/2017,,72.55
POL100575,H1148,arun,,Home,,419867.32,Mumbai,arun34@yahoo.com,Not Filed,,,-848.62,19455.63,,,,11-04-2023,372123.92,
POL102102,H1935,  raj,74,Travel,,,Bengaluru,raj@gmail,,"May 07, 2017",,-9584.63,8711.79,,,Invalid,13-05-2017,,
POL103334,H1456,Meena,43,Life,,391545.12,Mumbai,meena24@gmail.com,Approved,,06/25/2017,,6388.01,,Expired,,11-07-2019,,
POL100954,H1762,  raj,44,,46095.64,405551.53,Chennai,raj@gmail,Rejected,01-09-2019,,,-1342.01,,Expired,,31-08-2016,,98.59
POL102093,H1431,kumar,,Travel,39656.15,,Bengaluru,kumar76@gmail.com,Not Filed,10-08-2018,01/30/2024,1564241.28,9427.37,,Active,,"Mar 12, 2016",49156.66,
POL101708,H1910,,51,healthh,75920.17,343376.08,Chennai,user66@gmail.com,,05/18/2019,"May 14, 2017",-5153,2680.73,,,Invalid,,38487.85,
POL101466,H1450,Meena,,Motor,39042.48,,Bengaluru,meena45@gmail.com,,15-01-2025,"May 07, 2020",3504067.09,401.5,BEN906,Lapsed,Valid,26-06-2022,159574.25,48.33
POL104922,H1526,Meena,20,Home,23500.57,98190.39,Delhi,meena11@gmail.com,Pending,"Nov 02, 2018",09-11-2022,,11780.65,,Renewed,Valid,01-04-2020,,32.27
POL101274,H1064, JOHN,79,,36641.54,156608.69,Hyderabad,john23@gmail.com,Pending,11-06-2021,08-04-2020,-6657.69,-1562.33,,Renewed,,11-05-2019,44799.4,
POL104012,H1190,arun,,lifee,58234.48,,Bengaluru,arun62@yahoo.com,Not Filed,01/17/2019,05/19/2025,1066977.22,1019.24,,Expired,Invalid,"Apr 29, 2023",368021.04,
POL101440,H1351,arun,,,124969.52,442698.56,Mumbai,arun66@yahoo.com,Rejected,19-02-2022,,-6542.23,17354.74,,,,02-08-2019,,25.71
POL104135,H1340,arun,88,Home,85239.14,449512.26,,arun52@yahoo.com,Pending,"Jul 05, 2016",,4962919.4,-1949.38,,Lapsed,Valid,05-01-2025,,
POL104054,H1117,Priya ,52,healthh,,485957.38,Chennai,priya56@gmail.com,Rejected,23-11-2023,09-11-2020,,19423.68,BEN351,Lapsed,,,293379.1,11.79
POL102985,H1865,  raj,62,Travel,,,Mumbai,raj@gmail,Pending,26-08-2018,"Apr 15, 2018",,10188.45,,Lapsed,,24-02-2022,93226.86,
POL100165,H1513,kumar,,Travel,,498539.38,Mumbai,kumar56@gmail.com,,,19-06-2022,607022.86,5662.77,,,Valid,03-02-2023,67702.11,61.62
POL102903,H1501, JOHN,63,Health,,493034.52,  chennai ,john76@yahoo.com,Pending,"Dec 08, 2016",04/21/2017,-5985.06,7297.56,BEN783,Renewed,,,126823.14,32.96
POL100884,H1216,  raj,69,healthh,,,Mumbai,raj54@ins.com,Not Filed,25-01-2025,"Mar 20, 2017",4419836.87,4631.97,,Renewed,,"Jun 03, 2022",69223.73,89.02
POL103731,H1165,kumar,,Life,172215.28,560124.03,Bengaluru,kumar99@gmail.com,Rejected,01-11-2022,09/18/2019,-7479.45,12105.79,BEN259,Expired,,,,33.68
POL103258,H1500,arun,127,Home,,,Chennai,arun25@ins.com,Not Filed,09-02-2019,04-04-2025,,9413.28,BEN148,Expired,Invalid,"Sep 14, 2021",388378.85,60.39
POL102961,H1378,,67,Health,154820.74,,Chennai,user50@gmail.com,Pending,01-12-2018,"Feb 25, 2017",,3754.51,BEN651,,Invalid,11/23/2023,,57.4
POL101946,H1226,Meena,42,,75507.19,191545.39,Hyderabad,meena95@yahoo.com,Approved,12-06-2019,05/19/2025,-2032.82,11742.03,,Lapsed,,,,3.68
POL102241,H1746,  raj,77,Health,52527.2,29195.75,Delhi,raj72@gmail.com,Approved,12/19/2020,"Dec 14, 2017",,13224.19,,Expired,,,185732.06,
POL104621,H1082,Meena,,Home,41527.62,,Delhi,,Rejected,28-11-2018,22-11-2021,-6558.2,16447.82,BEN810,,Valid,19-11-2016,,
POL100915,H1817, JOHN,,healthh,,,Delhi,john91@yahoo.com,,"Apr 22, 2023",02-10-2018,,9747.53,,Active,Invalid,05-02-2016,,
POL103947,H1275,  raj,,Health,,380613.61,Hyderabad,raj67@yahoo.com,Not Filed,02-11-2023,"Nov 13, 2023",-7634.13,6400.88,BEN908,,,28-02-2025,364727.03,
POL104845,H1504,kumar,120,Motor,26893.59,,Mumbai,kumar89@gmail.com,,,07-07-2024,-6377.91,8195.76,,Lapsed,,09-03-2016,,
POL103062,H1199,arun,,Health,35300.72,,Bengaluru,arun66@yahoo.com,,04-08-2019,18-04-2022,4794307.82,10096.89,,Expired,,"Feb 18, 2025",116727.3,
POL104681,H1838, JOHN,63,Motor,37327.86,,Bengaluru,john95@yahoo.com,Rejected,,06/30/2017,,9714.62,,Lapsed,Invalid,27-09-2016,,23.31
POL102640,H1776, JOHN,,Life,,,Chennai,john86@yahoo.com,Rejected,"Apr 06, 2018",13-09-2019,,17046.68,,Active,,02-04-2022,,16.9
POL104873,H1490,arun,,Life,,,Chennai,arun14@yahoo.com,Pending,06/15/2021,29-06-2016,-2134.18,16552.14,,,Valid,11-05-2020,,90.03
POL101453,H1709,kumar,3,healthh,8280.15,,Mumbai,kumar20@yahoo.com,,17-02-2017,,3734908.72,-1851.38,BEN334,,Invalid,10/13/2019,,40.18
POL100173,H1183,kumar,46,Home,65033.35,,Chennai,kumar47@ins.com,,"May 14, 2025",,-8401,6373.35,BEN886,Lapsed,Invalid,24-12-2023,,
POL101861,H1456, JOHN,60,healthh,88207.83,194475.7,Bengaluru,john34@yahoo.com,,,,-9575.44,8801.01,,Renewed,,"May 03, 2023",,
POL104925,H1000,Meena,104,,,,Chennai,meena85@yahoo.com,Pending,,04/16/2022,,-77.49,,Expired,,,20686.88,31.37
POL100852,H1816,  raj,20,Travel,129648.17,794975.76,Mumbai,raj20@yahoo.com,Not Filed,"Dec 30, 2021",05-07-2018,-6560.54,-875.52,,Expired,Invalid,,285964.95,34.86
POL100184,H1445,Meena,82,Health,146570.24,87029.9,Hyderabad,meena40@gmail.com,Approved,,13-07-2017,3443267.98,5202.98,,Active,Valid,02-05-2017,,
POL104985,H1485,  raj,28,healthh,33223.16,37598.05,  chennai ,raj87@gmail.com,Approved,"Jun 23, 2021","Jul 09, 2022",-8459.73,958.55,BEN462,Active,,"May 20, 2022",25389.01,37.38
POL101134,H1354,arun,,,72459.82,451193.29,Delhi,arun52@ins.com,Rejected,"Jun 26, 2021","Sep 27, 2021",2547615.43,755.41,BEN172,,Valid,02-12-2024,364781.1,7.3
POL100498,H1921,Meena,20,Home,152624.68,106707.28,Hyderabad,meena31@gmail.com,,02-07-2018,22-03-2023,-7997.43,7449.01,,Expired,,26-10-2019,39783.98,16.9
POL102593,H1106,Priya ,2,Life,22748.48,57611,Hyderabad,priya@gmail,Rejected,22-05-2016,27-03-2021,3869963.6,12235.29,,Expired,,28-12-2018,342558.32,53.15
POL101724,H1610, JOHN,,healthh,10662.36,405142.04,Hyderabad,john26@yahoo.com,Pending,"Dec 26, 2016","Jul 22, 2017",2068813.87,-718.99,,Active,Valid,16-11-2019,,24.54
POL101360,H1259,Priya ,82,,,422412.59,Delhi,priya@gmail,Rejected,"Dec 28, 2020",14-01-2020,-2663.15,12759.97,,Active,,02/20/2022,314038.81,
POL102387,H1040,  raj,,Health,77948.48,571444.02,Bengaluru,raj33@gmail.com,Approved,,19-12-2024,3810265.29,8586.06,,,Valid,03-09-2022,384902.4,
POL100739,H1797, JOHN,,Home,89936.71,176139.09,Hyderabad,john67@gmail.com,Rejected,"Dec 03, 2021","Jul 06, 2018",,3078.06,,Renewed,,,310185.13,
POL102562,H1753,arun,,healthh,14443.23,141623.01,  chennai ,arun18@gmail.com,,"Jul 04, 2025",28-01-2016,4203522.52,4536.98,,Active,,"Mar 03, 2024",240503.47,
POL104518,H1567,  raj,59,,,417394.24,,raj11@gmail.com,,03/20/2017,08/23/2018,1801195.27,18980.47,,Active,,,,
POL103930,H1552, JOHN,77,Home,,37688.83,Bengaluru,john19@ins.com,Not Filed,12-08-2019,06-03-2025,-5110.48,1979.44,,Active,Invalid,09-09-2016,268795.53,51.1
POL103522,H1784,Priya ,,healthh,143137.31,439327.23,Delhi,priya28@yahoo.com,Approved,25-03-2019,"Oct 15, 2017",4824095.4,7084.14,BEN488,,,10-11-2022,392269.05,
POL103512,H1081,arun,-2,Motor,56095.66,,Chennai,arun69@ins.com,Not Filed,"Jan 05, 2017","Dec 13, 2019",,2115.1,,Renewed,Valid,"Apr 10, 2016",87959.35,40.16
POL103767,H1378,  raj,75,Motor,134642.7,,Delhi,raj32@ins.com,Approved,"May 13, 2016",,,19852.64,,Lapsed,Valid,,,
POL100094,H1317,arun,125,lifee,63612.28,33057.54,Bengaluru,arun8@ins.com,Approved,"Feb 21, 2019",05-07-2016,2294190.62,12653.75,,Expired,Valid,20-04-2025,,16.38
POL102258,H1649, JOHN,86,Travel,57447.13,,,john41@ins.com,,"May 24, 2024","Sep 16, 2019",,12091.2,,Active,,02/22/2018,,
POL101619,H1024,  raj,,Motor,,117777.95,  chennai ,raj4@gmail.com,,"Jun 29, 2022",27-03-2024,,7782.18,BEN427,Lapsed,Valid,01-12-2021,276901.27,
POL104446,H1600,kumar,6,Home,68020.14,494482.16,Mumbai,kumar31@ins.com,,,12-08-2016,,4136.23,,Expired,,,,38.13
POL101365,H1489,  raj,20,Health,75544.33,,Mumbai,raj39@ins.com,Pending,"Jun 23, 2020",,4309268.09,11717.39,,Active,Valid,"Apr 27, 2021",269096.23,
POL101543,H1709,  raj,5,,87144.45,698965.35,Delhi,raj17@ins.com,,12/20/2017,15-02-2023,-7522.1,6660.57,,Active,Invalid,"Aug 17, 2022",198280.86,44.21
POL102384,H1107,kumar,,Motor,54004.32,,  chennai ,kumar22@ins.com,,,09-07-2021,,12146,,Expired,Valid,02-09-2019,,75.74
POL100701,H1056,  raj,,Motor,,181989.34,Hyderabad,raj21@gmail.com,Pending,20-06-2024,,,4348.28,,,Valid,06-12-2023,9434.04,91.29
POL104099,H1366,arun,,Home,26279.11,327678.88,  chennai ,arun50@ins.com,Approved,,02-04-2023,1975612.03,19811.92,BEN829,Active,Invalid,22-10-2024,367612.52,98.14
POL100928,H1107,arun,79,,75401.96,228393.65,Delhi,arun59@ins.com,Pending,"Jul 29, 2022",,1089937.16,18752.01,BEN796,Expired,Valid,,202988.25,52.84
POL101291,H1030,,28,Life,93680.7,311394.4,Hyderabad,user35@gmail.com,Pending,18-12-2019,"Jul 07, 2022",642549.55,14897.02,,Renewed,Invalid,21-10-2022,87209.53,75.72
POL104006,H1186, JOHN,126,Health,123449.64,,Mumbai,john95@ins.com,Rejected,10/20/2019,08-08-2022,,269.3,,Active,Invalid,09/21/2020,198686.79,
POL101852,H1472,Meena,,Travel,78992.93,338425.24,Bengaluru,,Pending,"May 05, 2018",,-3707.1,4428.89,,,Invalid,26-08-2021,,
POL103276,H1555, JOHN,84,Home,195144.6,148248.37,Hyderabad,john57@gmail.com,,27-07-2024,27-01-2019,-6673.44,18733.49,,Active,Invalid,"Dec 28, 2023",11049.64,54.75
POL100603,H1916,Priya ,,Motor,95663.46,151045.56,Hyderabad,priya29@ins.com,Approved,"Nov 15, 2024","Jun 29, 2017",,5351.83,BEN108,Expired,,27-09-2022,,98.54
POL104799,H1016,  raj,28,Home,154540.09,,Hyderabad,raj66@gmail.com,Not Filed,17-08-2021,,-9423.45,10072.24,BEN636,Lapsed,,02-03-2024,68248.45,
POL100273,H1256,arun,59,,7289.6,523903.2,Mumbai,arun21@ins.com,Approved,,21-07-2016,-8758.49,6598.69,,Active,,12-09-2023,,
POL102618,H1298, JOHN,51,Life,29987.65,356188.6,Bengaluru,john29@gmail.com,,01/24/2021,22-03-2024,3229419.38,19524.62,,,Valid,"Jan 30, 2020",59961.19,
POL102189,H1630,kumar,,Life,67639.46,,,kumar29@ins.com,Rejected,"Jun 03, 2024",12-09-2018,3873552.58,5408.85,BEN225,Lapsed,,24-01-2017,,
POL103130,H1992,  raj,,healthh,36082.96,,Hyderabad,raj77@gmail.com,Pending,08/27/2018,,-5488.03,8396.78,,Active,,25-07-2024,398655.72,
POL101229,H1536,Priya ,56,healthh,,545226.1,  chennai ,priya66@yahoo.com,Pending,10-08-2017,20-04-2017,-4599.57,16547.51,,,,,266478.61,
POL102188,H1614,  raj,,Motor,,400517.47,Mumbai,raj48@yahoo.com,Not Filed,01-01-2025,"May 07, 2021",-9076.29,2309.74,BEN178,Renewed,,04-09-2021,45543.57,25.23
POL102972,H1780,kumar,,Travel,45394.9,39055.65,Delhi,kumar81@yahoo.com,Rejected,26-07-2017,25-08-2019,163544.06,9176.11,,Lapsed,,"Oct 19, 2017",,88.83
POL104860,H1176,Meena,68,Motor,58536.72,450266.04,,meena56@ins.com,Rejected,18-08-2017,"Feb 06, 2023",-5104.5,15689.09,,,,24-10-2021,222088.24,
POL102058,H1151,Priya ,35,Home,69981.55,548392.04,  chennai ,priya92@yahoo.com,,26-11-2020,29-11-2017,-3509.66,7050.56,,Lapsed,Invalid,"Aug 13, 2024",238974.16,
POL101352,H1488,Meena,,lifee,,452538.03,Hyderabad,meena96@gmail.com,Rejected,05/21/2019,"Jul 27, 2017",-2959.56,13334.5,BEN651,,,02/18/2016,,3.36
POL104734,H1919,arun,21,lifee,64668.5,,Delhi,arun51@yahoo.com,Rejected,"Mar 12, 2016",12-01-2023,,13721.25,,Renewed,Invalid,05/30/2025,164682.3,
POL104002,H1005,kumar,,Life,61707.49,469620.93,Chennai,,,16-05-2021,"Mar 25, 2025",700192.82,14007.3,BEN980,Lapsed,,03-07-2020,316207.06,68.46
POL104695,H1825,kumar,,Travel,36455.07,,Bengaluru,kumar41@ins.com,,,17-06-2018,-6913.06,17250.87,,Lapsed,,,,7.38
POL101891,H1215,kumar,55,Life,9618.42,,Mumbai,kumar42@yahoo.com,Rejected,19-06-2022,,,10866.07,BEN207,Active,Valid,06-01-2025,,21.78
POL104901,H1555,Priya ,,Home,144414.25,214936.59,  chennai ,priya79@gmail.com,Not Filed,21-10-2017,07/15/2024,2015760.22,12833.44,,Expired,Valid,,179699.27,
POL103359,H1416, JOHN,78,Home,,490225.26,  chennai ,john37@yahoo.com,,17-11-2020,"Mar 21, 2017",1172782.75,10853.73,,Lapsed,Invalid,"May 02, 2021",,
POL100116,H1599, JOHN,,Life,58565.67,444713.03,Chennai,john39@gmail.com,Approved,13-04-2016,10-09-2016,-6573.3,17642.59,BEN568,Lapsed,Invalid,11-01-2025,,
POL102764,H1544,kumar,59,Travel,43122.76,131021.72,Delhi,kumar70@ins.com,Not Filed,15-03-2023,,-4505.68,12315.6,,Active,,,207482.51,
POL100668,H1107,arun,45,Life,38033.61,,Hyderabad,arun63@yahoo.com,Approved,06-12-2023,08-07-2022,,14233.55,,,Invalid,23-04-2020,,
POL102887,H1883,kumar,41,,122014.39,,  chennai ,kumar65@ins.com,,04/28/2020,03/26/2016,,12535.36,BEN743,Active,Valid,,86936.49,
POL104743,H1218,,,Motor,,449451,,user79@gmail.com,,"Jan 20, 2023",20-03-2021,1231720.11,9274.49,,Lapsed,Invalid,16-07-2022,122565.96,
POL104773,H1504,  raj,110,Travel,1868.07,,,raj37@ins.com,,30-04-2019,,4487912.19,11578.28,,,Valid,,128865.12,81.96
POL102244,H1527,Meena,79,Health,71655.97,,Mumbai,meena43@gmail.com,Rejected,16-10-2020,"Jan 30, 2016",-3089.04,17531.32,,Active,Valid,05/17/2022,,87.33
POL103628,H1222,Meena,,Home,,196791.93,  chennai ,meena54@yahoo.com,Not Filed,10-10-2016,"Jun 02, 2021",1617033.16,17520.34,,Lapsed,,05-08-2020,,83.04
POL103483,H1050,arun,85,Health,58076.34,478562.2,Mumbai,arun49@ins.com,,"Jul 05, 2024",,,12175.72,,Renewed,,,,
POL102284,H1786,Priya ,,Home,1669,463093.87,Bengaluru,priya@gmail,Approved,"Oct 11, 2016",10-08-2020,1202754.97,927.9,,,,05/17/2022,276665.93,94.57
POL102513,H1802, JOHN,,Home,12477.32,117469.86,,john84@yahoo.com,,12/15/2018,"Mar 24, 2019",-5736.56,10595.95,,,Valid,"Aug 22, 2020",270599.22,
POL104448,H1466,  raj,,Travel,53465.18,23672.15,Delhi,,Rejected,03/30/2021,"Jun 16, 2018",3881201.04,16906.65,BEN634,Active,,17-05-2025,272170.51,10.12
POL104919,H1330,kumar,117,,,7365.1,Mumbai,kumar34@yahoo.com,Not Filed,08-09-2022,20-04-2016,-4986.59,13838.82,BEN880,Renewed,,30-03-2016,183451.04,
POL101681,H1730,kumar,71,,30501.48,233097.49,,kumar66@gmail.com,Pending,,,,17674.33,,,,"Nov 29, 2022",,89.99
POL103759,H1915,Meena,49,,81967.83,213536.61,Mumbai,meena6@ins.com,Approved,02-02-2022,05-05-2025,,5424.8,BEN480,Renewed,,02/26/2016,100474.33,
POL100112,H1871,Meena,2,Travel,166580.22,,Delhi,meena51@yahoo.com,Approved,05-03-2022,28-02-2019,,19131.45,,,,02-07-2017,65405.45,
POL103737,H1791,  raj,60,Motor,174876.38,,Chennai,raj73@gmail.com,Rejected,03-12-2020,29-10-2024,,2240.93,,Active,,28-05-2017,,
POL102832,H1541,arun,71,healthh,,263210.15,Bengaluru,arun61@yahoo.com,,,"Aug 27, 2023",,9141.02,BEN964,,,"May 18, 2022",147097.24,
POL102937,H1344,arun,75,Life,,,Delhi,arun26@yahoo.com,Not Filed,02-12-2023,,,5974.29,,Expired,,"Sep 12, 2020",273016.79,
POL101749,H1386,Meena,49,Home,52202.73,,,meena31@yahoo.com,Approved,23-10-2017,"Mar 13, 2024",119040.1,8621.12,,Active,Valid,13-07-2017,,17.52
POL101099,H1095,arun,89,Life,,94929.7,,arun74@gmail.com,Pending,"Apr 01, 2018",,-903.53,12720.45,,,,,,
POL100486,H1604,,,Travel,24174.64,199619.59,Bengaluru,user17@gmail.com,Approved,12-01-2022,01-02-2020,4490342.39,6228.78,,Renewed,,17-07-2024,239294.59,82.11
POL101731,H1344,arun,59,healthh,180736.57,,Bengaluru,,,,,-372.07,7520.69,,,,16-02-2018,27839,
POL100876,H1591,Meena,22,Motor,44581.7,343389.69,Hyderabad,meena45@ins.com,Pending,,"Aug 30, 2023",,11752.48,BEN654,,Valid,,317219.82,
POL101070,H1360,  raj,,Travel,59718.34,,,raj32@gmail.com,,"Jul 31, 2016",07-04-2017,3129995.19,-1373.21,BEN125,,Invalid,10/19/2022,90514.65,59.98
POL104759,H1955,  raj,,Life,,351483.99,,raj58@gmail.com,Rejected,10-03-2022,26-01-2024,4663520.43,2279.37,BEN426,Renewed,Valid,04-12-2022,194813.7,
POL103892,H1797,  raj,19,Home,14866.93,158408.18,,raj32@ins.com,,09-10-2019,20-09-2024,-8945.13,1863.85,,Active,,,123680.51,
POL103587,H1608,,40,Health,41903.81,227166.69,Mumbai,user64@yahoo.com,Pending,,02-02-2018,,15133.4,BEN812,Expired,Valid,12-02-2017,187042.12,22.07
POL100303,H1311,arun,,lifee,,267.96,,arun36@yahoo.com,Approved,"Jun 21, 2020",22-11-2021,1298702.08,4695.85,,Active,Invalid,09-05-2024,144227.48,74.29
POL103702,H1921, JOHN,44,Home,,341474.5,,john17@yahoo.com,,10/19/2016,07-09-2020,-6831.45,13823.57,,Expired,Invalid,"Jun 19, 2017",,
POL104242,H1584, JOHN,,Motor,,720761.71,  chennai ,john16@gmail.com,,02-05-2018,01/17/2025,3895009.03,2457.24,BEN424,Active,Invalid,"Jun 03, 2023",6136.84,
POL103560,H1325,kumar,,healthh,,,Mumbai,kumar88@ins.com,Not Filed,22-03-2021,06-01-2020,4406016.69,14650.99,,,Invalid,11-10-2023,,91.42
POL100811,H1522,,,,108912.39,314404.03,Chennai,user87@yahoo.com,,23-04-2021,09-07-2022,1958353.13,19589.45,,,Valid,26-08-2018,,
POL100413,H1673,Priya ,46,healthh,,616738,Chennai,priya57@yahoo.com,,17-06-2021,"Feb 06, 2024",,2523.91,,Active,Valid,27-04-2021,,
POL103032,H1288, JOHN,,lifee,162208.45,302333.37,  chennai ,john60@yahoo.com,Not Filed,04-02-2020,05/20/2021,,13345.49,,,,,,43.59
POL102215,H1235,Meena,82,Motor,28049.18,65043.57,,meena59@yahoo.com,,,04-12-2016,1049248.32,10581.93,,,,"Sep 28, 2018",,
POL100680,H1670,kumar,121,Health,115.1,695461.72,,kumar64@ins.com,,10-07-2022,,4048328.25,16353.16,,Lapsed,Invalid,"Sep 15, 2021",,82.51
POL101100,H1290,kumar,,,83616.77,402192.38,Chennai,kumar90@ins.com,Pending,09/18/2022,27-02-2022,3727146.43,8576.16,,Renewed,,09/16/2021,339291.02,
POL101767,H1116,kumar,40,Travel,,,,kumar95@ins.com,,"Jan 26, 2022",09-03-2022,,17602.87,,,Invalid,25-02-2020,90970.46,89.12
POL103919,H1287,kumar,69,healthh,,,Delhi,,Rejected,04-10-2022,11/22/2021,-3851.06,6379.64,BEN561,Renewed,,24-09-2020,1918.25,
POL102479,H1022, JOHN,54,Life,42896.55,,Bengaluru,john78@gmail.com,,05/23/2016,"Mar 01, 2021",,14741.45,,Active,,29-08-2020,,
POL103891,H1152,arun,,lifee,80674.53,359684.9,Mumbai,arun46@yahoo.com,,"Mar 06, 2024","Jan 11, 2023",-9732.44,18069.49,,Lapsed,Invalid,24-04-2025,,
POL101444,H1274,Meena,,Travel,21523.03,,Chennai,meena70@ins.com,,"Jun 25, 2017",05/18/2023,,15191.71,,Renewed,,"Aug 01, 2017",334687.23,37.6
POL100281,H1660,Priya ,76,Motor,60413.86,,,priya91@yahoo.com,Approved,,23-12-2016,4386230.53,3563.17,,,,,123191.55,
POL104311,H1692,arun,75,Motor,87228.49,,  chennai ,arun11@gmail.com,Approved,07-10-2023,17-07-2022,3009120.08,695.19,BEN986,Expired,Invalid,,,
POL103968,H1720,,58,Travel,46415.35,104238.98,Mumbai,user@gmail,Pending,10-07-2020,08/28/2017,1421549.68,19831.11,,Lapsed,,11/17/2023,265738.85,1.71
POL102046,H1227,  raj,,Home,39761,,  chennai ,raj6@gmail.com,Pending,05-11-2016,10-08-2024,-5059.13,10721.86,,,,,187030.9,46.06
POL101506,H1925,kumar,44,lifee,68718.46,725644.47,  chennai ,kumar82@gmail.com,,29-01-2019,,-1820.49,-1708.22,,,Valid,20-08-2019,312158.91,85.72
POL103181,H1261, JOHN,37,lifee,91604.37,,Mumbai,john8@ins.com,Rejected,06-05-2017,26-03-2024,4308084.64,860.28,,,,"Aug 27, 2018",128916.77,39.3
POL104656,H1433, JOHN,44,Home,,648760.28,Chennai,john73@gmail.com,,08/22/2016,01-11-2019,-5162.05,9466.96,,,Invalid,"Jan 21, 2019",,64.5
POL102052,H1489,arun,,Travel,106737.39,276826.81,Delhi,arun60@ins.com,Approved,14-06-2019,06-09-2023,,19345.67,BEN979,Lapsed,Invalid,08/17/2023,283369.29,37.96
POL103421,H1200,,,lifee,48064.79,52903.08,Mumbai,user99@ins.com,Approved,09-08-2019,"Aug 16, 2023",2784263.54,12026.26,BEN943,,Invalid,29-03-2018,,6.79
POL101157,H1271,Priya ,53,Motor,,384868.3,Mumbai,,Rejected,17-03-2019,04-02-2020,109001.56,7702.5,BEN269,Lapsed,Invalid,08-01-2018,381503.73,95.64
POL104510,H1521,,69,healthh,,745965.63,Chennai,user@gmail,Approved,"Jul 19, 2024",21-03-2016,-4146.22,11005.76,BEN534,,Valid,14-09-2021,381467.44,39.55
POL100509,H1020,arun,,Home,75894.82,427925.08,  chennai ,arun81@gmail.com,,07-09-2023,01-02-2021,-6726.23,14933.1,,Lapsed,Valid,"Jun 30, 2021",,73.26
POL102082,H1939,kumar,,lifee,177429.86,778901.21,,,,12-06-2023,,,13661.89,,Lapsed,Valid,"Jan 30, 2020",,
POL102601,H1519,Priya ,59,Life,,,  chennai ,priya@gmail,Pending,03-05-2022,22-06-2020,,14325.71,BEN915,Expired,Invalid,"Dec 07, 2022",,59.77
POL100904,H1089,  raj,55,healthh,,,  chennai ,raj79@yahoo.com,Not Filed,"Oct 23, 2017",10/23/2023,1706493.62,5823.04,BEN425,Lapsed,,10-02-2022,354688.23,44.06
POL103482,H1899,kumar,95,lifee,100031.97,204156.37,Chennai,kumar79@gmail.com,,24-05-2022,,-8417.11,7963.1,,,,04/21/2021,,48.48
POL102053,H1619,arun,46,Health,63595.92,,  chennai ,arun15@yahoo.com,Pending,20-12-2017,02-09-2017,-4467.9,10273.53,,Lapsed,Invalid,,,2.78
POL100961,H1809,arun,111,Travel,39032.88,309118.44,Hyderabad,arun1@yahoo.com,Pending,29-11-2019,,-7712.41,19332.75,,Active,Invalid,"Dec 16, 2023",,0.43
POL104107,H1554,Meena,,Travel,89553.32,47742.78,Bengaluru,meena33@ins.com,Approved,11/14/2024,09/24/2019,4296370.38,13385.49,BEN482,Active,,08-03-2018,57072.14,
POL103429,H1944,Priya ,18,,69367.05,,Hyderabad,priya65@yahoo.com,Approved,11-06-2024,,2974071.36,11341.59,BEN259,Renewed,Invalid,"Mar 13, 2022",,
POL104727,H1377,kumar,,lifee,,,Hyderabad,kumar17@gmail.com,Not Filed,17-07-2023,08-12-2016,3925407.91,14921.78,,Renewed,,"Jun 22, 2023",241017.68,63.3
POL101009,H1991,Priya ,21,Motor,139843.37,189224.32,,priya84@yahoo.com,Not Filed,08-09-2022,,2098589.03,4561.53,,Renewed,Invalid,24-04-2021,,
POL100388,H1316,,,healthh,,156327.26,Chennai,user56@ins.com,,06-03-2019,28-01-2018,3439332.2,-1891.21,,Active,,,,91.28
POL103879,H1171,Priya ,64,healthh,,417745.34,Chennai,priya14@yahoo.com,Rejected,06/20/2022,07/19/2023,-1957.95,19671.43,,Expired,,,,66.54
POL101429,H1765, JOHN,,Home,,,Mumbai,john85@ins.com,Rejected,"Jun 11, 2016",07/16/2024,,10937.9,,Renewed,Valid,02-01-2023,207122.71,7.52
POL103169,H1476,Meena,94,,21168.32,81865.53,Bengaluru,meena59@ins.com,Pending,12-10-2018,12-10-2021,,17681.46,,Active,Valid,01/29/2016,,73.52
POL100328,H1826,,51,Life,93530.1,,Chennai,user14@ins.com,Rejected,10/18/2022,22-03-2017,509246.85,18079.82,,Active,,10-07-2021,165498.05,
POL100160,H1497,Priya ,22,healthh,52819.23,,Hyderabad,priya@gmail,Pending,"Aug 29, 2018",21-03-2021,2366892.76,10276.44,,,Valid,,,73.43
POL100982,H1836, JOHN,82,healthh,46569.18,432354.78,Chennai,john36@yahoo.com,,26-09-2023,20-07-2022,148366.64,15651.52,,Active,,03-10-2017,334708.02,6.74
POL104014,H1826,Priya ,,Motor,98653.1,61657.21,  chennai ,priya35@gmail.com,Rejected,07-04-2019,17-05-2019,,11213.26,BEN761,,Valid,,,65.48
POL101269,H1440,Priya ,,Home,,,,priya81@ins.com,Not Filed,"May 17, 2024","Feb 01, 2017",,16660.1,BEN548,Expired,,02/17/2019,,
POL100810,H1990,,108,Motor,184324.83,319778.3,Delhi,user6@yahoo.com,Not Filed,,28-06-2019,,16732.72,,Active,,08/14/2018,,
POL100938,H1615,Priya ,,,57054.31,731365.94,  chennai ,priya50@ins.com,Rejected,,10-09-2024,-4545.86,-458.02,,,,"Sep 21, 2017",94253.77,70.83
POL102559,H1319,kumar,50,Home,89707.02,13477.25,Mumbai,kumar6@ins.com,Not Filed,27-08-2024,,2235018.24,8101.48,,,Invalid,29-11-2021,,
POL100323,H1116,,51,Life,,319458.2,Chennai,,,06-06-2019,"Dec 10, 2023",-2256.16,6306.24,BEN456,Expired,Valid,07/31/2017,,30.19
POL103563,H1906,Meena,47,Home,2912.94,,Delhi,meena19@ins.com,Not Filed,"Jan 02, 2019",04/29/2019,-3086.24,19874.82,,Active,,11/19/2016,,64.88
POL104253,H1488,Priya ,38,Motor,72557.86,,Mumbai,priya@gmail,Rejected,24-09-2018,"Nov 20, 2019",,7723.08,BEN298,Lapsed,,,,
POL103942,H1418,,,Life,,,,user81@gmail.com,Not Filed,,03-11-2017,,12194.23,,Active,Invalid,01-05-2018,,
POL100795,H1484,  raj,53,lifee,,,Delhi,raj52@gmail.com,Rejected,,18-12-2019,1374179.81,19129.71,BEN478,,Valid,,366448.95,30.01
POL104786,H1007,Priya ,56,Health,15203.29,348331.36,Hyderabad,priya73@ins.com,Pending,18-06-2025,04-05-2019,915723.63,15123.69,,Renewed,,,179854.97,
POL103863,H1992, JOHN,,,177291.14,,Mumbai,john13@yahoo.com,Rejected,09/17/2023,,,13256.49,BEN112,Expired,Invalid,02-08-2024,,
POL103804,H1028,Meena,,Health,54894.4,61983.4,Hyderabad,meena5@gmail.com,Not Filed,08-11-2020,06/26/2022,2988155.47,-956.75,BEN531,Renewed,Invalid,"Mar 19, 2023",20358.89,28.58
POL103021,H1090,kumar,53,Home,22323.77,,,kumar@gmail,,08/28/2020,11/16/2024,-4540.07,9491.64,,,Valid,17-05-2020,85390.6,45.49
POL100254,H1832,kumar,69,Life,48477.53,196965.61,  chennai ,kumar66@gmail.com,Approved,14-05-2017,,2837253.81,13365.44,BEN950,,,"May 25, 2017",84340.07,88.39
POL104858,H1056, JOHN,53,lifee,86051.04,,  chennai ,john@gmail,Pending,03-06-2017,,4226629.48,18890.74,BEN572,Active,Valid,,32216.22,76.21
POL104038,H1059, JOHN,,,104322.17,59668.26,  chennai ,john94@ins.com,Approved,26-09-2023,"Mar 22, 2025",4454837.81,17074.33,,Expired,,09/24/2022,396243.08,40.5
POL103741,H1258,  raj,,Home,,265460.29,  chennai ,raj@gmail,,02-04-2023,27-10-2017,-4025.71,6293.46,,,Invalid,,,
POL100041,H1404,Meena,9,Home,188791.44,228004.94,,meena69@yahoo.com,Pending,,,,6735.57,BEN859,Renewed,Valid,"Mar 25, 2023",368464.97,57.58
POL102474,H1416,  raj,41,healthh,,574610.72,Bengaluru,raj48@yahoo.com,Approved,26-01-2019,"Apr 06, 2023",-8759.42,7005.4,,Renewed,Valid,06/30/2021,340520.72,
POL102549,H1864, JOHN,57,healthh,,207238.57,Hyderabad,john49@ins.com,Not Filed,10-07-2019,,-1172.09,11792.17,,Active,Valid,31-05-2020,,55.79
POL102735,H1527,,105,,171630.09,383537.18,Bengaluru,user78@yahoo.com,Not Filed,,,2847682.27,889.42,,,,26-05-2021,,
POL104437,H1035, JOHN,81,Home,111643.4,541383.39,Bengaluru,john55@gmail.com,,17-01-2020,,,-1175.92,BEN280,Expired,Invalid,"Jan 22, 2021",99342.44,37.71
POL104155,H1443,arun,,,183413.2,,,arun@gmail,Rejected,25-02-2016,03-09-2023,-5599.77,3799.18,BEN834,Expired,Invalid,04-05-2022,,36.51
POL102408,H1073, JOHN,86,,,461811.53,Delhi,john73@gmail.com,Approved,,19-09-2016,-7357.9,-919.97,,,,,,60.89
POL102012,H1098,Meena,89,Life,51204.27,,Hyderabad,meena35@yahoo.com,Rejected,,11-02-2018,-2556.8,16139.15,,Lapsed,,05-02-2016,64175.97,
POL103978,H1001,kumar,,Life,32927.1,534963.62,Bengaluru,kumar20@gmail.com,Not Filed,"Mar 04, 2021",11-12-2023,836467.95,2155.25,,,Invalid,07-05-2025,,
POL103248,H1870,Meena,36,lifee,,,Delhi,meena42@yahoo.com,Approved,14-02-2020,31-01-2019,,13974.6,,Renewed,,23-10-2016,,
POL101087,H1104,  raj,,healthh,186710.69,,Bengaluru,raj81@gmail.com,,11/29/2021,02-11-2018,4437916.07,-1101.76,,,Invalid,,272292.14,44.14
POL100719,H1260,  raj,32,Motor,145870.52,,Bengaluru,raj74@ins.com,Pending,26-02-2025,13-06-2019,2965112.96,5794.38,,Active,Invalid,02/18/2021,186907.98,96
POL102195,H1990, JOHN,,Life,60151.07,,Delhi,john90@ins.com,,"Jul 02, 2025","Jan 19, 2016",4175688.85,12755.37,BEN346,Active,Valid,,381996.83,20.11
POL101171,H1318, JOHN,77,,29108.05,,Hyderabad,john19@gmail.com,Rejected,08/31/2020,10-06-2022,,13112.66,,,Valid,"Jun 25, 2016",,59.49
POL100718,H1363,arun,,Travel,14387.61,149756.35,  chennai ,,Not Filed,"Aug 13, 2023",,2331927.65,11320.22,,,,07-11-2022,,
POL102516,H1003,Meena,58,Motor,,398554.3,  chennai ,meena55@ins.com,Approved,,05-08-2024,3061480.24,1007.89,,Active,Invalid,24-03-2018,224270.13,
POL104567,H1469,Meena,39,Travel,48728.29,,Mumbai,,Rejected,"Nov 03, 2016",18-01-2022,2482837.46,10584.8,,,Valid,26-12-2023,,77.56
POL103294,H1647, JOHN,54,Travel,,,Bengaluru,john50@yahoo.com,,15-03-2016,17-07-2019,-4677.71,4755.01,,Expired,Invalid,,,15.97
POL102227,H1785,kumar,113,,50954.18,456945.6,Bengaluru,kumar95@gmail.com,,30-10-2020,10-05-2019,,8642.73,BEN904,,Valid,"May 20, 2019",296271,94.96
POL102454,H1453,arun,23,Motor,,779995.09,,arun35@ins.com,Rejected,01-01-2021,,2677247.31,17105.31,,Renewed,,27-08-2024,,14.22
POL103900,H1958,,,Motor,134846.85,,Hyderabad,user49@yahoo.com,Pending,28-10-2022,"Apr 20, 2025",2921910.6,5071.96,,Active,Invalid,07/18/2023,296064.62,51.06
POL103508,H1111,Meena,,Life,30611.65,,Bengaluru,meena4@yahoo.com,Pending,03/18/2019,06-01-2017,,14656.6,BEN655,Active,Valid,07/20/2021,292628.51,
POL103689,H1502,Meena,,Home,192476.63,290598.66,Mumbai,meena78@ins.com,,05-03-2017,02-12-2017,,2787.97,BEN422,,,"Nov 17, 2017",256813.63,
POL103827,H1120,  raj,78,Motor,115680.31,38539.88,Chennai,raj94@yahoo.com,Rejected,,05-06-2024,,16460.36,,Expired,Invalid,16-11-2022,72209.97,52.85
POL101773,H1991,Priya ,,Travel,,441817.54,Chennai,priya65@ins.com,Approved,01-08-2018,12-03-2018,,-1298.76,,Lapsed,,06-01-2022,326216.49,35.99
POL103291,H1914,arun,23,Travel,25312.7,,,arun95@gmail.com,Rejected,"Jan 13, 2022","Jul 10, 2022",-8152.94,1812.55,BEN467,,,04/26/2022,298558.58,
POL103420,H1899,Meena,91,Health,,345427.07,  chennai ,meena10@gmail.com,,,29-03-2017,,5504.91,,,,"Aug 31, 2020",142765.83,7.73
POL101303,H1684,Meena,34,Motor,,,Delhi,meena57@ins.com,Not Filed,01/15/2019,,-9675.83,10480.05,BEN685,Lapsed,,11-03-2022,,85.97
POL104754,H1464,arun,,Life,,,,arun62@yahoo.com,,,29-06-2016,1564493.88,18437.14,BEN560,,,,206218.39,35.54
POL101638,H1150,  raj,,Home,,541504.69,Bengaluru,raj1@gmail.com,Not Filed,04/30/2020,19-02-2024,4371326.72,7254.18,,Renewed,,,27288.3,
POL101119,H1389, JOHN,104,healthh,,481082.2,Mumbai,john5@ins.com,,19-08-2019,28-08-2018,,-1128.68,,,Invalid,,319136.95,
POL103788,H1624, JOHN,,Home,118720.45,470573.53,Hyderabad,john83@ins.com,Rejected,19-10-2021,29-06-2018,-8220.19,15158.53,,Expired,Valid,,58997.26,43.65
POL101370,H1137,Meena,49,Travel,,,Delhi,meena46@gmail.com,Approved,15-12-2020,,,12557.89,BEN131,,,,120857.14,
POL101680,H1433,  raj,89,Motor,60700.06,498963.61,Mumbai,raj61@ins.com,Rejected,07/19/2020,,-5865.92,46.04,BEN855,Lapsed,Valid,21-07-2025,,18.78
POL102246,H1415,Priya ,72,Life,30921.07,171715.78,,priya82@yahoo.com,Not Filed,02-01-2025,12-08-2022,4290092.24,-1163.36,,Renewed,Invalid,,279882.32,
POL104093,H1715,Meena,40,lifee,20738.21,175184.53,Chennai,meena44@gmail.com,Not Filed,"May 10, 2024",15-05-2020,-4675.67,-1318.53,,,,05-02-2016,,
POL104228,H1839,  raj,4,Home,30769.66,97278.45,Mumbai,raj16@gmail.com,Pending,,09-06-2021,-8328.19,-1213.58,BEN706,Renewed,,26-05-2021,,
POL104828,H1581,kumar,81,Health,,,Hyderabad,kumar15@ins.com,,06-11-2017,01/16/2023,,9014.83,BEN658,,Valid,22-07-2022,,
POL101120,H1339,Priya ,103,Motor,28038.2,126790.56,Chennai,priya52@yahoo.com,,,10-01-2021,1487395.01,3076.68,BEN269,Expired,Invalid,09-06-2016,176198.48,51.07
POL103250,H1311,Meena,45,Travel,64687.31,,,meena39@ins.com,Not Filed,04-02-2024,06/20/2022,1144083.85,18821.74,,,Valid,,,
POL100175,H1357,arun,22,Home,,89124.2,Delhi,arun77@yahoo.com,,25-09-2016,"Jan 04, 2017",,48.78,,Lapsed,,27-09-2017,,
POL103341,H1130,arun,34,Home,,35565.89,Hyderabad,arun82@yahoo.com,,12-02-2017,"Aug 20, 2024",-3009.84,-1074.99,BEN581,,,03-04-2021,,8.59
POL100495,H1067,arun,,Motor,161566.36,625898.45,Mumbai,arun91@gmail.com,,05/21/2022,,,18994.37,BEN525,Renewed,,04-03-2017,,24
POL102588,H1876,arun,73,Motor,10255.99,89742.35,  chennai ,arun3@gmail.com,Pending,01-04-2023,14-11-2020,-2152.65,6161.66,BEN517,,Invalid,15-01-2017,201596.47,
POL101530,H1295,,43,Motor,32356.67,584665.18,,,Pending,11-05-2017,21-01-2017,,8526.02,BEN453,,,28-11-2021,,60.87
POL103515,H1914,Meena,58,Motor,,,Chennai,meena14@ins.com,Not Filed,12-06-2023,02/15/2023,2645424.52,11882.73,,,Invalid,01-09-2024,,27.51
POL100318,H1729,,94,Health,191393.21,73411.86,Hyderabad,user12@gmail.com,Approved,"Mar 31, 2025",09/24/2016,,4162.58,,Active,Valid,07-06-2021,284262.01,25.79
POL100045,H1122,  raj,108,Life,13398.41,540445.12,,raj53@gmail.com,Pending,08/17/2020,26-01-2018,,18712.96,BEN990,,,,,
POL100992,H1004, JOHN,,lifee,114029.62,,Bengaluru,john78@yahoo.com,Rejected,04-11-2019,30-03-2018,,10684.28,BEN715,Lapsed,,05-01-2025,,
POL102742,H1744,,,Health,,,Hyderabad,,Not Filed,02/13/2021,,,16885.44,BEN104,,,"Nov 01, 2023",,55.35
POL103674,H1327,kumar,,lifee,,409536.69,  chennai ,,Pending,24-03-2021,01-02-2019,-1948.95,10833.43,,Expired,Invalid,,76840.91,
POL100008,H1520,arun,26,Health,,284837.71,Hyderabad,,Approved,"Aug 30, 2022",,2847873.27,2493.7,,Expired,,"Aug 13, 2018",52351.31,
POL100071,H1437,Meena,,healthh,156089.94,,  chennai ,meena29@gmail.com,,30-07-2019,"May 04, 2023",4577968.81,10260.31,,Expired,,29-04-2023,,92.22
POL102429,H1075, JOHN,21,Home,,,Bengaluru,john68@gmail.com,Not Filed,05/21/2017,01-05-2020,,6591.82,,Active,Valid,26-11-2024,,52.52
POL100637,H1769, JOHN,35,Motor,,2502.02,Bengaluru,john27@ins.com,Pending,13-03-2022,03-01-2016,1026479.38,-510.14,BEN808,,,"Jun 08, 2016",,43.75
POL101746,H1480,,76,Motor,84995.9,,Mumbai,user92@gmail.com,Pending,16-02-2017,,3863367.06,5238.76,,,,,150721.08,
POL104938,H1574,Priya ,,healthh,,163256.18,Bengaluru,priya27@gmail.com,Rejected,19-02-2025,23-06-2016,,13427.46,,,,"Mar 19, 2020",141070.62,46.7
POL102589,H1474, JOHN,62,Health,1878.99,218246.67,Chennai,john71@yahoo.com,,14-09-2019,23-04-2017,818842.74,167.81,,,,24-08-2021,,33.9
POL101947,H1692, JOHN,38,Travel,40168.21,,,john6@yahoo.com,Not Filed,,09-12-2017,2869066.32,3111.14,,,,"Oct 01, 2024",,62.35
POL100228,H1880,Priya ,58,healthh,,657674.21,,priya92@gmail.com,Approved,26-12-2020,07/20/2019,-6481.44,14043.1,,Lapsed,,10-10-2021,,
POL103479,H1375,kumar,34,healthh,,,Hyderabad,,,23-07-2025,09/16/2023,2875796.85,10320.27,BEN524,,Invalid,,140444.51,
POL100801,H1794,  raj,52,Life,,,Bengaluru,raj62@yahoo.com,Pending,07-04-2019,,-7185.53,10000.9,,Active,Valid,01-03-2025,345990.09,
POL101176,H1758,  raj,27,,,400825.7,Chennai,raj46@yahoo.com,Not Filed,03-08-2024,11/29/2023,4086771.31,13149.82,BEN254,Active,,04-07-2016,,
POL103517,H1098,arun,,Travel,66928.17,351369.92,  chennai ,arun16@yahoo.com,,07/28/2023,,4117581.27,2290.95,,Active,Invalid,"Jan 30, 2017",37686.38,
POL103310,H1378,Priya ,,healthh,9086.19,631627.53,Chennai,priya4@yahoo.com,,"Jan 20, 2017",02-03-2016,4335400.72,9957.5,,Renewed,Invalid,29-05-2017,57049.5,61.46
POL103385,H1952,,36,,19210.76,169791.87,Bengaluru,user47@gmail.com,,"Jan 29, 2016",07/19/2018,-9189.31,-91.18,BEN571,Renewed,,12/18/2022,259161.44,
POL100140,H1150,arun,37,healthh,,702199.73,Chennai,arun61@gmail.com,Pending,16-05-2022,"May 13, 2025",,11710.66,,Expired,,"Dec 19, 2022",,22.98
POL104846,H1326,,97,Travel,97737.76,199174.58,Delhi,,Rejected,20-01-2025,,1376528.71,19129.95,,Expired,Valid,,184711.55,
POL103566,H1639,,,,87611.16,,Delhi,user60@yahoo.com,Approved,10-07-2020,"Jul 17, 2018",,1394.57,BEN353,Lapsed,Invalid,21-01-2018,193104.44,
POL101218,H1246,kumar,,,155540.1,270364.8,Delhi,kumar80@ins.com,Pending,07-12-2018,,-6691.76,3502.6,,,Valid,09-03-2020,,
POL104172,H1270, JOHN,56,Home,135323.16,160158.24,Bengaluru,john56@gmail.com,Rejected,24-12-2018,,-4579.89,1585.85,,,Valid,"Aug 25, 2024",,18.97
POL104835,H1470,arun,,lifee,79944.87,,Mumbai,arun79@gmail.com,,11-04-2017,"Oct 16, 2021",-6168.74,13933.89,BEN198,Active,,19-07-2022,344518.93,48.21
POL100536,H1076,  raj,,Life,17285.01,255033.24,Delhi,raj13@gmail.com,Rejected,12/24/2024,17-01-2023,1220712.17,16304.01,,,Valid,04-06-2017,362017.12,
POL100409,H1930,  raj,,healthh,7159.95,217217.21,Chennai,raj10@gmail.com,,"Jul 31, 2020",28-01-2022,-4101.92,2399.87,,Expired,,,218634.06,55.67
POL102864,H1191,,,Health,125290.48,170160.61,Bengaluru,user12@gmail.com,Rejected,"Sep 25, 2017",04/20/2021,-6560.32,18066.97,,,,"Aug 07, 2020",,
POL102105,H1622,Priya ,22,healthh,119419.37,174423.22,Mumbai,priya14@ins.com,Pending,26-12-2021,"Dec 13, 2023",728851.37,15529,,,Valid,03/27/2018,,
POL104783,H1008,kumar,66,Health,45670.24,,,kumar58@gmail.com,Rejected,22-08-2023,10/30/2017,2177428.92,12708.5,,,,14-05-2017,,
POL104550,H1956,arun,,lifee,17315.52,88565.17,Mumbai,arun47@gmail.com,,,"Dec 04, 2022",-9427.27,19409.34,,Expired,,04/30/2025,41953.56,11.1
POL101884,H1206, JOHN,,Motor,7766.61,368517.53,Chennai,john78@ins.com,Pending,,13-11-2021,591546.46,17419.6,BEN145,Renewed,,07/17/2025,,53.92
POL102047,H1675,kumar,,,96439.42,151358.13,Chennai,kumar93@gmail.com,Approved,23-04-2020,31-12-2018,,7310.98,,,,02-12-2023,280696.64,72.15
POL104222,H1770,Priya ,78,Life,123226.78,466015.66,,priya54@yahoo.com,Pending,"Jul 10, 2017",,2851172.2,12991.75,BEN971,Lapsed,Invalid,,356670.9,13.69
POL101561,H1196, JOHN,33,Life,,174277.42,Delhi,john62@ins.com,Approved,12/29/2022,03/26/2025,,18869.9,BEN670,,,03-05-2025,,
POL104800,H1641, JOHN,,,,366580.86,  chennai ,john2@ins.com,,10-09-2021,,,2909.46,,Expired,,31-01-2023,,
POL102367,H1949,Priya ,42,Travel,77737.04,,,,,16-09-2023,29-03-2021,,2501.36,,,,03-03-2022,168633.33,
POL104536,H1431,  raj,39,Home,,,Mumbai,raj79@gmail.com,Pending,26-12-2024,08/16/2020,-8086.54,10479.31,,Active,Invalid,,,
POL103894,H1463,Priya ,,Life,93395.85,352282.37,Bengaluru,priya6@ins.com,,,04/30/2023,,3098.31,,Expired,,,,59.71
POL101173,H1513,Meena,61,,60555.43,,Delhi,,Pending,"Feb 26, 2020",,2314422.43,13565.25,BEN635,Lapsed,Valid,"Apr 11, 2023",,65.02
POL100835,H1674,kumar,109,healthh,67946.64,502871.94,,kumar52@gmail.com,Not Filed,"Aug 10, 2017",09/13/2018,-3906,6307.81,BEN975,Expired,,02-06-2021,6431.11,15.23
POL100563,H1557,arun,30,lifee,,694088.24,,,Approved,17-10-2021,,,-814.57,BEN829,Lapsed,Valid,05-08-2019,325198.86,36.11
POL104180,H1204, JOHN,,healthh,48354.13,234972.14,Delhi,john66@gmail.com,,"Feb 18, 2023",05-05-2025,,2860.25,,,,21-01-2020,,
POL104629,H1060,Meena,,Health,,,Hyderabad,meena84@ins.com,Rejected,26-10-2022,02-02-2021,-3010.06,11078.24,,Renewed,Invalid,04/19/2022,246514.69,
POL102650,H1843,arun,34,Life,60554.94,225852.31,Hyderabad,arun@gmail,,14-08-2019,23-03-2021,,7738.62,,,Valid,11/20/2017,107226.82,0.21
POL103188,H1087,Meena,-1,Home,77766.23,424056.82,Delhi,meena9@gmail.com,Pending,27-08-2018,06/22/2025,-8454.37,-1890.06,BEN814,Active,Invalid,10-02-2018,,
POL104854,H1104,arun,14,Health,,,,arun98@ins.com,Rejected,01/24/2023,"Jan 05, 2022",-5950.32,16340.05,,,Invalid,02/20/2020,,
POL104121,H1431,kumar,,Home,34831.17,746034.77,,kumar75@gmail.com,,27-02-2021,03-05-2016,-1712.01,6805.39,,,Valid,06-08-2024,,23.06
POL103521,H1127,  raj,78,,,162810.12,Chennai,raj@gmail,Pending,"Feb 12, 2020",05/18/2023,,15976.97,,Expired,Valid,03/19/2022,286673.03,
POL103687,H1293,Priya ,35,lifee,54952.46,317693.96,Hyderabad,priya78@yahoo.com,Not Filed,29-06-2021,22-08-2020,,8247.93,BEN605,,Invalid,23-09-2016,139421.38,25.11
POL101425,H1957,Priya ,115,Travel,120007.69,252291.24,Mumbai,priya19@gmail.com,Pending,12/21/2022,10-09-2020,525217.14,15548.97,,Renewed,,"May 26, 2021",,
POL101230,H1204,  raj,11,Motor,98015.9,,,raj30@gmail.com,,,03-02-2025,-4928.82,3417.79,,,,01-12-2022,,97.72
POL102788,H1880,Priya ,,Life,63099.97,,Hyderabad,priya40@yahoo.com,,04-04-2018,,-1778.24,1541.24,,Lapsed,,,105939.29,
POL100441,H1780,  raj,4,,187128.24,193383.57,Mumbai,raj45@yahoo.com,Not Filed,"Jul 14, 2025",08-08-2018,,1176.96,,Expired,,05/25/2022,352775,74
POL100264,H1381,  raj,85,healthh,,,Mumbai,raj41@yahoo.com,Not Filed,13-06-2018,16-10-2019,-4126.74,4472.02,,Expired,Valid,05-12-2021,349140.6,
POL102378,H1555,Meena,54,Home,105916.28,547702.52,Chennai,meena92@ins.com,Pending,,"May 12, 2021",-9408.75,-188.5,,Expired,Valid,"Jul 19, 2017",284761.95,
POL103378,H1955,,111,Home,22743.02,308460.42,Bengaluru,user16@yahoo.com,Not Filed,15-01-2020,,-9706.93,9729.02,,Expired,,05-08-2016,246675.94,
POL103018,H1964,Priya ,,Life,199086.84,418372.03,Hyderabad,priya54@gmail.com,Approved,19-11-2018,18-02-2016,-1234.06,11857.91,,Expired,,14-03-2019,8692.45,
POL102703,H1090,arun,,Life,,,Chennai,arun96@yahoo.com,Pending,,04-07-2023,-3832.34,17354.82,BEN476,Renewed,Invalid,08-04-2024,138959.27,
POL100062,H1321,Priya ,61,lifee,86831.61,346656.66,Bengaluru,priya72@gmail.com,Pending,03/29/2019,09/18/2020,3539259.64,4974.9,,,,01/27/2025,48749.64,89.58
POL104617,H1348,Priya ,7,Home,67168.44,86597.97,Delhi,,Not Filed,,"Jun 15, 2016",-706.33,16318.24,BEN281,Renewed,Invalid,27-05-2020,,
POL104971,H1052,Priya ,54,Travel,84643.88,,Bengaluru,priya71@gmail.com,,,03-12-2024,,9483.95,,,,25-06-2018,,
POL100870,H1247,arun,,Home,,,Mumbai,arun46@yahoo.com,Rejected,02/21/2019,,3893798.35,13286.58,BEN940,,Valid,11-10-2023,192731.64,
POL101204,H1407,  raj,50,lifee,,399855.49,Hyderabad,raj25@gmail.com,Not Filed,30-08-2022,09/23/2023,-6361.94,578.25,,Expired,,04/27/2018,,7.75
POL100716,H1492,kumar,,Motor,,433482.11,Chennai,kumar44@yahoo.com,Approved,,12-01-2017,-5536.61,3039.76,,Expired,,25-01-2024,377661.65,
POL100724,H1433,arun,72,Motor,,786346.23,Chennai,,,01/29/2017,12/23/2018,3577128.92,1018.77,,Active,,07/31/2023,110408.71,
POL103629,H1363,Meena,67,Home,41783.84,,Mumbai,meena16@yahoo.com,Approved,10-08-2016,"Jan 13, 2018",,1352.81,BEN198,Expired,Invalid,07-04-2017,,
POL104500,H1622,Meena,99,lifee,7784.43,222128.93,Hyderabad,meena52@yahoo.com,,03-12-2019,25-12-2022,,8839.66,BEN591,Renewed,,"Apr 05, 2023",258361.43,98.9
POL103088,H1785,kumar,-1,,2584.48,,  chennai ,kumar89@ins.com,Pending,,14-03-2022,2837001.4,498.56,,,Invalid,,217773.38,
POL101185,H1458,  raj,75,healthh,51825.79,,Mumbai,raj12@yahoo.com,Rejected,06-02-2018,03-11-2022,2425787.92,16461.94,,,Invalid,05-08-2020,193869.16,
POL101918,H1830,Priya ,40,Home,,297234.02,Hyderabad,priya39@yahoo.com,,"May 04, 2024",,4693811.38,13906.83,BEN874,Expired,Invalid,15-05-2019,134061.27,
POL102208,H1648,,84,Life,83942.12,6601.81,Chennai,user11@gmail.com,,01-01-2018,19-04-2021,,3465.19,,Lapsed,Invalid,,,18.89
POL104475,H1875,Priya ,,Health,,,  chennai ,priya7@gmail.com,Pending,10-03-2018,,1127478.01,10613.62,,Active,,20-07-2016,,72.59
POL101602,H1188,Priya ,,Home,112280.66,,Bengaluru,priya26@yahoo.com,Rejected,26-03-2016,07-12-2024,,7456.15,,Renewed,,05/16/2016,283280.95,
POL101769,H1712,Meena,40,,26903.76,423730.47,,meena52@gmail.com,Pending,30-05-2016,,2478144.77,373.05,,Renewed,,12-02-2020,,27.37
POL100908,H1881,arun,,lifee,,,Hyderabad,arun66@gmail.com,Rejected,"Feb 07, 2025",09-07-2018,,16286.17,,Active,Valid,,201948.97,48.33
POL103468,H1681,,21,,,458103.59,Chennai,user80@gmail.com,Not Filed,30-07-2019,09/17/2022,,874.56,BEN527,,,25-12-2018,,
POL103357,H1968,Priya ,60,lifee,,334804.32,Delhi,priya16@gmail.com,Pending,30-04-2021,19-12-2019,,8959,,,,,,
POL104061,H1265,arun,42,Home,125871.79,636193.87,  chennai ,arun65@yahoo.com,Approved,,01-01-2024,1111140.18,15921.57,,Renewed,,"Nov 18, 2022",,
POL102842,H1991,kumar,61,Home,86503.54,175082.88,  chennai ,kumar55@gmail.com,Not Filed,05-03-2025,14-06-2023,,14535.95,,Expired,,,,
POL100749,H1285,  raj,74,Life,32508.75,556740.69,Delhi,raj27@ins.com,,11-07-2019,09-09-2020,,18515.89,,Lapsed,,26-02-2021,,76.21
POL100314,H1250,arun,-2,Motor,14441.18,557343.96,,arun89@ins.com,Rejected,28-12-2020,12-09-2021,-3575.46,14524.92,BEN615,Active,,"May 12, 2025",271961.42,55.42
POL100625,H1572, JOHN,26,Life,177138.12,330549.23,  chennai ,john74@yahoo.com,Not Filed,10/29/2024,"Feb 24, 2023",363124.86,-1009.28,,,Valid,10-02-2018,,36.83
POL103210,H1512,  raj,,healthh,34684.41,304354.33,Bengaluru,raj48@ins.com,Not Filed,"Aug 21, 2024","May 29, 2025",,5041.45,,Active,Invalid,01-12-2024,,
POL103507,H1981, JOHN,,Life,,,Mumbai,john21@ins.com,,"May 19, 2019",07/13/2017,,3746.99,,Expired,,"Jan 14, 2019",172052.15,
POL103461,H1370,,82,Health,42417.35,245387.19,Mumbai,user52@ins.com,,02-01-2025,,-8664.48,8666.48,BEN767,Renewed,Valid,23-11-2020,241236.19,59.63
POL103047,H1616,Priya ,77,,,,,priya55@gmail.com,,07-04-2022,06-11-2018,,469.95,,Active,,"Oct 09, 2016",78246.94,
POL102365,H1461,Meena,25,lifee,185733.91,111344.92,,meena83@ins.com,Rejected,,01-09-2017,-7893.07,15224.4,,Lapsed,Invalid,26-11-2021,,
POL102660,H1159,  raj,81,,33118.24,,Hyderabad,raj32@yahoo.com,Rejected,"Feb 16, 2021",12-09-2018,-3802.54,3384.1,BEN366,Expired,Valid,18-12-2017,,61.84
POL104509,H1517, JOHN,,Motor,,,,john4@yahoo.com,Not Filed,,03/24/2021,705807.68,7837.08,BEN617,Expired,,04-07-2018,,
POL102963,H1682,  raj,16,Motor,,100363.89,Chennai,raj23@ins.com,Approved,09-11-2024,08-05-2019,-948.31,1068.23,,Expired,,09-07-2024,,73.38
POL100134,H1147, JOHN,19,Motor,1000.47,,Delhi,john93@gmail.com,Pending,"Mar 28, 2017",,-8160.07,16364.46,BEN298,Expired,Valid,,,
POL104501,H1651,arun,,Travel,,278837.32,  chennai ,arun71@yahoo.com,,10/29/2016,08/22/2016,,11786.62,BEN909,Lapsed,Invalid,07-06-2024,326319.26,
POL101624,H1788,Meena,,,58563.92,248330.97,Chennai,meena47@ins.com,Not Filed,"Nov 25, 2019",,3661997.43,17014.72,BEN168,Lapsed,Valid,07/29/2022,246497.99,41.28
POL100243,H1787,arun,37,Health,139813.01,,Chennai,arun14@yahoo.com,Approved,,23-05-2019,,18041.69,,Lapsed,,,,15.43
POL102817,H1561,kumar,115,healthh,31807.92,329592.62,Hyderabad,kumar78@ins.com,,26-02-2019,02/21/2023,1649499.68,2997.78,,Expired,,19-02-2025,,60.92
POL104375,H1117,arun,89,Health,1599.75,29800.94,,arun41@gmail.com,Pending,,12/19/2022,,1021.36,,Lapsed,Invalid,,154623.04,0.51
POL101050,H1594,arun,,healthh,,103936.36,Mumbai,arun97@gmail.com,,,12-09-2020,-4859.02,5987.48,BEN386,Renewed,,16-01-2022,,59.95
POL101934,H1502,kumar,80,healthh,84016.67,,Chennai,kumar47@yahoo.com,,"Oct 17, 2023",19-01-2019,-1870.94,2152.31,BEN857,Active,,02-12-2022,100059.21,55.53
POL102624,H1141,,77,,63204.88,,Mumbai,user@gmail,,"Jan 30, 2020",27-12-2023,-1136.65,-10.49,BEN712,Lapsed,Valid,06/23/2020,,
POL101925,H1726,Meena,17,Home,72379.02,75023,,meena@gmail,Rejected,20-03-2020,15-11-2023,2419814.83,17714.11,BEN427,,Valid,26-09-2024,123998.31,94.16
POL101142,H1228, JOHN,,healthh,,,Delhi,john66@gmail.com,,06-07-2016,,-155.41,5156.37,,,Invalid,14-08-2020,144678.84,
POL101127,H1900, JOHN,74,Health,72839.2,132200.51,Mumbai,john23@ins.com,Approved,,15-05-2020,3233468.87,1520.71,,Lapsed,Valid,05/17/2016,,
POL102494,H1908, JOHN,36,Home,21918.15,142716.14,Hyderabad,john4@gmail.com,,19-08-2017,,-3071.4,13628.39,,Active,Valid,"Jul 10, 2017",251210.15,
POL100123,H1704,  raj,73,Travel,66539.21,419516.51,Hyderabad,,,24-07-2019,,,-352.96,,Expired,,03-07-2020,,55.05
POL104538,H1764,Priya ,83,Health,,316588.65,Mumbai,,Pending,20-08-2020,15-09-2016,4628486.33,10817.31,,Lapsed,,19-02-2019,66638.69,5.1
POL103995,H1244,Priya ,64,lifee,,,  chennai ,priya19@gmail.com,Pending,17-02-2024,,,1165.66,,Renewed,Invalid,21-06-2024,383398.91,
POL100407,H1307,Meena,,Motor,,,Delhi,meena84@yahoo.com,Not Filed,06/20/2018,20-11-2017,4667575.55,6157.4,,,,08-01-2021,179883.15,56.33
POL100880,H1887,,105,Home,,379358.77,Delhi,user58@ins.com,Rejected,"May 15, 2023","Nov 07, 2021",-5811.69,5167.43,,Active,,09-05-2025,274489.99,49.14
POL101965,H1505,Meena,29,Home,77940.8,,Mumbai,meena18@yahoo.com,Rejected,,,-7399.51,15169.1,BEN806,Lapsed,Valid,"Nov 10, 2022",69120.84,
POL101808,H1409,arun,,Health,,472965.68,Delhi,arun27@gmail.com,Pending,26-02-2019,07/14/2016,-5682.29,14596.59,,,Invalid,12/27/2021,,
POL100202,H1857,kumar,19,healthh,145916.67,111203.31,Mumbai,kumar54@ins.com,Approved,"Sep 10, 2019",,216421.74,15813.76,BEN813,Renewed,,14-06-2024,,69.32
POL100028,H1289,  raj,71,,34839.83,609112.51,  chennai ,raj74@gmail.com,Pending,"Feb 26, 2023",03-02-2019,1624972.82,6493.73,,Expired,,09-02-2020,50498.51,86.97
POL104836,H1517,Priya ,,,83965.41,164910.69,Mumbai,priya@gmail,,,"Nov 03, 2017",,2874.15,BEN127,,Invalid,04-09-2022,328000.73,
POL103240,H1140,,87,Travel,,380251.01,Mumbai,user38@yahoo.com,Rejected,"Jan 02, 2023",,4345036.38,8648.38,,,Valid,08-04-2020,81874.64,
POL103370,H1249,,49,lifee,1785.15,76170.08,Mumbai,user7@ins.com,Approved,,24-04-2019,-968.41,17579.54,BEN640,,Invalid,,,3.7
POL101816,H1880,Meena,101,Life,58546.35,344810.84,Delhi,meena57@ins.com,Rejected,,25-10-2023,-7043.03,13854.56,,Expired,,,,
POL102311,H1303,  raj,,healthh,23572.78,192398.54,Mumbai,raj55@ins.com,Pending,16-01-2016,03/27/2025,4795903.8,8935.24,,,,06-10-2022,101024.69,
POL101386,H1650, JOHN,17,lifee,,,Bengaluru,john36@yahoo.com,Rejected,26-01-2022,05-03-2016,,2757.93,BEN890,Renewed,,,58159.7,56.18
POL102621,H1395,arun,,Travel,,34709.15,Chennai,arun64@yahoo.com,Pending,"May 25, 2025",06/29/2022,-2277.17,3444.9,,Expired,Invalid,,,
POL104361,H1150,  raj,4,healthh,71762.28,353926.1,,raj26@gmail.com,,"Jun 25, 2017",15-02-2025,,939.91,,Renewed,Invalid,29-03-2016,169692.27,59.93
POL102872,H1673,kumar,,Home,,44415.99,Hyderabad,kumar88@gmail.com,Rejected,15-05-2018,12-02-2018,4883123.83,2638.79,,Renewed,Invalid,,,90.07
POL100911,H1112,arun,,,76766.73,,  chennai ,arun69@gmail.com,Pending,12-11-2024,11-11-2022,-5317.02,5408.86,BEN360,Expired,,09/25/2018,259263.12,30.9
POL104841,H1834, JOHN,9,,80385.91,631292.26,,john91@yahoo.com,Rejected,23-02-2018,06-06-2025,-2123.87,12704.57,,Renewed,,,52955.78,32
POL102413,H1364,  raj,36,Life,,336167.63,Bengaluru,raj88@ins.com,Pending,,"Jul 16, 2019",,18833.01,BEN906,,,23-08-2017,,
POL103728,H1178,Priya ,66,Health,,445875.9,,,Rejected,03/22/2019,24-02-2019,,15853.64,BEN937,,,"Jul 11, 2016",164150.54,
POL103123,H1747,Priya ,,Life,,111350.11,Chennai,priya82@yahoo.com,Pending,"Jun 19, 2016",11/26/2022,-1339.5,11080.82,BEN653,Renewed,Invalid,01/25/2023,200390.44,16.89
POL104870,H1214, JOHN,47,Travel,95690.34,,Chennai,john12@yahoo.com,Not Filed,"Mar 07, 2023",27-09-2020,-1884.14,14614.26,BEN522,,,,,
POL101090,H1224,arun,,healthh,,298621.06,Chennai,arun8@ins.com,,"Feb 26, 2023",10-06-2024,,17060.4,,Lapsed,Invalid,06-03-2022,223370.48,0.44
POL100016,H1541, JOHN,43,,108063.25,79528.85,Hyderabad,john10@yahoo.com,Not Filed,,"May 27, 2016",3528574.89,18904.34,,Active,Valid,,117793.56,39.64
POL104931,H1079,Priya ,108,Motor,1025.26,,Bengaluru,priya44@yahoo.com,Pending,,02-06-2019,4850834.57,-1672.1,,Lapsed,Valid,07/16/2023,,
POL103677,H1244,kumar,62,Motor,61102.79,7829.6,Mumbai,kumar29@gmail.com,Not Filed,,30-11-2021,,839.73,,Lapsed,Invalid,"May 19, 2024",394747.07,81.24
POL100964,H1317,Meena,45,,,351091.55,  chennai ,,Approved,04-09-2020,,166948.96,4305.51,,Lapsed,,"Mar 03, 2018",,23.33
POL100542,H1767,arun,76,healthh,,,,arun50@gmail.com,,,03/15/2016,,12806.25,,,Invalid,11/25/2023,340992.64,25.12
POL103538,H1737,kumar,,Home,73741.88,460077.52,Mumbai,kumar41@yahoo.com,Not Filed,,06/14/2022,-4664.17,11044.59,,Active,Invalid,17-11-2021,,
POL100914,H1290, JOHN,98,,206.65,76122.22,Hyderabad,john6@ins.com,Not Filed,14-02-2023,"May 24, 2022",2327059,10641.73,,Renewed,Invalid,,,
POL104523,H1333,Priya ,,healthh,81175.87,353433.86,Delhi,priya39@yahoo.com,Not Filed,08-05-2017,"Aug 27, 2018",,15197.48,BEN198,Expired,Invalid,"Aug 27, 2019",9663.4,30.7
POL102457,H1704,kumar,61,healthh,,195098.84,Delhi,kumar11@gmail.com,Pending,,24-02-2021,1291950.62,18233.22,BEN271,,,31-03-2023,111344.56,21.78
POL102294,H1875,,,Travel,179835.83,,Bengaluru,user71@ins.com,Rejected,,14-03-2023,,15120.22,,,,22-09-2024,75195.25,
POL101416,H1726,Meena,12,Travel,57762.34,,Bengaluru,meena56@gmail.com,Approved,"Nov 09, 2018",,320181.09,-731.05,BEN690,Lapsed,Valid,11-07-2017,184048.46,44.31
POL100458,H1730,Priya ,122,Motor,52516.67,184185.95,Delhi,priya9@gmail.com,Not Filed,,15-03-2022,2647162.75,13280.91,BEN661,Expired,,28-12-2021,46099.66,
POL104072,H1331,Priya ,56,healthh,,106635.96,,priya42@ins.com,,05/24/2017,12/30/2016,,15970.38,BEN296,Active,Invalid,"Apr 16, 2024",87687.35,59.02
POL104401,H1102,,,lifee,,40776.23,  chennai ,user5@ins.com,Pending,02/24/2021,24-01-2024,-7929.67,1625.76,BEN595,Active,,11-07-2022,,87.72
POL101476,H1177,kumar,56,Life,60398.29,352680.4,Hyderabad,kumar27@gmail.com,Pending,10-08-2018,02/22/2016,-6571.48,19208.02,BEN540,,,21-09-2022,,
POL103661,H1828,kumar,83,,60932.29,,Chennai,kumar35@gmail.com,Approved,"Jun 30, 2016",02-02-2025,-1926.55,12382.8,BEN439,Renewed,Invalid,,41601.12,6.19
POL101546,H1144,Priya ,77,,22107.9,,Mumbai,priya@gmail,Pending,,11/26/2016,-5877.31,5284.02,BEN245,,,"Sep 24, 2023",216371.77,
POL102398,H1213,Meena,,Motor,40166.11,22220.66,Bengaluru,meena76@yahoo.com,Approved,11-09-2018,23-10-2022,-6831.08,16006.12,,Renewed,Valid,"Jul 29, 2016",,
POL101637,H1874,arun,,Home,38009.14,440954.42,Delhi,,Pending,,21-04-2016,-4733.59,18690.96,,Lapsed,,,111202.26,14.08
POL102875,H1623,kumar,21,Motor,17272.6,97493.9,Mumbai,kumar@gmail,Pending,10/22/2018,11-01-2023,,16513.67,BEN785,Lapsed,Valid,08-01-2020,381367.32,
POL104863,H1308,Priya ,16,Health,,246812.53,Chennai,priya48@ins.com,,26-08-2023,"Jun 09, 2019",,14648.72,,Expired,Invalid,06-05-2024,,
POL102902,H1618,arun,,healthh,89417.28,39548.15,Mumbai,arun44@ins.com,,28-06-2016,19-08-2016,-7328.38,19392.52,,Lapsed,,01-04-2021,357253.18,97.69
POL103637,H1185,,19,healthh,97818.55,,Hyderabad,user56@yahoo.com,Pending,"Oct 29, 2017",24-03-2025,3767911.13,250.18,,,Valid,,,45.86
POL101297,H1330,Meena,,Travel,,,Hyderabad,meena46@ins.com,,"May 11, 2016",,-8961.3,17663,,,,01/18/2020,,41.05
POL104701,H1491,Meena,95,Life,39011.48,,Delhi,meena4@gmail.com,Rejected,,09-05-2022,-3936.54,8609.43,,Active,,,34123.17,
POL103079,H1153,arun,93,,133316.08,199064.05,Chennai,arun32@yahoo.com,Not Filed,"Dec 16, 2022",15-12-2024,-9976.14,16480.2,,,Valid,02-07-2019,,
POL103783,H1487,  raj,77,healthh,,,Chennai,raj53@gmail.com,,21-03-2018,09/28/2022,,18880.05,,,,16-07-2016,,
POL103340,H1167,kumar,,lifee,19398.65,,Chennai,,,05-07-2017,04-09-2021,2725246.97,-1202,,Lapsed,Invalid,05-09-2021,,78.72
POL102404,H1883,Priya ,28,,,545186.82,Delhi,,,"Jan 28, 2024",30-07-2018,1115069.74,-1348.99,,Lapsed,,,,
POL102331,H1240,Meena,121,Home,,,Hyderabad,meena79@gmail.com,Rejected,"Jul 07, 2017",06-08-2022,493596.27,12987.92,,Expired,Valid,"Feb 24, 2017",,18.47
POL104636,H1530, JOHN,,Motor,,496449.66,  chennai ,john90@gmail.com,Pending,"Mar 29, 2021",03-01-2020,,10882.23,BEN465,,,25-04-2019,,87.77
POL102177,H1427, JOHN,,Motor,83197.14,62519.61,Delhi,john55@gmail.com,Rejected,"Apr 12, 2023","Jul 21, 2021",,13460.87,,,,"May 16, 2019",255973.46,7.48
POL101374,H1774,kumar,,Life,26038.52,,Delhi,kumar@gmail,Rejected,03-01-2021,29-07-2017,,6509.38,,,,30-06-2022,312144.16,33.75
POL104098,H1959, JOHN,29,Travel,52235.62,436373.65,Mumbai,,Pending,"Mar 04, 2018",,3697519.22,16693.96,BEN787,Expired,,,178260.68,
POL104394,H1946,Meena,,healthh,17291.85,,,meena77@ins.com,Approved,19-01-2016,07-04-2019,-8960.55,13468.2,,,,03/21/2025,110163.4,
POL103768,H1414,  raj,30,Home,10572.75,,Hyderabad,raj80@yahoo.com,Pending,"Mar 09, 2017","Nov 11, 2018",3446735.29,3959.94,BEN400,,Invalid,"May 22, 2018",232282.18,22.16
POL101586,H1375, JOHN,,Health,29227.41,160358.52,Bengaluru,john96@gmail.com,Pending,"Jan 29, 2021",08/27/2024,,-1479.24,BEN230,Lapsed,Valid,29-10-2022,167355.49,
POL103996,H1154,Meena,,,,,Chennai,,Approved,05/15/2022,09-11-2023,4262744.71,14374.64,BEN511,Lapsed,Valid,11/21/2022,,
POL103007,H1552,  raj,49,Home,,251879.8,Mumbai,raj28@gmail.com,Approved,17-05-2018,"Jan 31, 2020",-3339.81,8707.35,,Active,,07-11-2023,,77.75
POL101569,H1119, JOHN,45,Life,68556.43,772011.6,,john95@yahoo.com,,,11-11-2020,-6995.69,8900.02,,Lapsed,,08/14/2021,,
POL103064,H1616,Meena,,,127268.22,,,meena@gmail,,,08-06-2021,4481696.16,13400.41,,Lapsed,Valid,02/22/2017,267304.3,
POL103623,H1489,arun,43,Motor,115035.26,751751.86,,arun59@yahoo.com,Pending,19-12-2016,01-10-2018,,10108.66,,Expired,,,,
POL100278,H1503,arun,24,Motor,,,Mumbai,arun60@gmail.com,Pending,28-10-2019,12-02-2025,2148883.04,4277.76,,Expired,,"May 27, 2023",32006.39,
POL104904,H1880,,10,healthh,,,Chennai,user@gmail,,06-04-2017,,-724.86,13647.67,BEN189,,,"Dec 08, 2022",,
POL102310,H1023,kumar,76,Life,,,Mumbai,kumar53@yahoo.com,Rejected,21-06-2022,02-03-2021,800838.35,5883,,Renewed,,"May 23, 2016",,69.08
POL100692,H1817,  raj,,Motor,48191.96,499586.56,Mumbai,raj13@yahoo.com,,25-06-2018,"Jul 01, 2024",3357483.6,19711.04,,Renewed,,01-05-2024,372752.92,
POL101394,H1620,Meena,116,Life,,105823.66,Mumbai,meena43@yahoo.com,Pending,"Apr 16, 2021",14-06-2023,-2650.47,9605.06,,Active,,12/30/2016,,23.49
POL101169,H1164,Priya ,46,Motor,,,Mumbai,priya90@ins.com,Rejected,08/14/2020,,1329909.07,7974.35,,Active,,05/18/2025,44185.19,64.99
POL104545,H1379,arun,,Life,,,  chennai ,arun26@gmail.com,Pending,,"Nov 18, 2019",3637300.01,4921.25,BEN878,,Invalid,,,
POL104115,H1218,Meena,,Travel,174620.73,157999.12,Mumbai,meena13@ins.com,Not Filed,11-12-2023,,-9527.54,9564.38,,,,,227991.19,
POL103987,H1378,  raj,,,101195.6,248671.35,Mumbai,raj80@gmail.com,,04/24/2023,06-09-2019,,15861.67,BEN690,,Valid,31-12-2017,,
POL102175,H1848,  raj,26,healthh,,,Hyderabad,raj38@ins.com,Not Filed,20-12-2019,08-02-2017,-357.93,10872.48,,Renewed,Invalid,20-09-2019,104870.69,
POL103712,H1586,  raj,79,lifee,,326998.24,Chennai,raj77@ins.com,,"May 17, 2025",20-11-2019,-1849.99,17431.64,,,Invalid,06-08-2019,67312.82,93.17
POL102263,H1040,Meena,98,,196766.83,,Mumbai,meena@gmail,,03-06-2017,26-08-2016,-631.88,9259.3,BEN233,Renewed,Invalid,06-09-2022,,88.21
POL101327,H1958, JOHN,54,lifee,45163.96,421558.31,Mumbai,,Pending,"Jul 29, 2021",06-02-2019,,1358.87,BEN903,Expired,Invalid,,,96.41
POL102370,H1363,Meena,,Health,,296600.28,Delhi,meena14@ins.com,,02/23/2018,20-04-2017,,17323.39,BEN335,Active,Valid,03/23/2016,,62.13
POL104723,H1490,Priya ,68,Motor,,691249.14,,priya2@ins.com,,16-05-2016,15-02-2022,,14218.12,BEN151,,,,267393.78,
POL103991,H1327,,63,Travel,24883.99,357639.24,Chennai,user61@yahoo.com,Rejected,15-02-2020,28-11-2021,,13643,,Active,,,60258.91,7.64
POL104338,H1762,Meena,46,,49876.69,38500.61,Delhi,meena17@yahoo.com,Pending,"Jul 06, 2023","Dec 01, 2020",2873722.54,8501.27,BEN596,Expired,,"Sep 24, 2016",,
POL102038,H1959,arun,,Life,2321.57,83300.42,Hyderabad,arun22@ins.com,,"Aug 14, 2016",,,14875.57,,Renewed,Valid,16-06-2024,,89.34
POL103533,H1846,kumar,65,,,92095.96,,kumar46@gmail.com,Pending,,26-04-2021,1762879.31,-1577.05,,Renewed,Invalid,27-06-2021,297317.47,63.04
POL102936,H1387,arun,78,lifee,23578.28,229092.36,  chennai ,arun50@gmail.com,,21-11-2019,20-03-2020,1557856.29,15376.13,,Lapsed,,24-04-2025,,
POL104252,H1910,Priya ,26,Life,170736.69,317509.92,,priya61@yahoo.com,Not Filed,22-09-2021,23-05-2016,4213702.7,437.42,,,,"Nov 28, 2016",,69.04
POL101943,H1016,Meena,58,Motor,181882.87,390255.81,Mumbai,meena27@gmail.com,,"Jun 14, 2016",07/18/2025,,6004.58,,Lapsed,,14-11-2022,320124.07,29.11
POL104620,H1042, JOHN,105,healthh,151182.54,,Hyderabad,,Not Filed,06-06-2025,"Aug 19, 2017",1813205.64,826.84,BEN628,,Valid,05/22/2023,,
POL104066,H1749, JOHN,17,Travel,54181.2,,,john23@ins.com,Not Filed,30-12-2016,,-98.37,11038.3,,,,,,
POL102003,H1279,Priya ,79,Travel,7383.49,746053.9,Delhi,priya36@gmail.com,,07-08-2023,06/24/2018,1812043.77,10135.86,BEN911,,,"Feb 23, 2024",,76.01
POL100478,H1052,kumar,,healthh,,,Chennai,kumar71@yahoo.com,Rejected,25-12-2024,19-04-2017,,-1121.38,,Active,Valid,21-02-2017,135042.36,
POL104803,H1354,  raj,71,Home,,27289.62,Delhi,raj54@gmail.com,Rejected,07-02-2020,,-6333.84,8812.11,,Active,,04-12-2025,,
POL102522,H1432,,,,,,Mumbai,,Pending,01-01-2017,,202544.21,4254.18,,,,"Dec 25, 2018",,50.27
POL103208,H1059, JOHN,48,Life,55763.78,,Bengaluru,john8@gmail.com,Not Filed,,24-02-2025,,3477.3,,,Valid,,173184.06,24.03
POL101496,H1412,Priya ,,Health,97485.6,198109.31,Bengaluru,priya99@ins.com,Rejected,"Jul 01, 2023",,,7068.91,BEN282,Renewed,,14-09-2022,,
POL103981,H1773,kumar,98,Health,130306.68,,Hyderabad,kumar16@yahoo.com,Not Filed,04/14/2019,"Apr 29, 2023",-5194.31,-1459.28,,,Invalid,11-04-2025,260865.87,
POL102341,H1415,Meena,42,Life,,139509.81,Mumbai,meena52@yahoo.com,Approved,"Nov 16, 2016",12/29/2019,-7779.82,11418.02,,Expired,Invalid,"Jul 11, 2025",,
POL101005,H1674,kumar,53,Life,,113976.35,Mumbai,kumar64@yahoo.com,Pending,29-08-2016,12/15/2022,,16097.99,,,Valid,,,85.39
POL103029,H1081,  raj,70,Life,,154830.88,Mumbai,raj49@gmail.com,Pending,09-09-2018,06-05-2025,-6127,5841.47,,Expired,,"Jul 04, 2018",237533.77,
POL102924,H1686,Priya ,47,Travel,189326.82,341930.19,,,Approved,06-11-2024,"Sep 24, 2019",1853089.13,6633.56,,Expired,,25-12-2020,,
POL100392,H1124,,,Life,177279.02,,Hyderabad,user54@ins.com,Not Filed,04-12-2017,10/21/2020,3198114.36,14101.89,,Renewed,Invalid,15-03-2016,,
POL100317,H1918,  raj,30,Motor,-144.51,467018.35,Mumbai,raj81@ins.com,,13-03-2017,05-12-2021,-3457.8,1543.03,,,,"Feb 09, 2018",314140.74,29.08
POL104224,H1651,Priya ,33,Home,23197.13,15324.89,Bengaluru,priya4@yahoo.com,,,09-04-2019,,16531.91,,Lapsed,Invalid,04-08-2024,,96.57
POL102959,H1449,Meena,106,,,,,meena96@yahoo.com,,,"Oct 20, 2019",,12567.25,BEN874,Expired,Valid,"Aug 12, 2022",122316.44,53.4
POL104174,H1825,Meena,98,Motor,5146.24,,Chennai,meena23@yahoo.com,,20-04-2021,11-06-2019,,-142.51,,Expired,Invalid,"Aug 23, 2017",74434.39,
POL104981,H1059,,,Motor,129975.27,336481.59,Hyderabad,,Rejected,04-02-2025,,2657624.29,5869.38,BEN986,Active,Valid,09-06-2021,166944.56,
POL101567,H1937, JOHN,121,Motor,,172016.3,Delhi,john83@yahoo.com,Pending,,19-02-2023,-5260.24,19312.26,,,Valid,,,
POL102033,H1831,,33,healthh,2800.47,,,user39@ins.com,Approved,02-09-2016,05/31/2023,4671216.62,18683.79,,,,02-01-2025,,8.05
POL103157,H1225,arun,16,Travel,120285.14,408633.32,  chennai ,arun56@yahoo.com,Rejected,"Jan 20, 2019",,-7036.99,17588.42,,Active,,22-08-2023,367062.95,
POL102608,H1075,Meena,86,lifee,80097.59,,Delhi,meena16@ins.com,Not Filed,"Mar 20, 2019",,4486068.71,2562.32,,Lapsed,Invalid,06/27/2016,55529.44,66.17
POL103670,H1551, JOHN,55,Health,,20942.88,,john71@ins.com,Approved,"Dec 18, 2020","Dec 07, 2024",-4577.1,3458.1,,Expired,Valid,,169205.84,10.05
POL103325,H1673,Priya ,79,Travel,12556.5,269803.39,,priya25@yahoo.com,Pending,11-07-2025,07-05-2020,,16653.81,,Active,,06-05-2019,,13.28
POL103933,H1459, JOHN,118,Home,,756592.65,Mumbai,john4@gmail.com,,"May 03, 2018",,,12511.12,,Renewed,,15-08-2016,,
POL103620,H1565,  raj,,lifee,19265.24,216656.78,Hyderabad,raj35@yahoo.com,Rejected,20-07-2017,18-08-2016,3269246.76,16666.33,,,Invalid,"May 23, 2018",,16.25
POL100149,H1981,Meena,82,,81908.29,288887.78,Mumbai,meena88@ins.com,Approved,09/17/2017,13-03-2025,,1208.56,BEN856,Renewed,Valid,11-12-2023,,99.56
POL102894,H1871,arun,22,Motor,150598.93,,Bengaluru,arun63@yahoo.com,,"Sep 17, 2021",,1589878.4,16036,,Renewed,Invalid,,384447.79,
POL102702,H1201,,,Travel,,,  chennai ,,,"Dec 15, 2018",26-04-2023,4919373.64,1780.55,,Lapsed,,22-08-2021,,45.77
POL102733,H1953,  raj,59,healthh,43421.39,274468.82,Bengaluru,raj44@ins.com,,,20-07-2023,,15466.44,,,,"May 10, 2021",,
POL102252,H1596,  raj,50,Health,,,,raj56@gmail.com,Pending,16-11-2021,22-01-2020,-9390.17,6889.23,,Active,,,,45.61
POL101414,H1702,kumar,29,lifee,6191.4,,Mumbai,kumar59@gmail.com,,04-12-2022,"Sep 08, 2022",1882203.02,5980.58,BEN568,,Invalid,,257153.66,
POL102582,H1910,Meena,60,healthh,82536.57,69734.56,  chennai ,meena72@yahoo.com,Pending,10-12-2016,14-02-2016,,2953.43,,Lapsed,,"Aug 30, 2021",,83.72
POL104377,H1970, JOHN,106,Motor,69009.42,512182.8,,john3@ins.com,,07-12-2019,25-11-2016,2709273.21,14232.91,,Expired,,10/21/2020,76522.01,
POL103833,H1373,,45,Health,,379629.38,,,Rejected,08/14/2018,15-01-2017,2166495.68,2453,BEN874,,,13-06-2023,393754.22,
POL102577,H1886,kumar,,Travel,,43243.87,Bengaluru,kumar32@yahoo.com,,04/26/2021,,,17316.39,,Lapsed,Valid,"Jun 23, 2024",,56.86
POL104572,H1624,Priya ,51,lifee,666.9,,Mumbai,priya42@gmail.com,Rejected,08/16/2018,,,9986,,Lapsed,,05-08-2017,169350.76,
POL101079,H1312,Priya ,,healthh,,455585.76,Bengaluru,priya83@gmail.com,Rejected,"Feb 08, 2019",,1017572.81,8271.91,BEN221,,,12/27/2016,,83.35
POL103184,H1983,Meena,30,Health,45747.94,642335.02,Chennai,meena5@yahoo.com,Approved,07/18/2025,"Aug 19, 2021",-2770.52,-631.16,,,,09/20/2024,,19.62
POL103409,H1111,,127,lifee,,727707.19,Delhi,user29@ins.com,,,03-11-2017,4281038.07,12257.45,,Active,Valid,06-10-2022,,8.48
POL103095,H1105,kumar,22,,,411559.63,,kumar@gmail,Rejected,09-12-2021,"Aug 26, 2021",-5328.65,10123.37,,,,05-04-2019,,
POL103268,H1318,  raj,19,lifee,,235834.31,Delhi,raj73@gmail.com,Not Filed,23-06-2020,28-08-2022,3828235.42,16619.55,,Lapsed,Valid,26-06-2020,282339.21,66.29
POL100731,H1832,Priya ,,healthh,84461.54,10953.65,,priya16@yahoo.com,Not Filed,01-08-2016,01/16/2019,-4389.66,14826.53,,,,25-04-2020,,
POL103401,H1588,Priya ,37,Health,52139.86,269615.08,,priya79@ins.com,,05-10-2023,01/13/2017,1876801.01,929.89,,Active,,"Nov 10, 2017",303750.82,
POL104758,H1338,kumar,61,Health,193999.22,522405.59,,kumar60@ins.com,,08/14/2017,21-12-2021,-957.03,6675.68,,Renewed,,24-02-2017,,39.88
POL101047,H1011,kumar,73,healthh,125768.78,515217.05,Bengaluru,kumar39@yahoo.com,,,"Jan 04, 2017",1270734.96,13931.5,,Active,Invalid,,133979.63,14.66
POL101400,H1322,Priya ,61,,,,Chennai,priya52@yahoo.com,Approved,26-10-2016,"May 18, 2016",-4677.86,6888.36,BEN167,Renewed,Valid,24-12-2016,267578.25,
POL104537,H1104, JOHN,26,lifee,60412.61,164660.72,Delhi,john57@ins.com,Not Filed,04/22/2024,03-01-2018,69373.24,17394.75,,,Invalid,21-09-2024,133006.51,21.17
POL102983,H1682,Priya ,,Travel,,,Chennai,priya93@gmail.com,Not Filed,30-05-2022,07-07-2018,-3740.64,14489.16,,,Valid,03/19/2019,283096.13,5.72
POL101132,H1187,kumar,83,healthh,66809.43,,Bengaluru,kumar93@yahoo.com,,30-06-2017,,,10222.12,,Expired,Invalid,"Jul 10, 2018",,77.71
POL100059,H1361,arun,,,,441227.87,Delhi,arun52@ins.com,,,10-07-2025,1844492.69,9093.62,,Lapsed,Valid,28-03-2022,390033.13,37.32
POL103671,H1158, JOHN,37,,66882.85,442331.5,  chennai ,,,12-06-2025,10-06-2023,,12196.19,BEN131,Active,Valid,,63190.23,24.51
POL102793,H1464,Priya ,50,lifee,88209.76,301447.71,,priya40@gmail.com,Not Filed,20-03-2024,04-10-2020,-3380.41,19529.46,,Lapsed,Invalid,,,
POL101830,H1225, JOHN,40,,68800.69,,Mumbai,john15@gmail.com,Pending,,"Apr 21, 2023",1304392.26,14536.8,,Expired,Invalid,16-06-2024,,16.1
POL101623,H1590,  raj,40,lifee,192200.96,,Hyderabad,raj77@ins.com,,,03/28/2021,4380306.68,8966.07,,Renewed,Invalid,"May 01, 2019",,34.89
POL104963,H1945, JOHN,85,Life,3226.87,47070.03,Mumbai,,Pending,23-05-2018,"Feb 10, 2024",-6635.03,7911.6,,,Valid,"Aug 25, 2018",,31.5
POL103750,H1271, JOHN,34,lifee,56878.08,757196.47,Hyderabad,john18@gmail.com,Not Filed,,08/28/2024,,10692.12,,Lapsed,,,,
POL100370,H1977,Priya ,,,63187.74,,Mumbai,priya97@gmail.com,Not Filed,"Sep 06, 2021",12/14/2017,,8224.19,,Active,,"Nov 28, 2018",281927.52,84.01
POL100404,H1535,Priya ,50,Motor,,,Chennai,priya36@ins.com,,15-10-2017,15-11-2016,4535397.79,-660.97,BEN333,,,"Apr 22, 2020",,
POL101241,H1799,,20,Travel,110655.88,437841.21,Delhi,user3@yahoo.com,Approved,,14-04-2022,-8389.2,12619.2,,,,04-06-2016,72144.21,
POL103216,H1023,  raj,,Health,,26556.12,Bengaluru,raj56@yahoo.com,Not Filed,"Jan 01, 2019",02-02-2025,-923.57,11992.04,BEN591,,Valid,02-01-2023,,82.71
POL104897,H1153,kumar,,,52651.04,,Delhi,kumar7@gmail.com,Approved,,,,-1376.39,BEN513,Renewed,,03-07-2022,,
POL102823,H1678,Priya ,,Home,78981.85,300601.76,Mumbai,,,,"Jun 06, 2023",1919991.27,19100.05,,Active,,30-03-2016,,
POL101456,H1553, JOHN,25,Motor,192936.07,515229.63,Bengaluru,john41@ins.com,Not Filed,,,,-1059.77,,Lapsed,,20-02-2019,,
POL101723,H1946, JOHN,39,Life,54231.83,,Hyderabad,john60@yahoo.com,,13-07-2022,,-6808.07,4613.46,,,Invalid,24-07-2023,130415.49,27.87
POL104700,H1019,  raj,44,Home,,727115.56,Chennai,raj4@gmail.com,Rejected,26-03-2024,30-10-2024,369297.16,8960.8,BEN558,Expired,,,,
POL102503,H1018,arun,26,Life,45947.81,,Mumbai,,,"Oct 01, 2020",03/18/2024,674308.42,4444.43,,Active,Invalid,06-02-2025,,
POL103336,H1597,Meena,,Motor,82744.05,673751.06,Mumbai,meena@gmail,,,09/21/2024,4325983.72,17694.74,,Renewed,,01-03-2025,330548.36,
POL104478,H1365,  raj,,Travel,32814.75,,Mumbai,,Approved,11-07-2019,12-10-2021,331991.64,8225.42,,Active,Valid,13-12-2022,,21.43
POL103752,H1498,arun,,Home,,296742.18,Bengaluru,arun@gmail,Pending,11-08-2017,,,7176.04,,Lapsed,,11-01-2017,366931.45,13.65
POL104405,H1962,,,Travel,59191.38,303599.29,Chennai,user78@yahoo.com,Rejected,24-01-2016,15-09-2017,-7559.53,8192.75,BEN812,Active,,09-01-2021,397607.82,67.76
POL103070,H1773,  raj,72,healthh,95201.4,,Mumbai,raj60@gmail.com,,,12-04-2016,-9798.23,1664.5,,,Invalid,01/18/2024,42559.31,
POL104379,H1144,Meena,18,,188739.12,284400.1,Bengaluru,,Rejected,,,,-1192.11,,Renewed,Valid,,,57
POL104596,H1290,arun,,Home,51198.33,,,arun49@ins.com,,04/26/2018,12-06-2020,-2411.85,1688.09,,,,,285279.96,2.25
POL104792,H1415,,101,Health,,325704.88,Delhi,user25@yahoo.com,Not Filed,18-12-2021,"Jun 26, 2021",,281.27,,,Invalid,08-04-2020,368764.03,60.39
POL100597,H1913, JOHN,,Home,,266603.06,Hyderabad,,Rejected,,"Apr 18, 2024",,10942.29,,Lapsed,,,201351.93,96.77
POL102257,H1570,Meena,72,,,347028.46,  chennai ,meena60@gmail.com,Rejected,20-03-2018,04-09-2018,,12131.24,BEN786,Expired,Invalid,"Oct 02, 2021",,22.17
POL102477,H1287,arun,,Home,,,Mumbai,arun38@ins.com,,23-06-2024,25-12-2022,-1341.19,19585.2,,Lapsed,Invalid,"Nov 30, 2024",,
POL100464,H1045,  raj,53,Home,142368.52,,Mumbai,raj84@ins.com,,"Sep 12, 2024",,,13742.53,BEN860,Lapsed,,26-08-2017,239219.63,
POL103489,H1742,,19,Motor,46081.23,314073.68,Delhi,user65@yahoo.com,,"Sep 25, 2018",17-11-2021,-1081.9,2520.81,BEN545,Lapsed,Invalid,"Sep 16, 2018",305694.72,
POL104004,H1686,arun,73,Life,152814.11,379877.81,Hyderabad,,Pending,"Jul 23, 2025",,,17293.52,,Active,Invalid,"Oct 11, 2019",,81.29
POL100901,H1583, JOHN,27,Health,80983.47,33462.6,Bengaluru,john46@ins.com,,"Aug 03, 2017","Jun 27, 2023",-9437.05,5290.39,BEN326,,,"May 03, 2020",3130.61,86.45
POL104663,H1306,,20,lifee,17640.76,81609.33,Bengaluru,user41@yahoo.com,Rejected,19-10-2020,"Sep 01, 2023",,4909.98,,Active,Invalid,,7233.43,67.6
POL103495,H1431,Meena,30,Life,,260921.61,Mumbai,meena30@gmail.com,,10-04-2022,,4070534.45,8129.59,BEN378,Renewed,Invalid,01-08-2016,,
POL104321,H1027, JOHN,,Travel,,536551.16,  chennai ,john50@yahoo.com,,11/22/2018,"Mar 16, 2020",,9706.18,BEN242,Active,,22-07-2016,,
POL104318,H1660,kumar,130,Travel,18338.97,,,kumar69@ins.com,Rejected,01-04-2017,,996132.94,6889.7,,Expired,Valid,,365583.68,32.78
POL101736,H1787,kumar,,Motor,53921.24,,Hyderabad,kumar91@ins.com,,"Aug 06, 2016",30-10-2017,-861.64,4999.42,BEN179,Renewed,,27-02-2020,94293.6,5.49
POL102118,H1250,arun,,lifee,164902.99,,Chennai,,,11-08-2020,15-09-2020,,-265.53,,Active,,08-04-2021,334803.33,71.82
POL103802,H1505,  raj,,healthh,,209638.83,Delhi,,Pending,05/16/2019,04-06-2023,4657497.09,16018.05,BEN952,,Invalid,10/21/2022,35708.29,9.67
POL103748,H1396,kumar,66,Home,,52080.64,Delhi,kumar58@ins.com,Approved,07-01-2019,20-08-2017,,13008.25,,Active,,17-07-2020,324882.54,61.4
POL104592,H1210,,,,79280.91,154942.04,Bengaluru,user68@yahoo.com,Approved,"Jan 31, 2018",,2404964.12,-433.99,,Lapsed,Invalid,"Aug 12, 2024",,
POL100000,H1025,  raj,65,Motor,67831.6,,Chennai,raj4@yahoo.com,Pending,,"May 10, 2018",,14693.76,,Renewed,,07/18/2019,62191.8,10.22
POL102276,H1610, JOHN,99,,15643.9,235477.82,  chennai ,john81@ins.com,Pending,20-11-2024,"Mar 16, 2016",,11146.06,,Expired,,14-07-2018,,
POL104682,H1405,kumar,129,Life,161648.35,99493.71,Hyderabad,kumar49@yahoo.com,Pending,08-01-2018,28-01-2023,-8961.46,16302.3,BEN460,Expired,,11-06-2019,91814.84,14.46
POL103279,H1976,Priya ,87,Home,171727.06,,Mumbai,priya5@gmail.com,Not Filed,22-03-2025,,2168334.31,2211.68,,,,,281994.31,45.13
POL101153,H1259,,43,healthh,,,Mumbai,user60@ins.com,Not Filed,,24-05-2018,-8639.24,18637.67,BEN913,,,01-04-2020,80516.73,
POL102352,H1669, JOHN,-4,Home,67030.61,192832.43,  chennai ,john74@gmail.com,Approved,"Dec 14, 2019",20-06-2024,,10100.28,,Renewed,,03-03-2022,,76.69
POL103444,H1391,Meena,89,Home,,530640.21,  chennai ,meena65@ins.com,,"Aug 27, 2024",,-6086.64,421.63,,Expired,,02/29/2016,59448.87,61.33
POL103626,H1421,arun,69,,77546.32,334840.41,  chennai ,arun92@yahoo.com,Rejected,10/18/2017,"Dec 17, 2021",4471868.47,4964.11,,Expired,Valid,12/28/2021,31047.89,
POL101971,H1258, JOHN,64,healthh,,302796.88,,john29@yahoo.com,,15-10-2017,07-07-2025,,2078.9,,Expired,Valid,,176977.75,43.58
POL104693,H1598,  raj,,lifee,68629.66,315541.75,,raj73@yahoo.com,Pending,20-12-2020,"Sep 07, 2019",-3678.84,16789.53,BEN801,Lapsed,,04-02-2024,,57.87
POL104047,H1314,,38,lifee,61100.21,40474.97,,,Rejected,"Jul 23, 2019","Apr 29, 2025",375937.24,13292.52,,Active,Valid,"Nov 20, 2018",,
POL102873,H1748,Priya ,23,Travel,,364675.05,  chennai ,priya97@gmail.com,Approved,"Sep 28, 2017",06-12-2022,-5252.29,18623.23,,,Valid,02/20/2025,,
POL102334,H1487, JOHN,30,Travel,183588.3,,Chennai,john41@gmail.com,,07/30/2019,"Apr 25, 2020",,7703.98,,,,12-01-2016,,
POL103031,H1403,,35,,8235.94,746372.18,  chennai ,user52@yahoo.com,Pending,04-06-2016,03-05-2023,,7251.39,,Expired,,12/17/2020,,50.85
POL101720,H1348,arun,20,Life,72420.37,62188.64,Hyderabad,,Approved,,"Mar 12, 2022",,8845.57,,Expired,Invalid,"Jul 06, 2025",,
POL102428,H1530,Meena,48,lifee,92756.78,,Hyderabad,meena76@yahoo.com,Rejected,04-08-2018,,3689958.88,8221.65,,,,19-04-2023,,49.75
POL100902,H1541,  raj,,Motor,17096.5,,  chennai ,raj22@yahoo.com,,27-04-2017,14-09-2024,2658364.53,2612.71,,,,"Jun 03, 2019",214071.13,68.15
POL101333,H1450,kumar,28,Home,,,,kumar80@gmail.com,,12/27/2017,06-09-2020,-8779.78,8220.98,,,Valid,"Feb 18, 2021",,
POL102100,H1131,Priya ,,Health,135158.22,,  chennai ,priya88@yahoo.com,Not Filed,"Jul 10, 2025",10-05-2020,-8970.04,5396.9,,Renewed,Valid,24-01-2017,,15.08
POL104774,H1126,arun,,Travel,34556.46,456362.97,Hyderabad,arun86@gmail.com,,19-10-2019,"Jun 27, 2016",-777.72,11602.26,BEN494,Lapsed,,04-04-2022,,
POL100991,H1818,kumar,95,Health,25303.51,,Bengaluru,kumar2@gmail.com,Rejected,03-10-2023,"Nov 18, 2021",,1714.92,,,Invalid,14-10-2019,145871.1,28.33
POL103826,H1603,Priya ,63,healthh,3424.17,315154.63,,priya57@yahoo.com,,02-08-2023,16-07-2024,,19711.17,BEN594,Lapsed,Valid,,243780.09,
POL103616,H1303,Priya ,113,,41303.75,388692.07,,priya42@yahoo.com,,"Jan 22, 2016",02-09-2020,,2613.26,BEN485,Active,,22-04-2018,180982.9,
POL103885,H1961,kumar,43,,22808.23,,Delhi,kumar1@ins.com,Pending,03-12-2018,12-02-2016,,1542.56,,Active,,28-05-2020,115699.77,2.57
POL101659,H1723, JOHN,28,Motor,182766.51,25200.62,Bengaluru,john43@ins.com,Pending,07-12-2023,18-05-2018,,7216.47,,Expired,Invalid,28-01-2023,263785.76,28.75
POL103951,H1377,kumar,26,lifee,83313.09,,  chennai ,kumar84@ins.com,,"Nov 06, 2019","Sep 08, 2018",,7230.8,BEN809,Lapsed,,27-07-2023,,1.46
POL102805,H1907,Meena,88,Home,102359.79,,,meena73@ins.com,,25-05-2021,01/29/2023,,10313.25,,Active,Invalid,12/29/2017,182278.76,
POL102462,H1119,  raj,41,Home,1485.76,,Bengaluru,raj79@gmail.com,Approved,16-06-2021,"Jan 13, 2025",,9434.76,BEN404,Lapsed,,27-03-2020,,4.33
POL102882,H1419,  raj,43,healthh,96869.47,483018.61,Chennai,raj30@ins.com,Not Filed,03-05-2018,"Apr 02, 2022",,4246.41,BEN838,Active,,08/22/2019,,42.58
POL102834,H1818,kumar,,healthh,69149.86,,Mumbai,kumar11@yahoo.com,Pending,13-05-2021,20-05-2020,1435069.88,16758.83,BEN454,,,25-08-2023,286508.52,
POL103285,H1872,kumar,,Travel,105259.01,465938.01,Mumbai,kumar49@gmail.com,Pending,,12/28/2018,-8503.87,15629.41,,Active,,23-03-2018,355335.74,
POL103640,H1093,Meena,26,Life,116738.4,707298.58,Delhi,meena51@gmail.com,Not Filed,02-03-2016,02-06-2019,4922848.76,2166.57,,,,08/29/2020,193758.32,
POL103296,H1952,arun,,healthh,76107.29,456735.52,Hyderabad,,Rejected,,19-11-2021,,-610.47,,,Valid,23-12-2019,133535.57,10.84
POL101244,H1463, JOHN,,Home,30068.52,423134.13,Mumbai,john78@yahoo.com,Approved,10-08-2021,,,16016.56,,Renewed,,04-05-2018,314938.58,7.46
POL100711,H1285,,108,Life,,591853.52,Delhi,,Rejected,,,,13375.38,,,Invalid,07-08-2020,,99.13
POL100371,H1703,Priya ,,Travel,,161596.01,Delhi,priya55@gmail.com,Rejected,30-05-2021,07/20/2019,-7810.52,16007.54,,Renewed,Invalid,,,
POL104218,H1034,kumar,47,Motor,140816,691667.91,  chennai ,kumar67@yahoo.com,Rejected,,,-3672.1,10971.31,,Lapsed,,02-04-2019,395375.07,
POL102376,H1131,,61,lifee,,475552.02,Delhi,user24@gmail.com,Approved,08-10-2023,,3013949.13,6313.22,BEN560,Lapsed,Invalid,"Jun 24, 2019",22422.9,94.42
POL102152,H1431,,5,Motor,30287.46,,Chennai,user61@yahoo.com,Not Filed,,,-2491.42,2481.87,BEN491,Active,,08/13/2020,300344.75,34.18
POL103408,H1131,Meena,21,lifee,137980.58,80312,Mumbai,meena70@yahoo.com,,02-10-2019,10-05-2018,,11659.86,,,,,,
POL101092,H1335,Priya ,,Health,48858.94,,Bengaluru,priya76@gmail.com,Approved,,06-10-2025,-6376.64,8274.83,,,Valid,06/18/2024,,
POL103309,H1610,,,lifee,118499.23,,Mumbai,user9@ins.com,Rejected,"Apr 19, 2022",23-06-2018,3173094.49,1177.17,,,Valid,"Apr 29, 2021",259211.8,
POL102991,H1182, JOHN,5,Travel,23463.66,86891.78,Hyderabad,john79@yahoo.com,,,17-08-2024,,16054.36,,,Invalid,"Jul 07, 2023",,
POL102628,H1218,,22,Home,147614.46,438115.26,Delhi,user52@yahoo.com,Not Filed,04/26/2020,"Jul 20, 2019",-9887.46,-1382.49,,Expired,,01/29/2022,,73.03
POL101136,H1774, JOHN,60,Life,46620.81,,Mumbai,john90@gmail.com,,"Jul 31, 2022",13-06-2020,-8012.78,1794.76,,Active,Invalid,,,
POL101824,H1787,kumar,83,Health,62958.72,436592.42,,kumar11@yahoo.com,Not Filed,21-01-2024,05-08-2023,-3725.1,654.7,,Expired,Invalid,09-11-2022,,
POL100122,H1664,,37,Life,,295375.15,,user46@yahoo.com,Approved,22-05-2020,"Oct 19, 2023",4605970.03,7695.13,,,,01-02-2017,,97.79
POL102958,H1889, JOHN,,Health,197589.03,373234.04,Chennai,john48@yahoo.com,,,"Feb 11, 2021",-8408.91,-898.94,BEN698,Active,,16-04-2023,,
POL104809,H1540,Meena,21,Life,,,Hyderabad,meena64@yahoo.com,Pending,14-08-2017,03/22/2016,,16702.16,,Lapsed,,,,
POL100025,H1505,kumar,,lifee,,417979.31,Hyderabad,kumar87@gmail.com,,04-02-2016,03-03-2022,2378979.08,1992.76,,,,18-08-2024,188004.16,
POL102106,H1667,arun,39,Health,,,Chennai,arun79@yahoo.com,Not Filed,10/25/2024,21-09-2024,2883121.55,5185.58,,,Invalid,13-01-2020,,
POL101351,H1709, JOHN,,Home,185993.92,,  chennai ,john18@yahoo.com,,,21-04-2024,1709678.7,15755.5,,,Valid,12-10-2019,9691.47,
POL101057,H1657, JOHN,44,Motor,94798.64,725273.67,Chennai,john13@yahoo.com,Not Filed,08-10-2023,27-09-2022,,-367.03,,,,26-06-2021,,56.25
POL100973,H1801,Priya ,,Home,,,  chennai ,priya77@yahoo.com,,20-06-2017,"Aug 16, 2024",3508072.14,9674.23,BEN724,Expired,,,,1.58
POL102606,H1240,kumar,86,Travel,,11515.88,,kumar60@ins.com,,25-07-2017,01-03-2018,-9387.48,-1403.14,,,Valid,,305651.42,
POL103555,H1295,Priya ,,Motor,105780.95,262970.55,Chennai,priya@gmail,Rejected,07-11-2022,08-10-2022,,9511.35,,Lapsed,,06-08-2019,217866.18,
POL104541,H1046, JOHN,54,healthh,,108398.05,Mumbai,john52@yahoo.com,Pending,"Aug 06, 2022","Mar 21, 2023",-8215.48,2618.03,,Renewed,Invalid,"Jan 01, 2020",,68.54
POL103150,H1838,  raj,15,Home,,,Mumbai,raj46@gmail.com,,"Apr 23, 2017",11-04-2018,,19406.63,BEN824,,,"May 21, 2023",,51.01
POL101211,H1029, JOHN,,,60281.43,678137.2,Bengaluru,,Rejected,26-04-2022,25-04-2024,1876410.48,14054.79,BEN648,Lapsed,Valid,04-01-2024,,
POL101577,H1344,arun,63,lifee,,,Bengaluru,arun19@gmail.com,,"Jun 07, 2022",16-04-2021,,-1505.12,,Active,,07-01-2025,,
POL101083,H1594,Priya ,42,healthh,30642.91,417513.64,  chennai ,priya59@ins.com,Approved,06-01-2019,29-01-2021,1791153.32,2805.31,,Lapsed,Valid,05/23/2018,,
POL102375,H1237,  raj,87,Motor,7375.65,430228.37,Hyderabad,,Rejected,"May 18, 2021",16-04-2018,,1142.12,,Renewed,Invalid,"May 22, 2017",133423.72,12.16
POL101470,H1963,arun,,Health,2351.01,515616.77,Bengaluru,,,"Jul 28, 2019",08-05-2023,-8086.1,12791.63,,,Invalid,09-09-2021,157475.89,83.75
POL102256,H1511,arun,,Home,51339.52,192440.66,  chennai ,arun25@ins.com,,,12-01-2023,,14808.53,BEN857,,,"Dec 08, 2021",322948.05,
POL101959,H1459,Priya ,,Life,75156.59,,  chennai ,priya91@ins.com,,03-11-2018,10-04-2020,-891.44,18833.54,,Expired,Invalid,,,
POL100871,H1157,Priya ,77,,7439.11,92128.06,Chennai,priya33@gmail.com,Not Filed,01-01-2021,15-12-2017,-85.42,2133.13,BEN930,Active,,20-02-2016,228579.33,
POL100805,H1073,Priya ,22,,97077.27,61057.12,Delhi,priya16@gmail.com,Rejected,27-09-2024,13-09-2024,3564433.15,2791.49,,,,10-05-2021,155414.42,54.79
POL101762,H1557,  raj,17,Motor,47853.62,600556.02,Chennai,raj61@gmail.com,Rejected,14-11-2020,09/26/2019,-7344.87,-232.36,,,,"Oct 03, 2024",206637.96,
POL102804,H1386,arun,80,Travel,8773.77,,,arun63@yahoo.com,Pending,"Apr 13, 2022",,-9011.64,12449.72,BEN224,Expired,Valid,12/15/2023,,76.28
POL101555,H1391, JOHN,61,Travel,,,Bengaluru,john17@yahoo.com,,22-09-2017,"Jan 21, 2021",-2023.65,14973.21,BEN450,,Invalid,"Apr 09, 2023",191471.21,17.87
POL104939,H1852,  raj,,Travel,70657.04,,Chennai,raj95@gmail.com,Pending,27-08-2019,17-11-2016,,587.03,,Expired,,"May 21, 2020",,96.74
POL101379,H1499,Priya ,18,Travel,56375.54,475340.11,  chennai ,priya58@ins.com,,10/31/2019,,2452119.94,18982.19,,,Valid,,,
POL102498,H1886,Priya ,16,Health,,559102.92,Chennai,priya77@yahoo.com,Pending,08/24/2021,"Apr 18, 2018",,-1463.51,BEN841,Lapsed,,25-06-2020,356292.12,
POL102452,H1737,,87,Motor,,,Chennai,user19@gmail.com,,,,,18102.54,,,Valid,25-12-2018,,
POL104165,H1446,Meena,,Home,140354.5,,Mumbai,meena92@yahoo.com,Not Filed,05/14/2023,27-04-2020,,5365.58,,Expired,Invalid,05-10-2021,116469.59,19.4
POL100357,H1566,Priya ,65,Motor,2352.87,,Chennai,priya@gmail,Rejected,,"Aug 17, 2021",,4140.03,,Renewed,Valid,"Sep 16, 2017",,22.44
POL100422,H1492,,,Motor,,,Delhi,user93@yahoo.com,,07-08-2019,25-12-2017,2244737.71,-1763.08,,Lapsed,Valid,,188443.73,
POL100250,H1586, JOHN,,,,608370.74,  chennai ,john94@gmail.com,Approved,,,2077660.22,5457.95,,Renewed,,02-05-2019,,57.2
POL104552,H1906,  raj,5,Life,19304.51,,  chennai ,raj@gmail,Pending,02-02-2025,20-12-2022,,13160.08,,Expired,,,,57.64
POL102491,H1424,arun,83,lifee,,179602.24,Hyderabad,arun25@gmail.com,,10/23/2024,04-08-2024,-8110.48,8467.14,BEN838,Expired,Valid,"Jun 22, 2018",,8.49
POL101115,H1668,  raj,41,Motor,76128.65,,Chennai,raj3@yahoo.com,Approved,05-10-2019,,4436448.23,16445.62,,Active,,,,
POL103881,H1348,Priya ,,healthh,,,Chennai,priya61@yahoo.com,,,"Oct 06, 2024",4994209.31,13710.59,,Expired,,,,
POL101938,H1711, JOHN,,lifee,,,Mumbai,john16@ins.com,,29-09-2023,,-7205.98,14054.92,,,Valid,10/21/2023,,47.37
POL103045,H1897,,,Travel,92209.34,,  chennai ,user93@gmail.com,Pending,,24-09-2024,,9959.54,,Lapsed,Invalid,,,17.44
POL101031,H1322, JOHN,63,healthh,,,Hyderabad,john18@ins.com,Not Filed,15-06-2024,26-07-2020,-6235.93,8374.69,,Expired,Valid,"May 27, 2016",,
POL104280,H1257,kumar,27,,26437.55,354667.72,Bengaluru,kumar95@yahoo.com,,19-08-2024,"Jul 30, 2024",623657.24,4783.23,BEN151,,Invalid,"Mar 09, 2018",,41.25
POL102946,H1628, JOHN,,,98451.3,456445.73,Chennai,john84@yahoo.com,Pending,,03-04-2022,-3928.95,5860.07,,Expired,,10-05-2018,,62.9
POL104364,H1813,,85,Home,3165.74,193744.25,Mumbai,user2@yahoo.com,,29-05-2022,,,5590.77,BEN834,,,07-08-2022,49039.77,10.12
POL103264,H1340,Meena,99,Home,,687768.26,Chennai,meena53@yahoo.com,Not Filed,10-11-2019,"Aug 26, 2020",,6739.37,BEN979,Expired,Valid,,,
POL101678,H1589,,31,,174425.96,48663.36,Chennai,user54@yahoo.com,Approved,30-05-2024,,-4800.76,7669.79,,,Invalid,10-02-2017,164598.76,
POL104898,H1527,  raj,41,Health,37694.44,140656.28,Delhi,raj19@ins.com,Rejected,"Feb 24, 2020","May 25, 2019",4888943.86,13168.85,,Renewed,,15-11-2016,108639.69,74.64
POL102004,H1576,kumar,82,Home,84654.04,297619.41,Bengaluru,kumar94@ins.com,,17-07-2017,,1341084.2,8712.74,,Lapsed,,12-07-2022,372093.78,0.04
POL100069,H1550,kumar,34,Travel,166138.43,367718.14,Hyderabad,kumar59@gmail.com,Pending,02-05-2020,15-01-2025,,-1291.22,,,Valid,15-02-2022,,59.39
POL100462,H1292,,27,Health,85341.8,35272.57,Chennai,user73@ins.com,Approved,13-05-2024,09-09-2019,1115777.77,14320.62,BEN481,Lapsed,,09-10-2024,,89.85
POL102216,H1598,Priya ,30,,77918.55,372879.4,Mumbai,priya35@ins.com,Approved,22-02-2019,"Apr 07, 2025",,-68.28,,Active,,11-04-2024,,81.51
POL100287,H1386,  raj,92,Travel,,,,raj17@gmail.com,Not Filed,,30-04-2021,,16636.61,,Lapsed,Invalid,,,
POL104959,H1882,kumar,,Travel,190037.69,,,kumar3@gmail.com,,06/14/2020,04-12-2017,,17560.63,,Expired,,"Jul 10, 2022",387348,
POL101420,H1087,,33,Health,,190603.62,  chennai ,,Rejected,"May 13, 2018",,288386.86,4191.29,BEN368,Lapsed,Valid,05/28/2024,,
POL100976,H1031,,,healthh,3691.3,,,user18@yahoo.com,Not Filed,25-04-2018,08-08-2020,4006886.55,13024.94,,Expired,Valid,24-04-2024,,71.63
POL101020,H1292,arun,,Travel,,45127.09,Chennai,arun47@yahoo.com,,07-09-2021,01/25/2019,-6830.16,-655.13,,Renewed,,08-06-2024,,90.42
POL100215,H1802,arun,,healthh,11227.83,,Delhi,,Rejected,13-06-2020,27-05-2024,,10927.27,BEN304,,,21-02-2017,36311.73,94.88
POL101089,H1514,,,Life,107919.31,,Mumbai,user5@gmail.com,,03/31/2022,"Apr 03, 2023",75140.42,1399.33,,Active,Valid,11-09-2016,,89.89
POL101979,H1822,arun,12,Travel,38096.3,152802.95,Mumbai,arun30@ins.com,Pending,08/21/2023,31-01-2021,-571.54,14437.75,,Renewed,,29-05-2020,43572.69,93.35
POL101621,H1630,Meena,,Home,62898.29,,Mumbai,,Rejected,15-03-2021,28-11-2019,-5132.15,14762.66,BEN156,,,13-07-2019,238175.71,32.67
POL102448,H1474,arun,37,Travel,,418220.82,Hyderabad,arun69@gmail.com,Rejected,01/19/2023,05/19/2025,3786967.55,4822.1,BEN760,,Invalid,,8102.12,96.8
POL101314,H1036,,,lifee,90764.57,136612.61,Hyderabad,user95@gmail.com,Not Filed,08-07-2017,02-07-2017,-9897.54,6282.55,,Active,,10-06-2018,,
POL104255,H1267,arun,59,lifee,,,Hyderabad,arun90@gmail.com,Pending,12-11-2019,"Oct 15, 2023",750778.8,13098.73,,Renewed,,06/30/2022,,
POL103571,H1949,,,,7590.82,126166.12,Mumbai,user47@gmail.com,Pending,09-11-2023,13-05-2021,3956635.28,14934.98,BEN773,Active,,"Jul 20, 2021",,77.08
POL104293,H1556,,41,Motor,192983.75,,  chennai ,user99@gmail.com,Rejected,,31-12-2018,-7817.61,17923.52,BEN407,Renewed,Valid,20-03-2018,51466.74,6.87
POL102472,H1106,  raj,,,,,Mumbai,raj98@yahoo.com,Not Filed,22-08-2022,,-4636.27,10866.7,,,,06-09-2018,,98.58
POL102745,H1994, JOHN,,Health,73117.33,9625.87,Mumbai,john73@yahoo.com,,08/30/2017,30-05-2023,-4811.19,11716.77,,,Valid,02-01-2016,,93.27
POL101432,H1178,Priya ,97,healthh,99824.44,785155.33,Delhi,priya63@ins.com,Approved,16-08-2023,19-04-2018,-2097.17,8875.72,,Expired,Invalid,03-01-2022,,
POL101627,H1884,  raj,,lifee,35143.67,,Mumbai,raj87@gmail.com,Approved,09-02-2025,12-10-2017,-9558.38,-24.08,,,,11-11-2023,,7.96
POL102775,H1711,  raj,76,healthh,49430.63,,Mumbai,raj6@ins.com,Not Filed,"Feb 13, 2023",09-10-2021,,1372.17,BEN206,Active,,"Jul 27, 2017",94063.16,
POL104819,H1281, JOHN,,Home,41029.48,452160.19,Mumbai,john@gmail,,"Dec 05, 2023","Apr 24, 2016",,2267.3,BEN552,Active,,14-11-2019,211732.22,0.74
POL104895,H1315, JOHN,40,Life,6063.98,525231.55,Bengaluru,john68@gmail.com,Approved,21-01-2017,"Feb 27, 2020",,11598.47,,Renewed,,,,
POL104844,H1968,kumar,60,,,231726.39,  chennai ,kumar38@yahoo.com,Rejected,,12-10-2017,-1091.53,10895.65,,Active,,18-03-2024,148047.68,36.07
POL100967,H1399,kumar,3,lifee,69586.69,697534.46,Hyderabad,kumar16@gmail.com,Pending,11/20/2023,07-02-2019,-1885.33,11471.82,,Lapsed,,07-11-2022,160257.65,1.56
POL102181,H1389,,41,Travel,60233.44,347472.61,Mumbai,user73@yahoo.com,Pending,,10-05-2017,2777363.49,11359.15,,,,12-08-2017,233508.98,51.27
POL100510,H1823, JOHN,69,lifee,,711656.94,Delhi,john43@gmail.com,Pending,"Jun 29, 2021",,-9237.32,17710.36,,Active,Invalid,"Nov 25, 2020",,10.26
POL102416,H1219,,60,Motor,,,Hyderabad,user24@yahoo.com,,06-10-2022,08/16/2021,2534990.57,7843.67,,Expired,,12/31/2016,13961.79,10.81
POL103849,H1001,kumar,,Motor,185742.47,134499.63,Bengaluru,kumar82@yahoo.com,Pending,03/31/2019,12-06-2024,-5933,15901.55,,Lapsed,Invalid,,88247.3,18.16
POL100953,H1493,,20,Travel,49765.34,,  chennai ,user71@gmail.com,,09-02-2017,30-12-2021,-8564.23,-733.31,,Lapsed,,07-12-2016,263273.68,
POL103449,H1201,arun,,lifee,180570.08,73071.23,Bengaluru,,Not Filed,04-03-2025,05-10-2021,,12865.75,,,,"May 08, 2024",276345.58,
POL104519,H1285,Meena,28,Travel,,364415.59,  chennai ,meena48@yahoo.com,Not Filed,05-03-2025,07-01-2022,1235791.6,33.99,BEN148,Lapsed,Invalid,06-04-2022,47779.13,
POL103980,H1320,arun,36,Home,,642229.87,Mumbai,arun15@ins.com,,"Mar 23, 2020","Sep 28, 2016",,18865.22,,Expired,Invalid,12-04-2022,380802.92,53.95
POL100895,H1320, JOHN,70,healthh,43663.08,151787.91,,john13@ins.com,Not Filed,,,1371158.35,4749.29,,,Valid,30-10-2024,,91.77
POL100025,H1449,kumar,57,lifee,83601.87,,Hyderabad,kumar@gmail,,04-07-2025,29-10-2019,2328452.91,19629.27,,Lapsed,Valid,02-08-2024,,
POL102259,H1932, JOHN,,Life,61185.38,174900.68,Delhi,john94@yahoo.com,,,13-11-2020,1137670.9,13049.09,,,,,,
POL102364,H1006,  raj,,Health,80893.27,659347.51,Mumbai,raj5@ins.com,,11-11-2017,08/26/2019,2567559.49,17933.97,BEN290,Active,,12/17/2022,376418.71,
POL100017,H1680,kumar,,Motor,,513526.42,Delhi,kumar94@ins.com,,13-08-2016,10/31/2017,-2804.88,245.76,BEN427,,Invalid,,,40.39
POL104679,H1655,Priya ,,healthh,86899.94,,Delhi,priya38@gmail.com,Pending,09-02-2019,,2866498.46,7964.59,BEN725,Expired,,31-12-2022,68075.17,66.13
POL100877,H1387,kumar,83,Travel,50382.58,,Mumbai,kumar14@yahoo.com,,"May 27, 2022","Jul 29, 2020",,9170.07,,Lapsed,Invalid,10/20/2024,,
POL101975,H1964,kumar,68,Travel,75784.19,,Mumbai,,Rejected,06-01-2025,01/22/2022,-4976.75,8637.01,,Renewed,,14-05-2023,45434.41,
POL101384,H1841,Priya ,,Life,65657.94,13998.65,Delhi,priya1@yahoo.com,Approved,09-01-2016,25-06-2017,-8817.32,9999.22,,Lapsed,,"Dec 07, 2022",,
POL100658,H1491,  raj,33,,,,Bengaluru,raj7@ins.com,Rejected,08-05-2019,07-09-2019,-7479.35,11096.73,,Renewed,,08-03-2016,381876.86,81.85
POL104195,H1471,kumar,41,lifee,168185.49,65431.43,Mumbai,,Rejected,15-12-2019,09-07-2019,,3834.44,BEN647,,Valid,20-06-2023,367452.06,
POL100021,H1655,  raj,,Motor,-74.5,,Chennai,raj80@gmail.com,Approved,,11-10-2018,,-296.2,,Renewed,Valid,"Dec 04, 2020",,
POL101166,H1007,Meena,,Travel,60772.02,762753.49,Chennai,meena82@gmail.com,Rejected,20-09-2017,13-06-2018,-6768.23,18596.65,,,,"Dec 12, 2022",,
POL104984,H1499,,100,Health,156656.98,,Chennai,user37@ins.com,Rejected,"Nov 17, 2024",26-03-2024,-5007.35,7909.67,,Active,,"Dec 24, 2022",,
POL103219,H1828, JOHN,,Life,193820.8,,,john83@yahoo.com,Pending,"Apr 23, 2024",04-01-2025,4938648.19,3781.78,,Active,,,,
POL100144,H1614,kumar,,Travel,61098.37,492224.05,,kumar77@ins.com,Pending,"Sep 07, 2018","Feb 23, 2024",-1494.32,4292.14,,,Invalid,,,
POL104883,H1232,  raj,43,Home,13040.32,422617.55,Hyderabad,raj76@ins.com,Pending,26-06-2025,09-03-2022,,19478.25,BEN734,,Invalid,29-10-2017,394584.92,60.38
POL101935,H1575,Meena,67,,22438.77,,Delhi,meena@gmail,,05-03-2023,10-11-2022,,15401.07,BEN915,Expired,Valid,14-01-2020,46465.02,1.25
POL101871,H1177,kumar,39,lifee,73743.2,,  chennai ,kumar37@gmail.com,Pending,"Jul 12, 2016",25-01-2023,-8164.03,3591.11,BEN841,Expired,,09-01-2023,23348.07,
POL101038,H1348,Priya ,39,Motor,65155.24,,  chennai ,priya75@ins.com,,"May 16, 2025","Jan 11, 2023",-9804.71,7468.31,BEN836,,Invalid,,258634.89,45.94
POL102981,H1322,Meena,86,Home,163837.33,65434.06,Mumbai,meena67@gmail.com,,"Dec 16, 2023",05-05-2018,,17406.45,,Lapsed,Valid,,112631.88,89.33
POL100206,H1642,arun,71,Motor,42302.93,,Chennai,arun67@yahoo.com,Rejected,"Apr 15, 2021",,1746822.77,8695.26,,,,"Aug 24, 2022",,89.83
POL100448,H1354,  raj,,Home,91379.06,63260.22,  chennai ,raj17@ins.com,Pending,02-11-2024,14-02-2025,,15135.29,BEN984,Active,Valid,11-02-2024,,15.62
POL104483,H1104,Priya ,49,Home,154784.7,,,priya23@yahoo.com,Approved,02-06-2024,08-02-2021,-4771.17,5977.67,BEN401,,,08/31/2016,317320.9,30.6
POL103635,H1593,kumar,27,Life,175154.37,79513.12,Mumbai,kumar31@ins.com,Rejected,,06-04-2022,2448207.06,9508.6,,Expired,Valid,,,9.89
POL102393,H1576,Meena,,Home,,427460.17,Chennai,meena90@yahoo.com,Not Filed,09/30/2021,28-11-2021,-4760.14,17391.21,BEN763,Lapsed,Invalid,,,
POL101740,H1448,kumar,48,Travel,12368.86,394439.6,Delhi,,Not Filed,12-08-2019,03-04-2025,-703.68,12094.54,,Active,Invalid,10/20/2023,104515.88,
POL104776,H1152,,,Health,,,Bengaluru,user82@gmail.com,Pending,06-10-2016,,-8909.65,5385.49,,Expired,Valid,,132320.5,90.09
POL101651,H1759, JOHN,77,Life,41881.31,,Delhi,john46@yahoo.com,,20-06-2023,"Sep 04, 2022",-7370.89,7863.33,,Renewed,,06/26/2020,53194.32,
POL101121,H1008,,53,,75924.52,39662.15,,user73@ins.com,Not Filed,09/14/2022,16-07-2016,417112.33,2657.02,,Expired,,07-07-2019,,6.87
POL100640,H1693,kumar,61,Health,,292466.64,Delhi,kumar37@yahoo.com,Rejected,,17-04-2021,-5145.32,2127.78,BEN687,Expired,Valid,12-10-2019,,11.92
POL100330,H1225,arun,,,9651,147160.44,  chennai ,arun52@ins.com,Rejected,19-04-2024,20-09-2019,3450934.41,19161.17,,,,16-10-2018,317639.81,43.35
POL101834,H1431,,72,Home,63620.26,,Bengaluru,user32@ins.com,Approved,04-03-2024,13-05-2017,-8852.73,14851.57,BEN501,Active,,09-04-2024,,31.13
POL100185,H1298,kumar,109,lifee,79537.49,240162.86,,kumar12@yahoo.com,Approved,,,2050777.21,-626.97,BEN662,Active,,25-02-2025,,23.52
POL101912,H1282,Priya ,17,Life,,,  chennai ,priya46@gmail.com,,,,3644196.27,17824.08,BEN509,Active,,27-12-2022,,55.36
POL103470,H1235,kumar,,lifee,102304.3,381990.02,Mumbai,kumar66@ins.com,Not Filed,02/29/2024,09/15/2016,4023296.02,17302.21,BEN928,Lapsed,,26-06-2021,280140.11,21.37
POL101999,H1267, JOHN,33,lifee,94572.54,,Mumbai,john65@gmail.com,Rejected,08-05-2017,26-03-2020,-3936.81,15944.29,BEN554,Active,,09-04-2024,,8.02
POL104477,H1397,  raj,80,Life,45012.52,307721.5,Mumbai,raj86@yahoo.com,Pending,10-05-2023,,,4542.13,,Lapsed,,04/27/2023,,
POL103816,H1207,Meena,,Health,,621116.16,Hyderabad,meena44@gmail.com,Approved,12-06-2023,31-10-2017,,469.37,,,Invalid,01-10-2017,,
POL104837,H1798,  raj,130,Home,,,Chennai,raj97@yahoo.com,,"Jan 12, 2020",09/15/2016,-1095.28,-1492.44,,Expired,Invalid,"Nov 02, 2016",,
POL103704,H1306, JOHN,39,Life,,,  chennai ,john46@yahoo.com,Rejected,10-05-2023,,-8911.86,2430.75,BEN822,Renewed,,17-05-2019,83451.42,
POL100643,H1594, JOHN,,Life,159910.09,188761.58,,john41@ins.com,,"May 03, 2019","Jul 09, 2018",,6739.74,,Expired,Invalid,,296432.36,
POL100070,H1720,,49,Life,,,Hyderabad,user94@yahoo.com,Rejected,,,,4638.82,,,Invalid,"Nov 01, 2019",,
POL103448,H1876,Priya ,128,Health,28223.84,,Bengaluru,priya94@ins.com,,08-03-2017,03/22/2019,,-1311.94,,Renewed,Invalid,02-04-2017,18239.22,
POL100186,H1728,kumar,,Travel,,442114.37,  chennai ,kumar86@ins.com,Pending,27-04-2019,04-12-2017,3259526.75,12474.39,BEN239,Expired,,"Jan 10, 2020",357432.99,62.32
POL104504,H1926,  raj,121,Life,47609.51,390671.45,  chennai ,raj90@yahoo.com,Approved,,24-01-2019,335841.48,7982.22,,Expired,,13-12-2017,,
POL104080,H1991,kumar,-2,,21024.42,330861.65,Hyderabad,kumar79@gmail.com,Rejected,,,-3696.15,-1007.17,BEN359,,,,,
POL104853,H1173,,74,,52416.94,589471.35,Mumbai,user86@ins.com,Approved,26-08-2018,"Jul 03, 2021",-4292.13,9542.49,,Lapsed,Valid,19-03-2020,250532.77,42.54
POL103848,H1430,Priya ,,Travel,,5317.12,  chennai ,priya85@ins.com,Rejected,,28-07-2019,,11588.82,,Active,Valid,,250816.9,8.45
POL104497,H1677,Meena,108,Travel,70335.54,625997.55,Delhi,meena54@ins.com,Approved,"Sep 24, 2019",03-10-2021,,13925.27,,Renewed,,04/18/2024,,
POL104905,H1772,  raj,69,Motor,129956.62,15767.99,Chennai,raj91@yahoo.com,Not Filed,02-08-2020,,,17750.82,BEN318,Expired,,09-05-2021,,97.51
POL100627,H1075,Priya ,73,healthh,89865.27,283197.35,Bengaluru,priya63@gmail.com,Pending,03-06-2018,,4926195.32,12344.75,BEN791,Renewed,,,385533.89,64.87
POL102512,H1640, JOHN,79,Home,64602.96,,Mumbai,john17@ins.com,Not Filed,"Jan 04, 2020",08/29/2024,4761309.14,10492.7,,Renewed,Valid,,,68.86
POL102308,H1545,  raj,,Motor,65246.47,184725.8,Delhi,raj34@yahoo.com,,"Jan 31, 2021",07-05-2016,-7457.03,4425.68,,Expired,,22-03-2021,,40.93
POL100623,H1660,,41,Health,49553.02,344967.15,Hyderabad,user62@ins.com,Rejected,"Aug 18, 2019",05-08-2025,,19607.35,BEN256,Expired,Valid,11-01-2016,301752.53,
POL104357,H1852,,63,Home,83314,286781.71,Hyderabad,user81@gmail.com,Pending,"Apr 26, 2022",06-06-2025,285109.47,12577.93,,,,19-06-2021,293716.3,
POL104354,H1154,  raj,36,Health,57038.76,395600.33,Delhi,raj71@ins.com,Rejected,,"Sep 05, 2023",-8328.51,8956.4,,Active,,05-02-2016,,
POL101558,H1062,Priya ,,healthh,38830.95,310049.37,,priya58@gmail.com,Pending,08/20/2016,01-04-2020,2463817.16,279.19,,,,13-05-2020,,34.14
POL104170,H1355, JOHN,73,Home,104200.8,279563.67,Bengaluru,john30@ins.com,Not Filed,17-08-2016,03-02-2018,,12448.31,BEN512,Renewed,,,197803.23,82.78
POL103319,H1370,Meena,,healthh,71377.33,80422.36,Bengaluru,meena26@yahoo.com,,"Oct 30, 2023",09/15/2019,-9652.73,11870.77,BEN691,Expired,Valid,"Feb 06, 2018",,
POL103376,H1162,Priya ,11,healthh,144097.83,,,priya60@gmail.com,Pending,23-01-2020,"May 12, 2016",,11763.93,,Expired,,"Apr 14, 2018",295680.86,25.81
POL103916,H1506,Meena,,healthh,162537.43,360175.98,Bengaluru,meena86@yahoo.com,Not Filed,"Apr 06, 2018","Oct 23, 2016",-5266.7,300.45,,Expired,,"Sep 18, 2024",96791.56,
POL103177,H1659, JOHN,48,,32101.99,,Mumbai,john35@ins.com,Approved,,15-07-2025,4956899.74,16258.34,,,,04/16/2023,,16.71
POL104619,H1985,arun,,Life,,451436.47,Delhi,arun24@yahoo.com,Not Filed,29-11-2021,27-02-2025,,3621.49,,,Invalid,07-10-2025,,
POL101035,H1729,Meena,,healthh,,135292.02,Delhi,meena37@ins.com,,15-11-2019,12/21/2022,-2261.32,2443.85,,Expired,,01/31/2023,343778.11,
POL104046,H1307,arun,,,99038.27,387975.84,Chennai,arun81@ins.com,Not Filed,,02-08-2021,-7113.77,3753.39,BEN711,Lapsed,Invalid,,48617.02,
POL101585,H1448,Meena,21,,118231.25,714216.37,,meena27@ins.com,Approved,29-06-2019,"Feb 20, 2023",1019406.57,295.25,BEN582,Lapsed,Invalid,06-07-2023,255325.79,
POL102159,H1515,  raj,40,Life,31545.77,368327.26,Chennai,raj81@ins.com,Pending,"Mar 18, 2017",06/14/2019,-4738.09,15240.47,BEN573,,Invalid,05/19/2018,,42.42
POL102150,H1514,arun,15,Health,68915.57,,Mumbai,arun24@yahoo.com,Not Filed,15-04-2017,"Jun 10, 2021",4547025.03,9549.39,,,Invalid,03/31/2016,,60.78
POL104490,H1269,  raj,27,Health,,,Delhi,raj34@yahoo.com,Approved,05/29/2018,09-04-2018,4125316.74,19865.73,,Lapsed,Invalid,"Jan 25, 2025",,
POL102520,H1182, JOHN,27,,,,Chennai,john85@ins.com,,"Apr 07, 2023",10-12-2022,,9658.53,BEN327,Lapsed,,,,
POL104650,H1342,  raj,,lifee,2059.76,,Chennai,raj51@yahoo.com,Rejected,20-11-2023,"Aug 02, 2017",3805800.15,9343.17,,Expired,,"Oct 08, 2016",93526.14,89.04
POL100565,H1447,,,Health,83153.96,,Delhi,user40@gmail.com,,,28-01-2025,,7832.49,,Renewed,Valid,03/24/2024,14940.29,
POL102107,H1820, JOHN,63,Life,,406976.46,Chennai,john53@gmail.com,Approved,"Dec 22, 2018",04/13/2016,,19303.12,,Expired,Invalid,17-02-2021,,
POL101289,H1008,arun,63,,27653.27,428904.05,Delhi,arun76@gmail.com,Not Filed,12/28/2017,02-12-2022,,16776.58,BEN453,Renewed,Valid,,185899.44,
POL103546,H1753,kumar,38,Life,,444017.93,,kumar81@ins.com,Pending,"Jan 25, 2020",,4233466.36,-813.43,BEN563,Lapsed,,,,20.87
POL100730,H1482,  raj,25,Motor,81229.09,,Hyderabad,,,"Jul 28, 2025",,,9052.39,,,Valid,"Feb 17, 2018",,
POL103311,H1239,,64,Motor,15710.09,577051.23,Chennai,user99@yahoo.com,Approved,03-05-2017,02-08-2017,,11507.16,,Renewed,,04-09-2020,223394.25,19.42
POL101614,H1215,Meena,2,lifee,,128357.41,  chennai ,meena74@ins.com,,09-06-2018,09/17/2022,-7593.62,2131.36,BEN732,Lapsed,,09/20/2017,192035.66,31.33
POL100499,H1425,Priya ,44,Motor,69093.07,271159.77,,,Pending,20-11-2024,15-05-2024,4770248.37,19233.16,,Lapsed,Valid,,306399.92,51.08
POL102853,H1428,,,Travel,94957.25,385597.52,,user14@yahoo.com,Approved,11-11-2019,"Jan 12, 2017",419526.18,3910.87,,Lapsed,Valid,13-03-2023,,64.46
POL100942,H1337,Meena,,Home,57733.25,396967.63,  chennai ,meena54@yahoo.com,Not Filed,"Apr 13, 2024",31-03-2017,-7508.04,-1562.66,BEN272,Renewed,Invalid,11-01-2020,,
POL103071,H1243,  raj,,healthh,75178.5,160022.11,Delhi,raj27@yahoo.com,,12-11-2023,15-03-2019,3741212.32,7325.75,,Lapsed,Valid,"Mar 18, 2021",,40.83
POL101390,H1439,Meena,72,,39175.48,157239.08,Hyderabad,meena26@gmail.com,,28-02-2016,10/14/2022,,9658.15,,,Invalid,09-05-2023,,
POL100163,H1141, JOHN,88,Home,161270.22,,,john63@yahoo.com,,,03-05-2018,-6996.07,15783.51,BEN490,Active,,02/20/2016,351917,
POL102463,H1738, JOHN,,Travel,69579.89,,  chennai ,john39@ins.com,Rejected,11-05-2018,06-03-2016,-8017.76,8363.52,,,,26-07-2025,,
POL102908,H1888, JOHN,70,lifee,,173555.27,Chennai,john85@ins.com,,,31-05-2018,-5361.22,2981.04,,,,,247047.59,
POL100121,H1051,arun,,lifee,31614.36,,Chennai,arun22@gmail.com,Rejected,"Aug 14, 2018",,1378131.52,15929.21,BEN287,Renewed,,"Jun 09, 2016",108733.24,68.99
POL104396,H1207,  raj,85,lifee,27669.96,731786.82,Hyderabad,raj59@ins.com,,"Feb 12, 2023",,-2007.99,2240.51,,Lapsed,,12-07-2018,,63.12
POL100857,H1629, JOHN,52,Motor,131216.85,90555.38,Chennai,john15@yahoo.com,Not Filed,,29-11-2023,1979642.94,15795.75,BEN562,Expired,Valid,"Aug 19, 2018",,74.36
POL102458,H1717,  raj,66,Life,58446.65,,Delhi,raj9@yahoo.com,Approved,,03-09-2022,2090587.95,2401.43,,,,04-08-2017,,
POL104160,H1875,Priya ,,healthh,,137209.81,Hyderabad,priya99@gmail.com,Approved,11-11-2016,26-09-2022,757280.68,17750.12,BEN542,Active,Valid,"Mar 09, 2017",,
POL100154,H1488, JOHN,,Travel,,326447.37,Mumbai,john50@gmail.com,Pending,09-01-2020,07-09-2023,-7604.38,15766.65,,Lapsed,,"Jun 21, 2017",,18.24
POL101261,H1225,arun,48,lifee,22808.1,28622.18,Mumbai,arun60@ins.com,Rejected,26-09-2016,02-06-2016,-3805.99,8754.38,,Renewed,,04/15/2023,,67.2
POL104304,H1153,Priya ,22,healthh,,350688.15,Mumbai,priya97@ins.com,,12/15/2022,"Sep 24, 2017",2747548.96,15314.22,,,Invalid,,3469.38,
POL100034,H1968,arun,72,Health,43134.01,335243.11,,arun96@yahoo.com,Pending,"Jul 30, 2023",03-12-2016,4176780.76,-1280.24,BEN479,Renewed,,28-05-2018,,98.09
POL100475,H1031,kumar,28,Motor,153448.2,311580.21,Delhi,kumar40@gmail.com,,"Jun 18, 2022","Apr 26, 2016",-1604.92,13295.49,,,Invalid,"Jul 25, 2018",134830.1,
POL102990,H1851,Meena,69,healthh,48622.4,216722.6,Mumbai,meena78@ins.com,Rejected,08-01-2021,19-11-2017,-852.75,10555.7,,Active,Valid,24-08-2022,,
POL102421,H1083,arun,,Life,56505.99,433038.57,Mumbai,arun48@ins.com,Approved,"Jul 09, 2018",13-12-2018,,10432.24,BEN594,,Valid,"Jan 30, 2020",,42.29
POL101878,H1620,Priya ,15,healthh,,430600.29,Bengaluru,priya97@gmail.com,Not Filed,,"Sep 26, 2017",564742.87,-896.85,,,,11-04-2020,398797.67,19.45
POL103222,H1897,Meena,,Home,,460834.7,Delhi,meena76@yahoo.com,Not Filed,12/30/2023,09-10-2016,-5925.39,11401.51,BEN711,Lapsed,Invalid,"Dec 17, 2018",,28.68
POL100785,H1247,Priya ,,lifee,75035.58,292571.27,  chennai ,priya25@gmail.com,Not Filed,"Jul 28, 2018","Jun 09, 2017",659415.71,7104.98,BEN179,Expired,,"Jul 09, 2022",366108.24,
POL100061,H1597, JOHN,,Travel,,417007.03,Mumbai,john74@yahoo.com,Approved,24-06-2017,25-11-2018,2233140.9,13191.01,,,,16-01-2023,,56.09
POL100465,H1923, JOHN,59,lifee,78435.34,371324.76,Mumbai,john64@yahoo.com,,"Jun 11, 2025",04-12-2021,4808862.76,17464.99,,,,"Oct 10, 2018",,88.97
POL100750,H1517,  raj,23,Motor,,307566.83,  chennai ,raj37@ins.com,Approved,12-04-2025,12-01-2019,3419709.83,6328.59,,,,,,34.29
POL102693,H1185, JOHN,76,Travel,,242024.02,  chennai ,john96@yahoo.com,,01/21/2023,"Jul 02, 2022",,911.03,,Expired,,27-03-2024,197735.23,
POL104832,H1280,arun,,healthh,177619.09,358058.51,,arun87@yahoo.com,Not Filed,05-05-2024,12-04-2024,,5607.1,,,Invalid,,,90.14
POL103313,H1131,  raj,40,Motor,58130.72,196048.62,Chennai,raj@gmail,Approved,"Jun 15, 2023",16-06-2022,,8518.36,,Renewed,Invalid,,86300.19,49.51
POL103165,H1154,arun,85,Motor,,,Chennai,arun40@gmail.com,Not Filed,16-12-2016,23-10-2024,,16700.78,,,,12-04-2021,392346.19,69.68
POL101216,H1629, JOHN,,Motor,,,Chennai,john34@gmail.com,Approved,25-03-2021,,,7874.12,BEN633,,,10/31/2017,,
POL103595,H1303,,,lifee,80269.53,,,,Approved,02-04-2021,09-05-2022,-6610.98,-1095.55,,Lapsed,Valid,06-11-2024,,
POL101839,H1986,arun,,Travel,62210.74,13195.14,Hyderabad,arun72@gmail.com,Pending,06-09-2023,"Oct 03, 2024",,10389.65,,Active,Invalid,,,
POL103042,H1493,  raj,20,Motor,,,,raj57@ins.com,Not Filed,07-01-2017,,-8132.38,-1142.47,,Expired,Invalid,"Feb 29, 2020",,92.47
POL100183,H1030,arun,,,89554.55,,Bengaluru,arun42@yahoo.com,,27-05-2017,10/20/2023,2687090.55,3248.66,,Expired,,"Jan 24, 2019",,81.39
POL100695,H1439,Priya ,,Home,,577832.6,Hyderabad,priya52@gmail.com,Rejected,07-01-2018,03-10-2025,,1998.39,,Lapsed,Invalid,05/30/2017,,
POL102001,H1622,Meena,,healthh,,346207.86,Delhi,meena37@yahoo.com,Approved,,30-12-2020,2492805.02,5506.24,,Renewed,,,,74.96
POL101135,H1757, JOHN,66,lifee,,412233.87,Chennai,john45@gmail.com,Approved,,"Dec 04, 2017",,18255.82,BEN820,Active,,"Apr 27, 2022",,67.25
POL104611,H1158,,62,Life,1994.96,675140.85,Bengaluru,user11@ins.com,,"Feb 12, 2019",11-08-2016,2226217.61,12106.46,,Lapsed,Invalid,14-10-2018,,53.72
POL100036,H1215,arun,,Life,3435.19,,Hyderabad,arun71@yahoo.com,Rejected,28-04-2016,10-12-2017,,9458.05,,Renewed,,14-02-2016,220585.36,17.11
POL102898,H1804,arun,,healthh,,407147.39,Bengaluru,arun33@yahoo.com,Rejected,"May 28, 2020",,-1954.89,17592.89,BEN225,Expired,Valid,,179892.83,87.25
POL103972,H1508,kumar,,,22520.17,,,kumar76@gmail.com,Approved,23-06-2019,07/28/2018,-3199.05,11588.83,BEN386,,Valid,"May 29, 2020",,36.45
POL102332,H1982,Meena,118,,76629.75,66781.07,Mumbai,meena87@yahoo.com,,23-06-2019,14-06-2019,-8074.17,17194.87,,Expired,,03-07-2016,,
POL103574,H1865,arun,18,lifee,114574.4,547926.13,Hyderabad,arun41@ins.com,,04-10-2019,,2246551.32,1491.54,BEN244,Expired,,"Oct 03, 2020",,14.65
POL101820,H1561,arun,66,Travel,,372235.23,Chennai,arun15@ins.com,Approved,"Jul 07, 2024",23-10-2017,2798390.24,3174.46,,Lapsed,,08-10-2022,,64.17
POL100010,H1183,,46,Home,25169.1,386660.78,  chennai ,,Pending,14-02-2020,,-3332.2,2817.7,,Lapsed,,11-12-2018,,
POL104804,H1472,Priya ,35,Life,,,Chennai,priya@gmail,,23-12-2020,,,6692.46,,Expired,Invalid,"Feb 17, 2023",,3.71
POL104340,H1537,Meena,13,Motor,56017.55,572127.74,Mumbai,meena52@ins.com,Rejected,"Jan 11, 2017",12/29/2024,3327780.25,7279.83,BEN417,,Valid,04-05-2020,,
POL103791,H1463, JOHN,,,96085.85,16550.14,,,Approved,"Dec 02, 2018",26-11-2023,-1205.21,-1465.69,,Active,Valid,11-05-2021,91019.35,88.33
POL104859,H1307,arun,,Home,,,Mumbai,arun21@yahoo.com,Rejected,01-02-2017,09-09-2019,-9963.21,-470.98,,,Invalid,"May 07, 2020",291675.63,
POL104230,H1455,Meena,91,lifee,64594.89,495156.21,Chennai,meena96@yahoo.com,Rejected,13-08-2017,10-03-2023,-1624.27,11004.46,,Renewed,,,224748.78,
POL103159,H1399,,71,Health,53956.2,438108.52,Delhi,user29@ins.com,Pending,,04-08-2025,,3050.88,,Renewed,Invalid,"Dec 15, 2022",,30.99
POL101575,H1712,arun,,healthh,64138.23,,Mumbai,arun25@gmail.com,,06/23/2025,19-03-2025,1502484.52,17600.43,,Active,,03/30/2023,,
POL104993,H1176,kumar,93,lifee,,,Chennai,kumar67@yahoo.com,,08-02-2017,,4886488.75,10760.14,,Expired,Valid,,391580.2,71.56
POL103969,H1315, JOHN,73,Health,19341.53,445539.94,Hyderabad,john@gmail,Approved,26-01-2020,14-12-2024,-8737.25,5560.03,,Lapsed,,18-07-2019,,54.94
POL100632,H1270,arun,129,Travel,4787.57,361475.02,Mumbai,arun69@yahoo.com,,,12/27/2017,,19949.54,,Renewed,Invalid,29-06-2023,,
POL100537,H1076,arun,,Motor,19741.85,209933.86,Hyderabad,arun94@yahoo.com,,"Feb 12, 2023",24-08-2016,,17244.13,BEN652,Active,Invalid,,272612.7,40.84
POL101967,H1807,kumar,-3,,,506033.31,Chennai,kumar14@ins.com,Approved,"Aug 01, 2024",,-5752.55,19846.75,BEN993,,,13-02-2025,159973.49,
POL101048,H1156,arun,63,healthh,44612.76,160748.07,Mumbai,arun44@yahoo.com,Rejected,05-01-2022,13-10-2017,-6521.34,4291.93,,,,25-02-2021,,
POL101293,H1686,Priya ,22,,63417.89,,Hyderabad,priya44@gmail.com,Not Filed,11-03-2021,20-10-2017,355238.23,1192.05,BEN220,Lapsed,Valid,"Sep 04, 2021",103590.69,
POL103255,H1190, JOHN,,healthh,,,Bengaluru,john62@yahoo.com,,,06-11-2017,903464.18,9299.89,BEN379,Renewed,Valid,12/28/2020,331136.19,
POL102087,H1992,kumar,73,Home,2652.76,,Bengaluru,kumar78@gmail.com,,20-02-2017,22-01-2021,2501634.42,13271.26,BEN297,Active,,06/13/2022,,82.28
POL100120,H1851,Meena,63,healthh,55547,727837.09,Delhi,meena@gmail,Approved,03-12-2016,,,15149.58,,,Valid,11-08-2024,257734.72,98.87
POL104260,H1422,arun,,Travel,,610851.22,  chennai ,arun4@gmail.com,Pending,25-04-2020,11-02-2020,4533348.61,6814.05,,Active,,11-08-2017,316049.36,
POL104327,H1873,kumar,30,Life,21150.64,468920.32,Delhi,kumar56@yahoo.com,,14-09-2020,,-9431.59,2094.32,,,Valid,,303724.15,81.56
POL100403,H1918,kumar,,Travel,58408.2,,,kumar73@yahoo.com,Approved,,10-08-2021,,6766.81,,,Valid,11-07-2021,,
POL100181,H1687,arun,64,Home,95850.66,408818.83,Hyderabad,arun91@gmail.com,,26-06-2025,15-04-2021,402652.21,9892.7,BEN151,Active,,09-10-2018,,8.61
POL104698,H1898,Meena,31,Health,,,Hyderabad,meena15@ins.com,,23-10-2020,,,-84.37,BEN736,Active,,16-01-2024,375380.28,
POL104531,H1836,  raj,49,Motor,,,Delhi,raj90@gmail.com,Not Filed,,02/16/2020,-8053.15,19310.51,BEN923,Renewed,,,,38.3
POL101053,H1227, JOHN,,healthh,,145265.08,Bengaluru,,Pending,,"Feb 21, 2018",,2610.69,,Renewed,,"May 09, 2022",170866.63,
POL101014,H1167,,23,Motor,62868.81,363222.63,,user58@gmail.com,,03-11-2020,12/30/2019,-5844.31,9823.61,,,,05-02-2021,159892.36,23.28
POL101027,H1547,,,Travel,,,  chennai ,user68@gmail.com,,06-03-2024,11-01-2022,2774527.67,5833.56,BEN991,Expired,Valid,,,96.39
POL104320,H1029,kumar,26,healthh,,461785.3,Hyderabad,kumar93@gmail.com,Rejected,,,,14797.08,,Expired,Invalid,02/20/2019,376342.11,59
POL101556,H1349,  raj,61,Home,96880.41,224470.49,Delhi,raj39@yahoo.com,Pending,06-09-2018,09-03-2017,,5297.26,,Renewed,,,,
POL100269,H1023,Meena,3,lifee,80015,456972.38,Mumbai,meena50@ins.com,Not Filed,22-07-2018,02/14/2019,2869099.31,51.31,,,Invalid,13-05-2016,330589.93,
POL102625,H1066,kumar,,lifee,96821.62,669928.67,Delhi,kumar31@gmail.com,Rejected,19-11-2022,10-06-2022,-71.18,2223.14,BEN952,Active,Invalid,13-03-2019,74070.8,
POL101866,H1886,arun,,Health,,431422.5,  chennai ,arun17@gmail.com,Not Filed,"Jul 16, 2025",04-12-2016,3284767.48,6962.63,BEN460,,,"Oct 20, 2017",367416.09,63.84
POL104982,H1792, JOHN,33,Life,10260.97,444062.68,Mumbai,john@gmail,,"Nov 20, 2016",08-01-2017,,8651.72,,Active,Invalid,09-09-2023,,10.87
POL103700,H1599,kumar,,Home,3435.02,383542.03,Hyderabad,kumar3@ins.com,Rejected,18-04-2018,,,1010.8,BEN437,Expired,,11-10-2023,,
POL102250,H1428,  raj,75,Life,,491788,,raj@gmail,,14-11-2018,,,1871.27,,Lapsed,,19-05-2025,136506.87,
POL100216,H1875,Meena,82,Health,,420715.19,Mumbai,meena93@ins.com,Pending,,"Sep 08, 2017",1863991.98,12817.57,BEN209,Lapsed,,"Dec 11, 2024",,40.76
POL104924,H1779,arun,,Life,,257730.67,Mumbai,arun28@yahoo.com,,13-01-2021,"Sep 30, 2020",1544050.79,18406.65,,Renewed,,,13696.45,
POL103890,H1506,kumar,,,48006.24,,  chennai ,kumar97@gmail.com,Approved,,16-04-2021,1060758.87,4620.31,,Expired,Invalid,"Oct 01, 2021",104914.13,
POL100293,H1372,Meena,72,Life,5093.54,146698.41,Bengaluru,meena41@yahoo.com,Rejected,,,-3120.7,16034.79,BEN342,Expired,Invalid,01-12-2021,,
POL102403,H1660,Meena,4,Travel,78797.92,511212.76,,meena@gmail,Not Filed,02-03-2017,02/28/2025,2490496.55,815.88,,,Invalid,11-01-2020,,73.16
POL104827,H1997,arun,67,Life,,76159.69,Chennai,arun@gmail,,25-05-2024,24-01-2016,-1759.73,14181.12,,Renewed,Valid,"Nov 04, 2018",242259.23,
POL100148,H1782,Meena,66,Motor,6100.38,751421.81,Bengaluru,meena59@ins.com,,,"Mar 10, 2021",-9915.81,2636.55,BEN694,Lapsed,,,,
POL101584,H1734,kumar,,,42053.3,,Bengaluru,kumar32@yahoo.com,,08-05-2022,,,4988.25,,Lapsed,Valid,05-03-2021,316456.02,62.79
POL101766,H1058,  raj,36,Life,75931.49,,Chennai,raj39@gmail.com,Approved,02-12-2016,"Aug 21, 2022",4264659.04,12958.23,,,,30-11-2018,198749.51,
POL104612,H1692, JOHN,,healthh,142682.04,378049.05,Hyderabad,john98@gmail.com,,"Aug 15, 2016",21-11-2023,-6759.15,17137.31,BEN785,Expired,,,177278.34,41.26
POL104562,H1474,arun,8,,,,Delhi,arun84@gmail.com,Not Filed,01/28/2024,,1422378.27,-812.55,BEN432,,,03-05-2020,209259.12,
POL102581,H1467,  raj,83,Motor,,176941.04,Mumbai,raj36@yahoo.com,Approved,29-12-2023,01-02-2020,,4801.9,,,Invalid,26-11-2019,275415.9,74.78
POL100583,H1852,Meena,92,,1755.25,423397.44,  chennai ,meena6@gmail.com,Rejected,10-04-2020,16-02-2016,,5149.99,,Expired,,,357517.69,84.78
POL101111,H1587,arun,,Health,,152390.77,Chennai,arun78@ins.com,Pending,10/25/2017,"Feb 06, 2019",,19571.47,BEN307,Active,,"Jan 04, 2019",283467.31,
POL101876,H1477,  raj,39,Health,,34459.25,,raj4@yahoo.com,,21-11-2023,,445198.06,6411.26,,Lapsed,,,120300.97,
POL102402,H1068, JOHN,38,Health,117933.77,479564.7,Hyderabad,john39@gmail.com,,14-02-2017,24-10-2023,,5093.92,BEN958,Active,,"Apr 11, 2023",,46.49
POL102418,H1033,  raj,3,Health,,,Mumbai,raj56@ins.com,Rejected,,07/17/2021,,-84.35,,,,30-12-2024,,
POL104243,H1775,Priya ,80,healthh,163449.82,,Bengaluru,priya71@gmail.com,,"Mar 27, 2017","May 13, 2022",,11811.08,,Lapsed,Invalid,13-01-2025,379129.2,31.29
POL104893,H1079,kumar,,lifee,194679.87,694965.48,Hyderabad,kumar50@gmail.com,Pending,21-01-2022,01-05-2019,-8371.91,10993.08,BEN413,,Invalid,24-03-2020,8069.89,24.16
POL102824,H1162,  raj,22,Health,76238.32,349557.69,Mumbai,raj66@ins.com,Rejected,19-09-2019,"Jul 17, 2016",-4450.15,10720.84,,,Valid,06-11-2024,,80.94
POL102782,H1696,kumar,,lifee,,45577.49,Chennai,kumar77@gmail.com,Pending,07/25/2023,"Oct 22, 2021",-3182.39,10976.79,BEN446,Lapsed,,01/28/2023,372452.63,
POL103705,H1012, JOHN,40,Home,,135979.11,Mumbai,john22@ins.com,Approved,,11-11-2021,366845.17,6318.81,BEN664,Renewed,,,104773.54,31.56
POL102761,H1972,arun,19,lifee,50001.31,,Chennai,arun99@gmail.com,Not Filed,30-10-2024,27-10-2021,-8937.86,2315.48,,Renewed,,,92225.99,
POL101831,H1565,  raj,,Life,,664613.55,Delhi,raj87@ins.com,Pending,06/17/2020,23-10-2017,,19178.51,BEN809,Lapsed,Valid,27-01-2018,,59.29
POL102820,H1275,arun,59,Health,,43052.47,Bengaluru,arun18@gmail.com,Not Filed,05-01-2017,09-05-2018,,1658.78,,Renewed,,10-10-2024,,82.7
POL101113,H1111,kumar,,Life,9892.18,344711.1,Mumbai,,,14-02-2019,22-02-2024,-2788.91,-152.83,,,Invalid,17-05-2018,,
POL102664,H1805,  raj,,Life,175148.58,633363.47,Mumbai,raj89@yahoo.com,Not Filed,02-12-2017,02/19/2023,3085942.59,6969.46,BEN342,Renewed,,30-08-2018,,
POL104706,H1588,arun,49,lifee,,143656.98,Bengaluru,arun77@gmail.com,Not Filed,,,,1438.22,,Renewed,,06/15/2016,281136.59,83.14
POL100150,H1307, JOHN,7,Motor,7307.46,48150.94,Delhi,john72@gmail.com,Rejected,13-08-2020,"Mar 28, 2024",-1326.31,2377.08,,,Invalid,06-03-2016,142043.62,77.47
POL101343,H1285,,81,,20554.24,390977.71,Mumbai,user40@yahoo.com,Pending,28-07-2016,,-9653.14,3246.12,,Active,,,182137.68,
POL104772,H1572,Priya ,52,,,469863.35,Bengaluru,priya3@yahoo.com,Rejected,20-06-2024,01/28/2022,1646352.66,9062.49,BEN624,,,15-06-2020,,39.45
POL101131,H1931,kumar,24,,,356301.16,  chennai ,kumar@gmail,Pending,23-02-2023,09-05-2023,-9813.3,15916.26,,,,20-12-2019,113462.92,
POL102741,H1934, JOHN,120,lifee,,332554.28,,john83@ins.com,Pending,03-07-2023,21-04-2025,-8713.01,10239.13,,Lapsed,,"Nov 25, 2021",,32.27
POL103027,H1633,arun,20,Life,,260923.63,Hyderabad,arun88@yahoo.com,,05-04-2020,04-01-2016,,16148.96,,Active,Valid,"May 06, 2016",,
POL100298,H1756,  raj,23,,67614.96,722557.89,  chennai ,raj7@gmail.com,Not Filed,"Jan 08, 2017",02-08-2024,-8867.66,3494.83,BEN652,Lapsed,,"Jan 02, 2022",,0.22
POL103514,H1021,Meena,71,Health,,305722.04,Hyderabad,meena33@yahoo.com,,30-08-2016,01-09-2023,-8022.6,18649.44,BEN194,Active,,26-05-2017,,
POL103625,H1868,,,Travel,,,  chennai ,user97@gmail.com,Pending,10-12-2016,04-06-2023,-8825.41,3559.37,,Expired,Invalid,"Jul 31, 2025",,
POL103438,H1658,  raj,,Life,,133941.26,Hyderabad,raj49@yahoo.com,Pending,10-07-2023,,-3994.35,11030.18,BEN406,,,"Apr 27, 2024",215852.48,67.31
POL102663,H1136,  raj,100,Home,,260959.58,,,,,13-04-2022,3117885.67,14248.05,,Renewed,Invalid,01/21/2017,,
POL100491,H1948,arun,,Motor,79915.69,,Bengaluru,arun51@yahoo.com,Pending,"Nov 22, 2016","Nov 27, 2020",-7135.32,15699.65,BEN444,,,,,
POL104424,H1219,kumar,,Life,90622.09,,,kumar2@ins.com,Not Filed,04-12-2018,07-03-2018,3710675.32,11779.26,,Expired,,13-07-2017,321292.04,58.05
POL104805,H1043,Meena,54,Travel,,322563.2,Delhi,meena13@gmail.com,Approved,07/23/2022,,2391563.04,10880.96,BEN295,Lapsed,Valid,31-03-2022,,
POL100168,H1729,arun,49,Home,,9789.64,,arun65@gmail.com,Approved,05-08-2024,"Oct 27, 2022",,18771.01,BEN386,Expired,,"Apr 14, 2023",,
POL102286,H1199,Meena,50,Motor,15464.53,,Chennai,meena10@yahoo.com,Approved,,"Aug 11, 2016",,9958.38,,,,02/22/2018,76378.74,94.13
POL104047,H1314,,38,lifee,61100.21,40474.97,,,Rejected,"Jul 23, 2019","Apr 29, 2025",375937.24,13292.52,,Active,Valid,"Nov 20, 2018",,
POL104586,H1831,kumar,,Motor,40347.43,,Hyderabad,kumar87@ins.com,,26-03-2016,08-02-2020,-138.58,15858.28,,Lapsed,Invalid,04-01-2021,,53.22
POL100221,H1605,kumar,,Life,770.13,,  chennai ,kumar13@gmail.com,Rejected,06/27/2025,"Mar 07, 2021",,3161.69,,Active,Valid,11-09-2022,,1.97
POL100164,H1232,  raj,-3,Home,32272,,Mumbai,,,"Jul 28, 2017","Dec 05, 2024",,2885.88,,Expired,Invalid,02/22/2019,,54.82
POL104999,H1843,kumar,,Motor,130876.57,170078.39,Chennai,kumar21@ins.com,Not Filed,"Oct 20, 2024",,-2492.65,14555.18,,Renewed,,,199205.53,
POL103033,H1357,,78,Health,82905.38,82803.26,Delhi,user54@ins.com,Rejected,"Dec 16, 2018",,,9659.12,BEN420,,Invalid,19-01-2016,,
POL101610,H1474,,114,lifee,39484.95,70879.6,,user63@yahoo.com,Not Filed,10-01-2016,"Aug 19, 2023",,-309.8,BEN931,Renewed,,18-02-2025,386081.33,59.7
POL102296,H1781,,55,Life,229.34,,Mumbai,,Pending,27-05-2016,10/29/2018,840625.46,17815.61,,Expired,,,,
POL102565,H1003,,,Health,,242294.86,Delhi,user82@yahoo.com,Not Filed,25-04-2025,04/15/2022,255567.48,442.89,,,Valid,26-05-2024,,34.67
POL100244,H1141,arun,,Life,45289.79,225840.43,Delhi,arun81@yahoo.com,Pending,22-08-2016,,2137524.94,7095.01,,,,20-01-2018,,
POL100706,H1256,Priya ,75,healthh,,687031.77,Mumbai,priya52@gmail.com,Not Filed,23-07-2017,07/22/2018,-7821.12,7487.22,,,Valid,"Nov 07, 2024",,79.73
POL102911,H1569, JOHN,116,Travel,14533.49,,Chennai,john3@yahoo.com,Not Filed,11-04-2016,01-02-2024,-4224.16,14234.92,,,Valid,,2160.39,
POL100356,H1490,  raj,26,Home,20983.17,,Bengaluru,raj71@gmail.com,,02-12-2016,,-6811.41,9075.8,,Renewed,,10/22/2023,,
POL102072,H1666,  raj,10,Life,,392169.56,Bengaluru,raj5@yahoo.com,,08-02-2019,,,9168.43,,,Valid,19-02-2018,,
POL101920,H1201,,72,Home,,,Mumbai,user92@yahoo.com,Pending,17-04-2018,,1028640.19,14490.23,BEN865,,,25-09-2019,,28.39
POL103454,H1173,arun,,Health,32740.25,,Mumbai,arun53@ins.com,,10/19/2023,04-02-2020,-5502.11,14697.52,BEN169,Renewed,,01-01-2019,340256.04,
POL101441,H1030,,67,lifee,41633.9,,,user61@ins.com,,,"Mar 28, 2025",,16999.82,,Lapsed,,08-11-2024,,
POL100511,H1226,  raj,,Health,1663.93,495657.79,Hyderabad,raj12@gmail.com,Pending,,22-07-2024,-7496.83,9811.6,BEN744,Active,,09-09-2023,,92.62
POL103753,H1932,  raj,1,Life,57093.51,233287.66,Mumbai,raj40@gmail.com,Pending,11-08-2019,12-02-2021,-5925.76,12675.79,BEN133,Renewed,Valid,"Oct 28, 2024",,51.22
POL104069,H1910,Priya ,,Health,,225968.56,,priya4@ins.com,,10-07-2023,,4784698.97,4138.98,,,Invalid,,,
POL104742,H1772,Meena,,Motor,,80028.41,Hyderabad,meena49@yahoo.com,Not Filed,08-06-2017,09-10-2018,-3258.59,5188.82,,,,"Apr 03, 2017",,34.23
POL103592,H1713, JOHN,43,Motor,162064.23,,Chennai,john78@yahoo.com,,05-03-2019,,-6516.8,16897.7,BEN348,,Invalid,24-02-2017,91152.64,59.14
POL103300,H1825,kumar,83,lifee,64641.4,,Delhi,kumar19@gmail.com,Not Filed,,,1041943.25,12045.56,BEN304,Expired,,18-07-2023,,
POL103204,H1469,Priya ,32,Motor,16368.32,259732.79,Chennai,priya53@yahoo.com,,10-10-2018,"Jun 05, 2021",4754206.26,-1900.62,BEN541,Expired,,"Dec 10, 2023",296102.53,
POL101251,H1212,  raj,57,Life,81089.16,285481.59,Chennai,raj33@yahoo.com,,04-07-2017,27-01-2017,-9049.83,18916.49,,Renewed,Invalid,"Nov 22, 2020",,52.42
POL100010,H1637, JOHN,69,,,95475.88,Hyderabad,john90@yahoo.com,,"Jun 13, 2023",09-06-2025,4667248.67,11127.44,,Expired,,"Nov 07, 2023",9982.26,64.82
POL103066,H1028,,,Travel,120584.03,21975.99,Mumbai,user10@gmail.com,,"Oct 20, 2019",,4487633.36,-193.84,,Expired,Valid,15-04-2025,97824.75,
POL104328,H1040,arun,,Travel,1344.77,,Bengaluru,arun86@gmail.com,,,11-01-2024,,16162.83,,Expired,Valid,09-01-2024,,
POL100535,H1464,Priya ,,lifee,141558.38,732234.6,Hyderabad,priya27@ins.com,,05-01-2018,31-07-2023,,2815.16,BEN532,,,21-09-2024,187091.08,
POL100650,H1001, JOHN,71,Motor,56673.25,225550.93,,john97@gmail.com,Pending,02-07-2018,29-03-2017,,17404.31,,Renewed,Invalid,06-02-2016,325822.94,
POL101756,H1724,Meena,14,Home,,,Chennai,meena@gmail,Not Filed,23-03-2016,"Apr 04, 2021",2146217.06,3341.24,BEN548,Active,,,230384.95,51.36
POL103203,H1647, JOHN,20,healthh,,8825.49,,john71@yahoo.com,Not Filed,,"Jul 18, 2016",-3567.92,16539.67,,Lapsed,Valid,,,59.33
POL100532,H1196,,69,Motor,44323.16,,  chennai ,,Pending,"Dec 11, 2023",19-10-2019,-3322.84,7553.46,,Active,Valid,27-07-2019,333484.11,
POL101392,H1920,kumar,124,Motor,5171.5,184742.67,,kumar3@gmail.com,,13-05-2024,"Jul 25, 2019",3004074.77,218.99,,Renewed,,08-03-2016,,
POL103446,H1561,,,Travel,167561.99,,  chennai ,user93@ins.com,,,26-11-2022,4141030.39,11604.17,,,Valid,13-04-2020,57737.84,
POL101421,H1578,arun,,Life,-672.72,765557.72,  chennai ,arun38@gmail.com,Approved,"Nov 25, 2017","Jun 05, 2019",,8491.96,,Expired,,08-09-2024,388139.71,88.86
POL103645,H1786,  raj,,,8527.11,,Mumbai,raj44@ins.com,,19-12-2024,22-01-2025,1933051.14,6928.1,BEN785,Lapsed,Valid,11-06-2019,316838.06,8.6
POL101130,H1556, JOHN,-2,Home,75879.88,,Chennai,john97@gmail.com,Pending,21-07-2021,,2148363.73,8429.91,,Expired,Invalid,,300517.74,63.98
POL100030,H1047, JOHN,,lifee,83290.79,,Mumbai,,Not Filed,,10-06-2016,,8145.3,,Lapsed,Valid,"Jul 20, 2016",,7.39
POL100389,H1723,Priya ,19,lifee,151424.08,409895.54,  chennai ,priya10@gmail.com,Not Filed,,03-02-2023,,6120.92,,Active,,29-11-2018,,
POL101013,H1355,,89,lifee,17761.68,98897.56,Bengaluru,user8@gmail.com,Rejected,16-08-2017,01/13/2018,2677165.67,2803.13,,Expired,Invalid,11-01-2025,220300.34,
POL104908,H1423, JOHN,59,Motor,,148302.47,  chennai ,john29@yahoo.com,Pending,29-02-2016,04-02-2019,-9302.84,2435.8,,Renewed,Valid,,,
POL104239,H1578,,58,Home,91398.36,45438.42,Chennai,user18@gmail.com,Pending,22-01-2017,07-04-2022,-8196.63,943.99,,Expired,Valid,10-12-2020,110455.29,31.8
POL104322,H1725,Meena,,healthh,154717.93,,Hyderabad,meena86@ins.com,Approved,01-09-2023,06-01-2021,,17878.92,,,,01-08-2023,135843.02,
POL102980,H1832,Priya ,87,Home,28687.75,222239.44,Delhi,priya75@ins.com,,,,2135794.17,5214.09,,,Invalid,,,16.27
POL104265,H1641,kumar,82,Home,127755.52,,,kumar76@gmail.com,Not Filed,"May 23, 2020",26-09-2024,-8646.84,6353.15,,Renewed,Invalid,"Mar 07, 2016",,10.69
POL102502,H1786, JOHN,,Travel,194255.24,23020.69,Bengaluru,john90@yahoo.com,Not Filed,"Feb 23, 2020",,,-1526.88,BEN762,,,07-03-2020,,83.77
POL101501,H1786,Meena,125,Travel,,362132.02,  chennai ,meena21@yahoo.com,,29-01-2019,17-07-2018,,7994.67,,Active,,,,20.51
POL101290,H1262,Priya ,55,healthh,67713.57,384669.62,,priya99@gmail.com,,"Oct 28, 2018",03/26/2025,,4590.24,,Renewed,Valid,12-08-2016,403.79,
POL103720,H1595,,,Life,96020.16,,Mumbai,user54@gmail.com,,07/17/2020,,-3548.92,4135.14,,Lapsed,,14-08-2024,,
POL101601,H1464,Priya ,33,Health,105154.27,740773.02,Mumbai,priya66@gmail.com,Approved,"Sep 02, 2023","Feb 20, 2021",-1298.85,17228.16,,,Valid,,151636.98,58.53
POL104220,H1903,,73,Travel,93932.86,,Bengaluru,user@gmail,Not Filed,11/28/2024,,,9220.07,,,Valid,01-03-2024,,47.02
POL104332,H1024,  raj,23,Home,,,Hyderabad,raj90@gmail.com,Approved,09-05-2017,06-07-2024,-2435.47,7660.84,,Renewed,,"Jul 28, 2025",32464.6,58.49
POL102444,H1376,kumar,67,Health,,,Hyderabad,kumar75@ins.com,,28-05-2022,,,6074.67,,Expired,,"Jan 25, 2018",,77.26
POL102438,H1071,arun,,Travel,80971.13,556813.53,Chennai,arun11@ins.com,Approved,06-11-2020,03/15/2024,2341072.31,2533.14,,Active,Invalid,26-04-2019,,
POL102488,H1085,  raj,,Life,8673.48,,  chennai ,raj2@yahoo.com,Not Filed,,"Jan 29, 2016",-1549.63,19130.71,BEN361,,,"Apr 10, 2024",,30.12
POL103644,H1493,kumar,,Life,74980.67,403996.67,Chennai,kumar18@ins.com,Rejected,22-07-2021,,2152617.89,3986.31,BEN994,Lapsed,,,323027.69,39.64
POL102021,H1610,Priya ,66,Home,93083.03,,  chennai ,priya93@yahoo.com,Approved,27-04-2021,05/19/2025,3864548.78,9466.52,,Expired,Valid,17-05-2021,,
POL104127,H1155,arun,,,44445.94,,Hyderabad,,,"May 13, 2024",30-09-2020,-4637.43,12067.39,,Expired,,20-05-2025,281061.89,
POL104817,H1051,,50,Motor,37411.62,422006.38,Bengaluru,user65@ins.com,Not Filed,02-10-2020,04-11-2016,,17670.47,BEN413,Active,Valid,18-08-2016,,
POL101084,H1462,  raj,105,Home,46994.27,338768.16,  chennai ,raj@gmail,Pending,25-11-2022,"Jun 08, 2024",-2162.1,8439.81,,,Invalid,29-11-2019,283484.89,
POL102799,H1767,  raj,,Life,176072.07,212604.86,  chennai ,raj62@yahoo.com,Approved,05-06-2016,"Jan 04, 2018",4754910.7,11814.12,BEN223,Expired,,19-12-2021,349589.49,91.31
POL101732,H1687,  raj,98,Home,138658.57,161429.85,,raj96@ins.com,Approved,15-11-2021,05-09-2025,-5047.3,-1005.86,,Active,Invalid,"Dec 31, 2020",132214.38,4.15
POL101516,H1924,arun,85,Health,38343.74,681793.93,Delhi,arun54@ins.com,Pending,"Jul 09, 2021",06-09-2024,1265909.89,-375.6,,Expired,,22-04-2023,324612.23,15.07
POL104323,H1917,kumar,77,Motor,21274.08,201773.72,,kumar48@yahoo.com,Rejected,,"Nov 19, 2017",4443541.99,-1875.71,,Expired,,,352073.2,78.78
POL103807,H1133,arun,78,Life,69947.23,,Delhi,arun45@ins.com,,"May 08, 2020",11-08-2019,2303137.98,4779.35,,Lapsed,,20-09-2021,,45.64
POL103638,H1075,kumar,98,Health,66802.97,,,kumar11@yahoo.com,Not Filed,"Oct 26, 2019","Apr 08, 2016",-229.3,6846.76,BEN222,,,25-09-2021,,30.43
POL102893,H1252,arun,90,,18925.57,85603.16,Hyderabad,arun86@ins.com,,03-10-2016,05-10-2021,489509.4,13313.65,,Lapsed,,"Nov 06, 2019",,94.79
POL101474,H1148,kumar,,Health,128589.03,364114.99,,kumar29@ins.com,Rejected,"May 06, 2020",,,10131.04,,Renewed,,"Jun 08, 2016",,88.42
POL100515,H1235,  raj,,Motor,,,Hyderabad,raj10@ins.com,,,04-08-2019,1728604.19,3745.08,BEN662,Expired,Valid,"Sep 26, 2024",,
POL102465,H1215,Priya ,,Life,,635540.89,  chennai ,priya50@gmail.com,Pending,,11/17/2020,,11493.73,,Renewed,Invalid,13-04-2020,,
POL102426,H1483, JOHN,111,Motor,,322556.79,  chennai ,john45@ins.com,,"Aug 30, 2024",11/15/2017,,1713.18,BEN835,Expired,,27-10-2021,95951.7,68.16
POL104028,H1293,,,,77731.21,25641.4,Hyderabad,user21@yahoo.com,,,28-06-2018,,6783.3,,Active,,07-01-2017,,
POL101328,H1114, JOHN,,lifee,64267.95,427289.1,Hyderabad,john8@gmail.com,,,24-01-2025,3695405.71,2767.07,,,Invalid,"May 06, 2021",336908.28,97.81
POL100615,H1382,  raj,,healthh,182808.21,397000.49,Hyderabad,raj35@yahoo.com,,06/29/2022,25-05-2016,1834438.42,10414.99,,Renewed,,,310768.3,
POL102886,H1899,kumar,77,lifee,73345.74,699964.02,Mumbai,,Pending,16-12-2019,,-6358.95,-904.02,,,Invalid,06/23/2019,35060.21,
POL102889,H1101,,67,Travel,27141.18,,Hyderabad,user32@gmail.com,Rejected,,06/23/2025,1613227.21,1783.59,,Expired,,"Aug 07, 2020",,99.51
POL100862,H1263,  raj,,Life,88634.16,,  chennai ,raj78@gmail.com,Approved,12-01-2016,02-03-2019,,14824.45,,Active,,10/30/2016,144722.83,42.03
POL101010,H1715,arun,41,,105615.19,330038.12,Delhi,arun66@gmail.com,Not Filed,13-06-2022,11/26/2020,2193391.6,-242.09,BEN129,,Invalid,07-01-2016,,91.49
POL100044,H1347,arun,,healthh,,450645.09,Bengaluru,arun5@ins.com,Pending,"Jan 05, 2017","May 01, 2017",,8432.1,,Renewed,,12/26/2024,,83.73
POL100321,H1327,Meena,3,lifee,,434010.3,Bengaluru,meena11@ins.com,Approved,09/14/2022,"Sep 15, 2017",454460.1,17168.36,BEN637,,,15-09-2023,,89.5
POL104179,H1935,  raj,7,Health,82857.11,376628.65,Mumbai,raj51@ins.com,Rejected,27-09-2018,24-08-2016,4192022.4,-1189.69,BEN411,Renewed,Invalid,19-04-2019,,
POL100194,H1716, JOHN,18,,40689.32,392690.85,Mumbai,,,"Feb 07, 2024",15-03-2022,2857857.23,5335.67,,Active,Valid,11/26/2022,213850.52,8.05
POL102828,H1384,arun,57,Health,125506,,Chennai,arun8@yahoo.com,Not Filed,03/17/2020,02-01-2017,,-477.04,,Active,,"Sep 11, 2017",,
POL100050,H1018,Priya ,,Home,74417.52,,  chennai ,priya18@ins.com,Pending,03-10-2016,22-06-2021,-6519.43,9490.64,BEN718,Renewed,Valid,,44836.47,
POL100210,H1353, JOHN,75,Health,88836.59,794040.72,Mumbai,john55@yahoo.com,Not Filed,11-10-2016,,3009781.75,8441.49,,Lapsed,Valid,,,0.66
POL104752,H1890,Priya ,44,healthh,137763.52,185992.02,Mumbai,priya30@gmail.com,,18-08-2024,"Sep 28, 2023",-6915.2,3164.57,BEN274,,,10-04-2024,175445.75,
POL103440,H1774,arun,110,Home,136509.2,,Delhi,,,,,4699694.46,3162.63,,Lapsed,,08-01-2016,,16.44
POL104948,H1813,  raj,28,Motor,,,  chennai ,raj46@gmail.com,Pending,03/25/2021,04-10-2016,-2302.78,11454.79,,Active,,"Jul 04, 2017",173327.17,
POL101615,H1844,kumar,54,Travel,85162.27,153769.39,  chennai ,kumar6@ins.com,,06/17/2020,,,4480.94,BEN313,Active,,28-07-2023,162235.05,66.15
POL100234,H1095,Priya ,67,Home,,485813.68,  chennai ,priya10@ins.com,Not Filed,24-12-2020,12/18/2017,-3186.88,683.8,,Active,,14-08-2023,11549.8,83.07
POL100546,H1324,arun,-1,Health,,23329.71,Bengaluru,arun16@yahoo.com,,,"May 03, 2024",,14670.83,,Lapsed,Invalid,02-11-2019,337880.88,
POL103175,H1998,,62,Health,147789.49,203418.39,Mumbai,user92@yahoo.com,,"Dec 03, 2016",10-12-2021,-2640.86,3604.94,,Active,Valid,09/24/2020,306797.33,
POL102499,H1495,  raj,,Life,25524.33,579977.33,Hyderabad,raj78@yahoo.com,,,"Jul 28, 2025",,6323.54,,Renewed,,18-12-2020,277194.94,67.91
POL103426,H1570,kumar,62,lifee,64336.42,,Chennai,kumar43@yahoo.com,,27-06-2023,,,11158.2,BEN484,Lapsed,Invalid,08/31/2022,295892.93,39.9
POL103937,H1078,arun,80,healthh,,557916.62,,arun54@gmail.com,Rejected,23-07-2019,27-05-2022,1104574.09,16770.42,BEN836,Active,Invalid,12-12-2018,,13.24
POL104185,H1682,,105,Health,,781314.19,Mumbai,user61@gmail.com,Approved,,21-02-2024,-5778.83,11946.1,,,,11-03-2021,128210.43,31.48
POL102470,H1104,kumar,58,Life,,,Delhi,kumar19@gmail.com,Pending,09-02-2020,11-06-2020,-5837.32,1489.59,,,Invalid,02/25/2017,373994.48,35.7
POL100126,H1110,,23,Health,45325.21,469399.51,Chennai,user@gmail,Not Filed,,"Jun 28, 2023",,13219.99,,Expired,Valid,"Apr 04, 2017",263008.72,50.41
POL104624,H1011, JOHN,,Travel,,259668.56,  chennai ,john86@ins.com,Not Filed,15-01-2024,"Dec 20, 2018",,17082.35,,,,23-06-2020,249623.94,66.15
POL103793,H1925,kumar,77,healthh,,317969.29,Mumbai,kumar25@gmail.com,,06/28/2025,12/24/2018,,8393.02,,Renewed,Invalid,16-10-2016,,20.9
POL101511,H1604,kumar,43,,36715.21,,Mumbai,kumar86@ins.com,Pending,10-06-2018,01/18/2020,428956.97,16637.21,,Active,Valid,,,71.38
POL104930,H1505,,34,Health,,,Hyderabad,user99@ins.com,,"Mar 22, 2021","Mar 25, 2021",2234240.29,11106.92,,Renewed,,"Nov 26, 2022",273360.52,96.29
POL103602,H1526,arun,,,,363899.98,,arun76@yahoo.com,Not Filed,03-05-2016,,-3655.68,-1707.75,,,,04-04-2018,,18.11
POL102360,H1630,  raj,93,,92930.26,,  chennai ,raj59@ins.com,Not Filed,07-07-2021,10-12-2017,2665042.74,-910.72,,Renewed,,09-09-2022,,
POL104825,H1386,arun,,Life,74950.69,,Chennai,arun28@ins.com,Rejected,"May 04, 2024",08-06-2022,257278.55,12816.68,BEN333,Renewed,,,312207.53,
POL103649,H1963,Meena,28,Motor,30184.03,,,meena13@ins.com,Approved,10-09-2016,,-1388.31,11210.58,,,,"Aug 29, 2021",,
POL102807,H1163,kumar,16,Travel,93783.28,341407.78,Chennai,kumar98@yahoo.com,Not Filed,07/13/2022,"Feb 12, 2020",2318651.55,16588.64,,Lapsed,Valid,12-09-2020,,
POL100867,H1127,Meena,44,Health,86501.76,519862.92,Delhi,meena94@yahoo.com,,10-10-2022,,-7151.41,7873.51,BEN714,Lapsed,Invalid,21-01-2016,,11.04
POL100760,H1242,Meena,46,lifee,,,Delhi,meena@gmail,Not Filed,,23-10-2024,-2016.24,4135.81,BEN241,Lapsed,,19-01-2018,,
POL100788,H1497,  raj,,Health,,484373.11,Delhi,,Pending,06/23/2022,03-05-2020,,16298.36,,Lapsed,,,,
POL102659,H1621,arun,77,lifee,51687.33,489736.45,  chennai ,arun30@gmail.com,Pending,,13-11-2018,-5622.81,7298.82,BEN228,Expired,,03-06-2023,,
POL100466,H1880,  raj,61,Motor,,658871.83,Chennai,raj67@ins.com,,20-02-2016,06/27/2024,,14273.65,,Lapsed,,21-03-2025,130194.92,54.85
POL100840,H1729,,46,Life,,,Chennai,user94@ins.com,Rejected,,04-01-2025,,5390.29,BEN385,Lapsed,Invalid,,,4.94
POL101754,H1952,arun,71,Travel,,,,arun28@ins.com,Not Filed,"Oct 27, 2016","Dec 27, 2018",-9958.45,18455.66,,,,,293487.13,
POL100455,H1255,kumar,,Health,73749.39,245470.24,,kumar25@gmail.com,,29-12-2023,02-10-2023,,2913.33,,Lapsed,,,58448.08,95.67
POL100989,H1202,  raj,,Life,19314.5,170033.78,Delhi,raj@gmail,Pending,12-09-2023,31-08-2017,-379.95,15625.58,BEN422,Expired,,13-02-2025,125424.79,80.89
POL101992,H1783,Meena,,healthh,95712.39,81515.18,,,Pending,,11-09-2020,-9040.64,10473.43,,,Invalid,07-01-2025,,69.06
POL102338,H1907,,,,,260474.42,Delhi,user12@gmail.com,,07/19/2016,"Jun 05, 2017",978764.96,19015.91,BEN206,,,02-03-2021,173326.59,82.11
POL101209,H1950,,101,Motor,17678.88,39974.18,,user48@ins.com,Not Filed,,"Sep 04, 2017",-3821.14,14553.95,,Lapsed,Invalid,23-02-2024,,28.59
POL101459,H1725,Priya ,78,lifee,9019.46,214248.81,Bengaluru,priya68@gmail.com,,10-06-2016,,,7107.97,,,Invalid,"May 22, 2025",,19.01
POL102667,H1171,kumar,62,Home,,435011.43,Bengaluru,kumar99@yahoo.com,,,,402361.72,13778.64,,Lapsed,,22-03-2021,,75.15
POL101729,H1576,  raj,43,lifee,,,Delhi,raj59@yahoo.com,,"Aug 19, 2024","Jan 31, 2020",3212262.11,-1854.87,BEN286,Lapsed,,02/28/2017,,1.45
POL100710,H1848,arun,72,Life,,,Bengaluru,arun6@gmail.com,,05-03-2022,26-05-2020,,7091.91,BEN569,Lapsed,,"Dec 19, 2018",,86.3
POL100270,H1986,kumar,67,Home,,291765.07,  chennai ,kumar15@ins.com,,"Oct 06, 2021","Nov 15, 2017",,858.51,,Renewed,,12-06-2023,241483.78,58.75
POL103850,H1063,,,Health,-2684.25,134427.73,Hyderabad,user73@yahoo.com,Pending,,,-4660.19,15487.95,,,,01/14/2021,,11.05
POL101921,H1295, JOHN,29,lifee,50759.83,198997.38,Hyderabad,john75@ins.com,Pending,15-07-2022,22-07-2016,-5095.69,10747.29,,,Invalid,09-06-2016,,
POL103056,H1945,arun,,lifee,,599104.58,,arun12@gmail.com,Not Filed,,11-02-2016,,12261.6,,,,"Aug 14, 2020",,29.12
POL101088,H1200,,,lifee,89800.23,,  chennai ,user17@gmail.com,Pending,,27-02-2024,3090978.65,10189.78,,Expired,,03/30/2023,,42.8
POL104778,H1431,Priya ,0,,116881.26,432091.49,Bengaluru,priya5@ins.com,Approved,,12/27/2023,-5130.48,13658.32,BEN972,,Valid,08/30/2020,,
POL100197,H1174,,11,,,213105.73,,user88@yahoo.com,,23-10-2020,12/22/2016,,11047.88,BEN443,Active,,01-09-2021,,
POL101243,H1366,Meena,48,Life,37888.91,241087.25,  chennai ,meena77@gmail.com,,26-02-2022,"Aug 10, 2020",1651964.48,-588.82,,,,"May 03, 2016",379210.17,9.47
POL102119,H1270,kumar,,Motor,19919.66,,Delhi,kumar34@yahoo.com,Approved,"Mar 06, 2018",15-06-2018,4046413,7155.76,,Renewed,,05/15/2021,,24.36
POL102123,H1428,kumar,,Life,185955.79,378881.68,Mumbai,kumar53@ins.com,Rejected,"Jul 11, 2018","May 16, 2016",-3071.16,19776.16,,Active,,01-01-2017,,
POL101167,H1025,kumar,64,Home,156371.79,20266.39,,kumar85@gmail.com,Rejected,05/22/2024,02-07-2022,-5623.17,14020.59,,Expired,,"Aug 20, 2017",,90.65
POL100481,H1720,arun,,Travel,39675.31,,Bengaluru,arun4@yahoo.com,,17-04-2019,20-04-2019,2288616.74,10576.44,,Active,,"Oct 25, 2017",289671.4,8.95
POL103392,H1249, JOHN,34,Life,195422.83,,Mumbai,john75@gmail.com,Approved,"Jan 16, 2025",13-04-2020,2672950.42,5442.88,BEN646,Active,Invalid,,36886,
POL104915,H1491,,23,lifee,,351641.09,,user53@gmail.com,,30-09-2022,06/18/2023,-2519.96,14655.54,BEN774,,,"Feb 25, 2019",103033.45,
POL100593,H1890, JOHN,18,Life,5453.21,316435.24,Bengaluru,john22@ins.com,Pending,07/20/2019,"Mar 28, 2019",-4969.01,11442.58,,Active,Valid,28-10-2024,,16.09
POL100768,H1051,,,Health,,332049.2,,user36@gmail.com,Not Filed,,"May 15, 2019",1646244.81,17546.28,BEN460,Expired,,"Dec 18, 2016",,0.68
POL101604,H1305, JOHN,48,Travel,,,Chennai,john78@yahoo.com,,01-11-2024,"Feb 08, 2025",1189655.19,3746.22,BEN743,,,01/27/2022,,
POL101493,H1796,Meena,,Motor,98812.87,,Bengaluru,meena66@ins.com,Rejected,"Apr 13, 2023","Feb 06, 2024",,-1412.33,,Active,,29-03-2018,,
POL102993,H1463,arun,,Health,,105137.88,Chennai,arun46@gmail.com,Rejected,17-08-2018,04/22/2017,-2208.13,5963.3,,,,05-09-2024,,40.07
POL103584,H1145,Priya ,,healthh,21106.14,763187.75,Delhi,priya69@ins.com,Pending,20-08-2022,,,6180.77,,,,"Jul 22, 2025",,
POL101341,H1358,kumar,34,Home,86617.08,,,kumar23@gmail.com,Approved,"Nov 02, 2022",16-01-2021,497407.53,-1224.86,,,,09-02-2021,,
POL102930,H1694,Meena,24,Travel,,,Bengaluru,meena2@ins.com,,07-04-2024,"Jul 05, 2019",-8307.87,193.74,,Renewed,Invalid,,,
POL104451,H1972,  raj,77,healthh,152456.08,178829.64,Hyderabad,,Not Filed,21-01-2023,20-04-2021,1466337.68,1094.16,,,Invalid,"Jan 07, 2018",,92.63
POL104402,H1253,Meena,12,Home,106203.88,,Delhi,meena4@gmail.com,,"Apr 08, 2023",25-11-2023,,17682.42,,,Invalid,11/15/2020,192463.33,24.51
POL104474,H1685,,,healthh,57194.37,358115.1,,user38@gmail.com,,"Jul 07, 2023",05/17/2023,,14656.47,,,Invalid,,,
POL101412,H1456,Meena,,Home,,282242.67,Delhi,meena98@yahoo.com,Not Filed,14-02-2019,03-04-2021,,19248.8,BEN833,Renewed,,23-09-2016,337518.57,
POL104929,H1274, JOHN,44,lifee,56677.51,135639.3,Delhi,john81@ins.com,,,"Sep 09, 2016",1420750.51,10674.2,,Active,,11-05-2016,387959.53,
POL100885,H1401,kumar,23,,161812.05,429345.08,Delhi,kumar37@yahoo.com,,08-09-2018,05-02-2016,2957794.15,14497.9,,Active,Invalid,"Jan 12, 2019",155717.36,55.76
POL104892,H1640,  raj,2,Life,78586.29,185011.49,Chennai,,,"Mar 23, 2018",11/21/2020,2225534.61,-1961.37,,Active,Valid,"Nov 26, 2016",,35.65
POL100990,H1159, JOHN,8,Motor,,230075.45,Chennai,john41@gmail.com,Rejected,"Nov 30, 2020",26-06-2020,,7043.61,,Active,Invalid,"Apr 24, 2020",389750.01,93.7
POL102539,H1163,,126,healthh,114583.08,,Chennai,,Pending,15-02-2020,04-06-2019,1925686.48,10171.35,,,,03/24/2023,208445.08,
POL103178,H1245,arun,33,Home,101295.1,112358.42,Delhi,arun50@ins.com,Approved,23-01-2024,07-10-2016,,17617.92,BEN673,,,11-07-2024,,56.4
POL104953,H1701,Priya ,111,Travel,179056.46,,,priya60@ins.com,Rejected,27-08-2024,07-11-2022,,19633.4,,Active,Invalid,22-07-2023,,
POL101403,H1252,  raj,,Home,,,Hyderabad,raj59@yahoo.com,Not Filed,"Dec 05, 2022",06/27/2018,4396866.69,18748.02,,,,02-08-2019,365404.41,
POL100562,H1693,,,healthh,167918.59,381055.06,Bengaluru,user72@ins.com,Approved,,27-01-2018,-9733.55,15435.66,BEN667,Active,,"Feb 09, 2017",,48.9
POL100266,H1957,,50,Health,22537.71,,Bengaluru,user58@gmail.com,Not Filed,"Jul 23, 2022",07-08-2016,4032297.1,-1456.2,BEN552,Lapsed,Valid,05/19/2017,360590.34,
POL100177,H1238,  raj,69,Health,,103665.42,Bengaluru,raj72@yahoo.com,Pending,18-10-2017,29-04-2016,,4771,,Lapsed,Valid,10-04-2018,274334.32,
POL104649,H1097,  raj,,,90488.41,23723.07,Bengaluru,raj49@yahoo.com,Rejected,12-04-2025,,3829522.19,5163.54,BEN148,,,18-03-2017,,94.1
POL102666,H1387,Priya ,55,lifee,,257257.04,Delhi,priya87@yahoo.com,Rejected,,,321819.95,13493.46,BEN880,,,05-05-2021,,0.68
POL101369,H1518,kumar,,healthh,183461.32,,Hyderabad,kumar49@gmail.com,Pending,12-08-2024,19-02-2023,,12645.85,BEN151,Active,,24-10-2024,,
POL104865,H1361,  raj,,Motor,102977.2,73930.6,,raj49@gmail.com,Approved,,14-02-2024,,5686.72,BEN819,Renewed,,"Jun 29, 2025",323899.93,
POL101690,H1402,Priya ,,Home,96201.1,,Bengaluru,priya70@ins.com,Approved,01-03-2017,30-04-2018,,14104.89,,,,12-02-2016,,
POL101389,H1689,,6,Life,,111009.25,Hyderabad,user85@yahoo.com,Not Filed,13-08-2022,07-03-2018,-3894.18,12497.18,BEN607,Lapsed,Valid,17-03-2016,,77.48
POL101847,H1453,kumar,126,Home,99102.57,616697.29,  chennai ,kumar38@yahoo.com,Not Filed,,09-06-2023,3183266.11,8987.57,,Active,,"Apr 04, 2021",325921.42,
POL100076,H1388,kumar,25,Life,139083.26,,Hyderabad,kumar89@yahoo.com,Not Filed,10/25/2017,21-06-2021,4624588.37,17784.86,,Active,Invalid,06-07-2025,,58.7
POL102381,H1729,arun,57,lifee,41161.97,,  chennai ,arun94@ins.com,,09-06-2021,18-02-2022,-9270.96,13028.91,BEN376,Active,,,59276.09,95.75
POL100683,H1569,kumar,126,Travel,,397660.91,Delhi,,,19-06-2019,"Apr 18, 2025",,19487.86,,Active,,12/31/2017,,8.58
POL103428,H1860,  raj,70,Travel,,,,raj70@ins.com,,09-03-2016,10-09-2024,-4485.8,14583.22,BEN412,,Invalid,16-11-2020,,
POL102647,H1496,Priya ,76,,143871.43,404280.47,Delhi,,,10-08-2021,20-10-2020,3725902.65,17150.23,,Expired,,"Apr 08, 2017",,61.77
POL100675,H1991,kumar,,Home,,473555.51,Hyderabad,kumar65@gmail.com,Pending,,"Mar 23, 2017",-2525.87,2893.78,BEN339,Renewed,,"Dec 13, 2023",179802.85,
POL102809,H1079, JOHN,48,healthh,,,Bengaluru,john73@yahoo.com,Rejected,,"Feb 25, 2018",1811723.51,13729.17,,Lapsed,Invalid,"Sep 29, 2016",,
POL101826,H1400,arun,60,Home,,264457.26,Delhi,arun84@yahoo.com,Rejected,24-05-2023,12-06-2023,-7538.36,8048.55,,Expired,Valid,"Jun 05, 2025",360271.47,74.3
POL102449,H1053,arun,,healthh,103742.63,25198.03,Bengaluru,arun78@gmail.com,Rejected,12-02-2024,29-06-2024,,16115.28,,,Invalid,,172983.65,58.35
POL104506,H1206,Priya ,27,lifee,37669.43,421870.56,Bengaluru,priya@gmail,Not Filed,"Oct 12, 2022",,-1006.65,17992.89,BEN344,Renewed,,"Jul 24, 2022",130228.72,89.32
POL101001,H1952,  raj,53,Health,67620.84,235333.98,  chennai ,raj59@yahoo.com,,09/18/2022,12-04-2022,-5777.39,17075.5,,Lapsed,,11-01-2018,138619.45,66.31
POL100027,H1996,  raj,,Life,,,Bengaluru,raj91@gmail.com,Not Filed,"May 31, 2024","Oct 18, 2018",1256467.99,2193.43,,,Invalid,23-06-2025,110498.96,33.99
POL103789,H1096,kumar,66,healthh,,150252.23,Mumbai,kumar76@ins.com,Approved,,,-6135.47,4682.22,BEN299,Expired,,,,
POL103811,H1150,Meena,,Life,,9360.29,Chennai,meena11@yahoo.com,,16-12-2017,,3271395.24,-1730.62,,Lapsed,Invalid,14-02-2023,,
POL104702,H1448,kumar,15,Motor,,566144.82,  chennai ,kumar22@gmail.com,Approved,01/22/2021,06-03-2017,-5667.03,10083.59,BEN810,Lapsed,,25-02-2019,106738.53,45.72
POL100517,H1645,  raj,,lifee,11958.18,514713.66,Mumbai,raj77@yahoo.com,,,"Jun 13, 2016",,1312.7,,,Valid,06/30/2016,,50.71
POL100300,H1549,,,,28176.03,441788.13,Mumbai,user18@gmail.com,Not Filed,12-07-2020,02-05-2018,843546.88,19113.37,BEN372,Renewed,,,,32.49
POL102931,H1913,arun,109,Life,76247.71,543657.19,Chennai,arun40@yahoo.com,Rejected,23-09-2018,,3178435.01,18873.35,BEN814,Active,Valid,08-10-2016,177864.54,55.79
POL100402,H1824,  raj,36,Home,,17543.79,Mumbai,raj93@yahoo.com,,,"Apr 22, 2016",2411022.96,12164.73,,Lapsed,,"Dec 27, 2021",346163.48,64.84
POL101841,H1312, JOHN,,Health,85980.05,171476.8,Chennai,,Rejected,"Aug 14, 2020",07-08-2022,1258354.64,4246.2,BEN918,Active,Invalid,12-03-2020,55917.3,
POL100654,H1755, JOHN,,Home,14700.58,326664.62,Chennai,john51@gmail.com,Approved,,13-11-2016,2788566.69,13092.04,,,,,340243.29,
POL104294,H1173,Priya ,25,Life,,461110.33,Hyderabad,priya63@yahoo.com,,,"Mar 24, 2020",-568.58,5372.94,BEN137,Lapsed,,21-12-2020,185657.72,43.25
POL101190,H1772,Priya ,28,healthh,,,  chennai ,priya90@yahoo.com,Pending,24-06-2024,,1275491.11,10744.65,,Renewed,,,,
POL104210,H1236,  raj,118,Motor,14386.41,,Hyderabad,raj74@gmail.com,,"Jan 18, 2017","Sep 04, 2022",-4440.27,13218.2,,Expired,,22-01-2024,,93.57
POL101822,H1095,Meena,50,Health,,,  chennai ,meena91@ins.com,Not Filed,03/27/2016,17-11-2022,-1813.28,-1404.25,,Active,Valid,24-10-2021,,
POL102705,H1444,Priya ,,Motor,,762137.4,Delhi,priya25@ins.com,Rejected,21-10-2016,,-4003.16,15305.52,,Renewed,Valid,"Mar 01, 2017",,
POL103552,H1480, JOHN,,Health,,553472.32,Bengaluru,john38@gmail.com,Pending,23-04-2021,,,4750.24,BEN893,Expired,Invalid,"Jun 17, 2019",323311.23,38.08
POL103956,H1255,Meena,112,lifee,,233015.03,Bengaluru,meena88@ins.com,,05/24/2023,03/24/2024,,11919.53,,Active,,02-01-2018,,
POL101324,H1386,,19,healthh,168436.54,,Mumbai,user23@ins.com,Rejected,"Sep 18, 2019",,3213532.59,304.84,,,Invalid,"Jan 01, 2016",,
POL102139,H1424, JOHN,,healthh,,,Mumbai,john87@yahoo.com,Pending,05-08-2016,06/23/2019,2830521.13,8614.86,,Lapsed,,20-05-2020,217925.83,6.63
POL100045,H1536,Meena,,Home,77559.25,394613.47,Delhi,,Approved,,"Dec 22, 2021",-2762.66,19217.02,BEN717,Lapsed,Valid,,265444.84,31.02
POL101787,H1414, JOHN,,Health,,,  chennai ,john49@ins.com,,12/22/2023,"Sep 13, 2020",,11760.91,,,Valid,02-09-2023,22436.98,97.05
POL104123,H1230,kumar,,,66182.31,248518.4,Bengaluru,kumar99@ins.com,Approved,,08-10-2021,,1569.83,,Lapsed,,01/25/2024,,71.31
POL103715,H1433,arun,33,Motor,6996.81,290421.18,Bengaluru,arun89@yahoo.com,,18-01-2023,,,5332.43,,Renewed,Invalid,,,
POL103360,H1603,Meena,77,lifee,,210845.44,Chennai,meena78@gmail.com,Not Filed,01-12-2024,18-10-2021,,15145.25,,Renewed,,20-06-2021,44581.51,76.72
POL101743,H1580,kumar,55,Home,122733.67,91301.24,Bengaluru,kumar95@ins.com,Pending,,07/13/2017,-6737.2,1305.15,,,Invalid,20-04-2025,388276.59,56.63
POL104050,H1713,  raj,,Motor,115990.94,,Chennai,raj25@ins.com,,06-08-2023,"Mar 27, 2019",3586569.69,478.55,,Lapsed,,02-07-2017,,61.48
POL100097,H1566,kumar,-3,Home,30738.98,190280.11,  chennai ,kumar70@ins.com,Pending,09-05-2021,"Sep 16, 2022",-4584.55,16470.63,BEN998,Lapsed,Valid,"Oct 01, 2019",339602.4,
POL104391,H1026,,,healthh,83948.5,247212.16,,user64@ins.com,,,04-03-2025,3869130.9,6023.7,,,,16-11-2018,,27.1
POL101495,H1540,Priya ,,Life,,464879.41,,priya6@yahoo.com,Rejected,07/16/2016,04/25/2023,,7637.72,BEN310,Active,Invalid,06/18/2021,,67.04
POL103371,H1556, JOHN,29,,67870.18,,Bengaluru,,Pending,13-03-2018,11-01-2018,-4726.54,-1692.27,,Active,,18-12-2021,,
POL101536,H1020,Meena,73,Life,43137.12,,  chennai ,meena@gmail,,17-11-2022,,,15207.07,,Active,,08-07-2023,,16.47
POL102379,H1440,kumar,127,healthh,94014.96,326614.57,,kumar58@yahoo.com,Not Filed,,10-02-2021,,17632.59,,,,19-10-2020,,53.02
POL101726,H1347,Priya ,11,,35117.09,333081.33,Hyderabad,priya92@yahoo.com,Pending,07/20/2016,"Aug 26, 2021",554932,7134.81,BEN207,,Valid,27-06-2022,,
POL104366,H1818,  raj,125,Home,,705145.24,,raj87@yahoo.com,Not Filed,25-09-2021,13-09-2017,-6246.18,16183.26,BEN721,Renewed,,,,56.82
POL101052,H1453,Meena,,Health,92275.13,399477.77,Mumbai,meena78@gmail.com,,01/18/2024,,,14431.94,BEN159,Expired,Valid,,344229.51,
POL101983,H1511,Priya ,68,,38646.58,725505.75,Chennai,priya87@gmail.com,Rejected,01-10-2017,07/15/2022,-5677.35,10633.85,,Renewed,,19-09-2017,34816.06,
POL102597,H1242,Meena,57,Home,,204406.19,Chennai,meena6@yahoo.com,Approved,24-04-2025,12-04-2024,-2670.45,12512.38,BEN898,Expired,,01/23/2019,,
POL100093,H1012, JOHN,,healthh,69909.55,,Hyderabad,,Rejected,31-12-2021,31-08-2017,4616767.48,9145.43,,,,"Dec 16, 2024",,
POL102096,H1828, JOHN,,Life,,,Chennai,john26@ins.com,Pending,07-10-2024,01-06-2018,3744370.24,13953.49,,,,,,9.66
POL102547,H1908,Priya ,33,Home,63627.84,188316.82,Delhi,priya75@gmail.com,Approved,24-10-2017,18-09-2017,2098975.08,588.48,,,,04-03-2016,158592.67,
POL104436,H1332,kumar,25,Home,68377.04,73991.94,Delhi,kumar24@yahoo.com,Pending,08/18/2023,14-10-2023,4755052.91,958.88,,Active,Valid,"Mar 10, 2016",,
POL104677,H1195,,0,Home,,230486.87,Mumbai,user68@gmail.com,Approved,"Feb 09, 2019",02-08-2023,,6404.81,,,Invalid,,,65.38
POL100041,H1191,Meena,,Motor,10317.13,,,meena84@gmail.com,Approved,12/21/2024,,-11.81,7262.85,,,Valid,,389310.38,
POL101164,H1217,,73,Home,67164.48,798665.6,Mumbai,user2@gmail.com,Not Filed,18-01-2017,04/15/2021,,6557.52,,Renewed,,"Oct 28, 2022",,
POL100398,H1100,kumar,,Travel,,,Hyderabad,kumar3@gmail.com,,24-06-2024,29-12-2019,,18940.61,,,,,,
POL100222,H1673,,,Home,,788540.65,Delhi,user13@yahoo.com,,15-02-2024,02/17/2022,-1885.43,5469.87,,Lapsed,,18-08-2023,,
POL100302,H1439,Priya ,31,Motor,85559.76,,Bengaluru,,Pending,13-10-2023,"Nov 19, 2017",,6367.76,,,Invalid,24-01-2020,134471.14,6.13
POL100087,H1033,kumar,62,,,368806.49,Delhi,kumar55@ins.com,,09-08-2023,22-08-2020,-1945.6,5717.94,,,Invalid,09/29/2020,391600.06,28.93
POL101008,H1595,Priya ,59,Life,84109.47,147302.98,Mumbai,priya45@gmail.com,Approved,30-04-2024,05-11-2017,,13515.52,BEN818,Active,,30-11-2017,262892.35,
POL101371,H1093,,51,Life,71724.83,,Chennai,user54@ins.com,Not Filed,04-07-2021,13-12-2019,-8963.46,19960.97,,Expired,,21-12-2019,94419.33,
POL102261,H1097,arun,,,10482.68,,  chennai ,arun7@ins.com,,"Feb 24, 2021","May 27, 2023",-4809.39,-300.1,BEN968,,Invalid,"Apr 28, 2022",,
POL100588,H1087,Meena,,Home,75231.98,511419.19,Bengaluru,meena87@ins.com,Approved,09-01-2024,28-06-2023,3680009.47,16376.62,BEN513,Active,,03-01-2020,377383.36,
POL102997,H1138, JOHN,,lifee,,,Mumbai,john73@gmail.com,Not Filed,,17-07-2020,120690.8,13896.9,BEN782,Lapsed,,11-04-2023,181441.07,
POL104256,H1280,,,lifee,94467.99,,  chennai ,user9@yahoo.com,Pending,,21-08-2020,-14.93,-175.69,,Expired,,20-03-2016,213934.29,67.72
POL102818,H1674,Meena,37,Life,4220.45,229078.33,Hyderabad,meena70@yahoo.com,,15-02-2019,16-11-2022,,5956.37,,Lapsed,Valid,"May 23, 2016",132581.16,19.15
POL101358,H1272,,85,Home,994.14,169878.51,Delhi,user75@ins.com,,10/21/2021,,3720181.35,10323.3,,Expired,,"Nov 19, 2018",266431.74,41.81
POL103041,H1779,Meena,,Travel,98461.19,8898.34,  chennai ,meena15@yahoo.com,,"Jun 29, 2021",05-06-2019,3482764.23,15194.12,,Renewed,,,308757.47,
POL104206,H1647,Priya ,,Travel,95899.66,,Delhi,priya80@gmail.com,Pending,,,,6927.31,,Expired,,31-03-2023,,
POL102964,H1323,Priya ,79,Home,,169172.72,Chennai,priya57@ins.com,Not Filed,"Feb 06, 2018","Jun 12, 2022",-8342.51,2507.99,,Expired,,09-02-2020,179875.41,
POL101710,H1460,Priya ,22,Life,,,Mumbai,priya2@ins.com,Rejected,"Oct 02, 2024",06-07-2022,,9329.42,,Expired,,"Apr 08, 2021",127956.1,
POL104455,H1622,arun,10,Home,68231.14,196657.44,Bengaluru,arun81@ins.com,,12-11-2016,09/27/2024,,15781.5,,,Valid,02-02-2021,366170.82,90.44
POL102095,H1507, JOHN,74,lifee,,342976.68,Hyderabad,john@gmail,Approved,,,,12263.56,BEN148,Renewed,,,,46.52
POL101109,H1915,arun,69,,14825.35,247838.8,,arun56@yahoo.com,Not Filed,29-02-2016,"Feb 10, 2024",,14997.23,BEN282,,Valid,"Apr 13, 2025",,
POL101375,H1756,Meena,,Health,30360.88,,Delhi,meena@gmail,Approved,,"Jul 18, 2018",3372263.3,18030.74,,Expired,,"Jan 03, 2020",295206.76,85.03
POL102434,H1156,Meena,56,,,310921.09,Hyderabad,meena77@ins.com,Not Filed,,11-10-2017,-7371.13,15207.2,BEN336,Expired,,"Jan 04, 2020",,
POL100587,H1119,arun,42,Life,-1663.12,,Chennai,arun86@yahoo.com,,"Nov 30, 2016","Sep 20, 2017",652428.41,2165.72,BEN492,Lapsed,Valid,16-05-2016,359096.43,
POL100211,H1569,kumar,30,healthh,54339.95,151957.19,,kumar@gmail,Approved,18-06-2020,03/27/2025,-3594.45,8395.91,,Lapsed,,06-02-2025,,2.84
POL101548,H1796,  raj,,healthh,10916.43,127463.67,Hyderabad,,Pending,01/19/2020,,871403.4,1455.54,,Renewed,Valid,12/29/2024,,11.14
POL101200,H1555,  raj,33,Life,182352.37,655861.6,Bengaluru,raj57@gmail.com,Approved,,02/27/2023,-4355.06,-1362.28,BEN595,,Invalid,23-06-2018,179940.19,33.11
POL104899,H1425,Meena,74,Health,47534.88,,  chennai ,,Approved,02-02-2017,29-03-2021,-6697.86,1435.99,,,Invalid,"Apr 14, 2016",122982.38,
POL101406,H1955,kumar,59,Life,21322.49,61756.03,Mumbai,,Approved,05-09-2024,21-11-2021,,19386.73,BEN623,Lapsed,,05/22/2019,,76.72
POL102550,H1769, JOHN,,Home,,,Chennai,john53@ins.com,,,21-02-2021,-4724.49,18526.87,BEN569,,,09-01-2025,,
POL103452,H1271,,,healthh,,,  chennai ,user@gmail,,,03-01-2020,2595232.22,14342.95,,,Invalid,03/21/2023,,
POL101481,H1646,  raj,,Life,165678.51,694630.81,,raj1@ins.com,Pending,"Mar 15, 2025",29-04-2018,-1927.67,7839.55,,Lapsed,Valid,,,
POL103609,H1373,,20,Travel,6030.42,,Mumbai,user38@ins.com,,"Mar 15, 2022",05-04-2024,3212859.46,16938.21,,Renewed,,"Apr 03, 2018",262487.16,18.23
POL104415,H1321,Priya ,45,Home,36809.97,375933.41,Delhi,priya35@yahoo.com,Not Filed,10/28/2022,"Nov 07, 2018",4566524.85,18426.7,,,Invalid,12/29/2018,,23.89
POL101072,H1164,Priya ,47,lifee,49127.93,225234.48,Chennai,priya95@yahoo.com,Pending,"Mar 28, 2016",,-5401.68,16887.06,BEN361,Renewed,Valid,05-04-2017,161075.73,85.96
POL102772,H1354,Meena,,healthh,13186.13,99520.12,,meena29@yahoo.com,Not Filed,"Dec 24, 2024",03-09-2024,,15390.81,,,Invalid,,,
POL103966,H1353,,33,Motor,,19533.61,Delhi,user79@ins.com,Approved,,04/29/2018,-1548.52,6586.13,BEN685,Active,,02-07-2019,,
POL101685,H1446,  raj,30,Home,92352.41,571496.87,Hyderabad,raj45@yahoo.com,,"Jul 14, 2017",,-6444.81,10781.45,BEN187,Lapsed,Valid,"Mar 18, 2021",366952.71,
POL100018,H1115,kumar,10,Motor,30559.42,101076.92,Chennai,kumar58@gmail.com,Pending,12-10-2023,,189416.26,18374.31,,Lapsed,Valid,21-04-2025,155347.11,61.41
POL104733,H1070, JOHN,60,Travel,,364458.52,Mumbai,john89@yahoo.com,Not Filed,19-02-2020,16-01-2017,-770.76,13789.64,,,Valid,27-07-2019,89089.01,
POL100265,H1809,  raj,39,healthh,64684.62,,Delhi,raj62@yahoo.com,Not Filed,"May 30, 2024",08/31/2022,-3618.94,12294.22,BEN312,Expired,,19-06-2021,158359.99,42.5
POL103893,H1462,arun,75,Life,70010.4,,Chennai,arun73@yahoo.com,Rejected,"Jul 23, 2021",,1734015.74,5131.69,,Lapsed,,"Jun 12, 2025",19713.45,11.91
POL100002,H1983,arun,5,Motor,,21257.44,Mumbai,arun99@ins.com,,,,,16684.39,BEN219,Active,,"Nov 21, 2017",,26.36
POL103743,H1658, JOHN,93,Life,51049.44,,Mumbai,john39@gmail.com,Rejected,08/15/2016,06-12-2023,,12704.25,,Renewed,Invalid,,,9.82
POL100628,H1860,  raj,48,Health,118536.67,94188.05,,raj43@ins.com,Pending,24-04-2025,13-09-2024,,5743.4,,Renewed,,08/13/2016,397274.93,79.95
POL104365,H1554,Priya ,107,Travel,14446.2,,  chennai ,priya89@gmail.com,Not Filed,14-08-2024,13-03-2025,1798917.12,3999.65,,Expired,,,,67.2
POL102600,H1408,Priya ,,Home,108507.76,571482.07,Mumbai,priya96@gmail.com,Rejected,04-06-2017,16-09-2018,,11392.34,,Expired,,"Feb 14, 2019",,54.18
POL100128,H1596,Meena,,Life,,37717.32,  chennai ,meena88@gmail.com,Pending,11-11-2018,08/29/2023,1059804.47,15908.58,,,Invalid,,155554.66,
POL103775,H1611,Priya ,84,lifee,49688.46,655851.53,,,,04-05-2022,,,13883.95,,Lapsed,Valid,"May 15, 2024",146125.54,
POL101881,H1827,Meena,33,lifee,,335006.51,,meena@gmail,,"Feb 09, 2016",10-07-2021,,3252.59,,,Invalid,,,
POL100058,H1133,,83,Health,60418.76,,Delhi,user54@ins.com,Pending,04-05-2016,,,8961.84,,Renewed,,"Oct 23, 2020",9270.52,
POL101465,H1228, JOHN,,lifee,16586.1,,  chennai ,john22@ins.com,,,16-11-2018,-3993.39,4406.83,BEN320,,Invalid,12-08-2023,316432.09,99.36
POL104664,H1456, JOHN,41,healthh,116427.91,598077.33,  chennai ,john42@yahoo.com,Rejected,,"Jul 22, 2023",586153.29,-582.05,BEN645,Renewed,Invalid,07-08-2023,87433.59,
POL101670,H1755, JOHN,60,Motor,37238.63,160946.79,,john46@ins.com,Rejected,10-03-2023,,,706.29,,Active,Valid,"Oct 19, 2022",140422.21,
POL101875,H1640,arun,,lifee,106901.6,,Hyderabad,arun67@ins.com,,17-07-2024,"Nov 15, 2017",,9956.42,,Expired,,"Mar 22, 2016",248608.15,
POL101195,H1090,Priya ,,,,,Mumbai,priya4@ins.com,,02-04-2023,"Aug 23, 2022",2257373.9,19718.75,,,,16-04-2019,,
POL103862,H1654,Priya ,33,Motor,,,Mumbai,priya86@yahoo.com,,03-02-2019,29-08-2020,-2519.2,5619.21,BEN516,Expired,Valid,,,
POL101295,H1598,  raj,4,Motor,137145.99,,Delhi,raj62@ins.com,Approved,29-03-2022,,,2667.19,,,Invalid,"Apr 22, 2020",326148.32,
POL101151,H1948,,121,,51093.79,547331.2,  chennai ,user38@ins.com,Rejected,20-04-2018,01-10-2021,3533533.68,8613.32,,,,06-05-2019,,3.39
POL101082,H1132, JOHN,1,,,136446.83,Hyderabad,john30@yahoo.com,,04-07-2021,09-10-2024,4393769.86,4152.47,BEN987,Renewed,Valid,02/15/2020,,19.87
POL101598,H1482,Priya ,28,lifee,10929.27,37652.91,Chennai,priya97@ins.com,,,,-7372.27,2572.83,,Expired,,09-05-2017,398110.96,
POL102510,H1885,  raj,43,Home,8575.88,,  chennai ,raj92@yahoo.com,Approved,"Mar 10, 2019",,-5804.17,6784.68,,Renewed,,24-12-2020,,
POL103369,H1943,Meena,-5,,39669.92,,Mumbai,meena34@yahoo.com,Not Filed,02/16/2024,19-02-2018,-6949.42,2098.92,BEN871,,Valid,,,
POL101252,H1313,arun,18,lifee,88011.54,117572.15,Chennai,arun1@yahoo.com,Rejected,,"Dec 22, 2024",445004.15,14444.06,,Active,Invalid,"Mar 07, 2022",356404.07,
POL100414,H1500,  raj,,Travel,9533.7,,Bengaluru,,Not Filed,"Jul 31, 2021","Jul 22, 2025",4809765.35,18806.1,BEN956,Renewed,,23-01-2019,,65.04
POL101703,H1693,arun,73,Health,,,Chennai,arun80@yahoo.com,Approved,10-11-2022,10/27/2024,-726.68,2818.96,,Expired,Invalid,03/17/2020,102455.02,94.39
POL103387,H1085,  raj,80,,11094.71,227419.47,Mumbai,raj26@yahoo.com,,12/16/2016,,-6575.22,13528.72,BEN908,,,,366872.11,
POL104524,H1716,Priya ,91,lifee,66995.3,481703.04,Mumbai,priya45@gmail.com,Pending,,08/19/2020,2015124.12,16900.01,,,,"Nov 28, 2020",,48.24
POL103874,H1850,kumar,33,Home,93638.73,216598.7,  chennai ,kumar45@ins.com,Approved,04-02-2024,"Jan 07, 2021",2749947.37,16016.49,BEN284,Expired,Invalid,18-09-2018,,67.27
POL101748,H1077,  raj,107,Travel,,798938.36,Hyderabad,raj37@gmail.com,Pending,31-03-2018,"Aug 16, 2024",,10548.38,BEN765,Expired,,04-09-2025,,79.62
POL104285,H1803, JOHN,22,Travel,53310.48,,Bengaluru,john@gmail,,"Feb 04, 2020",,2010693.14,-423.16,,,,06-11-2018,147133.21,5.99
POL103060,H1333,kumar,,healthh,131459.72,621133.91,Bengaluru,kumar12@yahoo.com,Pending,"Mar 08, 2018",,-1375.18,10096.14,,Expired,,,387072.73,
POL102643,H1986,Priya ,0,healthh,58924.18,,,priya81@yahoo.com,Approved,"Jun 09, 2023",,,-1567.37,,Expired,,08-05-2019,,58.5
POL100024,H1326,arun,,,98707.66,292336.57,,arun19@ins.com,Approved,,06-08-2020,-8478.61,-1032.06,,Lapsed,Valid,02/18/2023,,71.02
POL104087,H1208,Meena,,Travel,195547.21,480538.29,Mumbai,meena28@ins.com,Not Filed,25-02-2018,28-05-2016,-6699.65,17194,BEN321,Expired,Invalid,10/20/2020,30259.46,42.08
POL101978,H1057,Priya ,,healthh,,269481.37,,priya12@gmail.com,,,,1999587.58,16926,,Active,,,44155.76,
POL104306,H1253, JOHN,85,healthh,66581.56,149691.67,Hyderabad,john25@gmail.com,Approved,12-11-2023,,-691.85,18086.3,BEN250,,Invalid,21-04-2024,80398.88,77.34
POL101340,H1680,kumar,123,lifee,8112.07,,Delhi,kumar28@gmail.com,Approved,16-08-2018,14-04-2016,-3786.21,10590.56,,,Valid,,,32.76
POL100020,H1620, JOHN,67,Motor,22980.05,382084.92,Chennai,john90@gmail.com,Not Filed,05/28/2019,"Jun 24, 2024",,19326.24,BEN475,,Invalid,04-06-2017,56541.7,19.56
POL101098,H1379, JOHN,115,Health,58118.97,181368.44,Chennai,john32@ins.com,,"Oct 30, 2024",02-01-2021,-443.36,19633.13,,,Valid,01-02-2020,13364.77,
POL103963,H1595,Meena,75,lifee,89559.77,,Delhi,,Not Filed,15-08-2018,08-05-2024,,-965.19,,Lapsed,Valid,14-07-2017,304028.31,75.55
POL104345,H1332, JOHN,8,Home,78390.38,,,john41@ins.com,Not Filed,"Oct 15, 2021",,-434.4,-1813.07,,Active,Invalid,,,
POL104980,H1761,,76,Home,,227400.65,Hyderabad,user23@yahoo.com,,04-04-2017,11/19/2023,1007931.56,9346.35,,Expired,Valid,27-12-2022,33137.63,
POL103617,H1575,Meena,37,lifee,24323.86,61004.8,  chennai ,meena17@gmail.com,Not Filed,,"Jan 21, 2019",-3479.96,15348.37,,Active,,07-10-2016,395200.44,60.17
POL101776,H1544,Meena,,Home,,363935.9,Delhi,meena6@yahoo.com,Pending,"Nov 26, 2016",03/31/2020,,10955.61,,Active,Invalid,03-12-2016,,
POL102730,H1702,  raj,32,Life,145773.99,437279.76,Hyderabad,raj95@ins.com,,"Feb 07, 2019",25-07-2019,3713398.16,14388.34,BEN928,Lapsed,Invalid,25-03-2021,37718.61,
POL104867,H1693,Priya ,,Travel,24617.18,,Bengaluru,priya30@yahoo.com,Not Filed,"Jul 21, 2021",,,6227.6,,Active,,08/26/2022,,
POL103089,H1822, JOHN,59,Home,,586166.01,Hyderabad,john7@yahoo.com,Rejected,,16-09-2020,761989.06,6336.17,,,,,344417.81,54.97
POL103886,H1510,Priya ,31,Home,,160142.12,Hyderabad,priya13@gmail.com,Approved,12/19/2023,,,3891.37,BEN769,,,"Nov 12, 2020",383338.48,52.27
POL104708,H1801,kumar,26,healthh,34738.8,534654.19,  chennai ,kumar87@gmail.com,Approved,,,,-808.53,,Renewed,Invalid,21-04-2025,,
POL104761,H1033,arun,118,Life,16577.18,,Mumbai,arun4@yahoo.com,Not Filed,,,-9336.19,8646.07,,,Invalid,"Feb 01, 2017",,29.05
POL101061,H1897,Meena,14,Home,,214905.99,Delhi,meena52@ins.com,,02-08-2016,,-1723.04,18782.62,,Renewed,,,223000.74,
POL103348,H1421,,79,,42102.62,63273.98,Bengaluru,user80@yahoo.com,Rejected,01/25/2023,10-04-2024,,19414.02,,Renewed,,05-05-2022,,84.49
POL103467,H1813,kumar,125,lifee,,157071.35,  chennai ,kumar2@yahoo.com,Pending,"Aug 04, 2019","Oct 27, 2023",,7529.55,BEN662,,,10-10-2024,369252.02,
POL102965,H1358,Priya ,91,healthh,30955.45,,Hyderabad,priya38@yahoo.com,Not Filed,,"Oct 16, 2017",-6064.87,13461.64,,Renewed,Valid,,,
POL103193,H1585,kumar,38,Motor,84893.39,78660.54,Chennai,kumar20@ins.com,Not Filed,"Sep 27, 2016",05-02-2016,-4914.3,7928.84,BEN389,,,05/27/2023,,26.23
POL102054,H1943,Priya ,43,Travel,191943.87,726344.84,Delhi,priya@gmail,Approved,"May 26, 2024",10-05-2022,1963283.59,19089.23,,,Invalid,,170315.88,
POL104449,H1888,Priya ,,,29660.35,273860.56,Hyderabad,priya39@gmail.com,,03-01-2024,,-3955.78,10007.15,,Active,Valid,12-06-2019,,
POL100208,H1459,Meena,36,Life,,,Chennai,meena65@gmail.com,,07/30/2025,"Jun 24, 2020",-303.94,12671.53,,,,07/15/2019,275658.79,
POL101165,H1853,,,Travel,,108491.59,Mumbai,user32@ins.com,Approved,,01/17/2022,-4940.53,5676.38,BEN701,Lapsed,Invalid,23-11-2024,,34.04
POL101721,H1627,,,Travel,,262220.05,Mumbai,user19@ins.com,Not Filed,05-07-2016,01/19/2021,2969041.11,16946.73,,Expired,,01/29/2018,38619.91,80.94
POL101583,H1069,,,Home,6514.46,130221.17,Hyderabad,user30@gmail.com,,12-05-2018,"Aug 18, 2020",1979165.72,4810.28,,,,24-05-2020,,
POL100263,H1568,arun,,Travel,124423.59,,Delhi,arun93@ins.com,Rejected,,31-03-2017,933780.08,18034.28,,Expired,,08-04-2018,,
POL103462,H1809,,26,,13797.87,447841.47,,user68@yahoo.com,,08-09-2016,"Jun 16, 2025",,3970.93,,Renewed,,"Aug 14, 2017",10446.87,
POL104603,H1386, JOHN,34,Travel,18228.38,34339.43,Chennai,john52@gmail.com,Not Filed,08/14/2024,"Jul 26, 2016",,9829.26,BEN325,Expired,Invalid,05/29/2019,289152.18,68.24
POL103239,H1821,Meena,40,Travel,103446.58,10548.44,Hyderabad,meena60@yahoo.com,Rejected,02-12-2023,01-11-2022,2842210.54,14018.93,BEN381,Expired,Invalid,27-01-2023,,
POL103356,H1190,,,healthh,78323.28,722930.55,  chennai ,user24@yahoo.com,,15-04-2016,"Dec 31, 2024",2665551.07,18258.38,,Renewed,,19-10-2017,,55.8
POL101170,H1303, JOHN,47,Health,40486,244643.93,Bengaluru,john58@gmail.com,Rejected,"Sep 06, 2021","Mar 20, 2024",1955091.06,19398.62,,Lapsed,Invalid,21-09-2021,200053.57,
POL102746,H1083,Meena,43,Motor,,442079.18,Bengaluru,meena45@ins.com,Rejected,30-10-2018,17-10-2022,323388.23,12285.24,,Active,Invalid,05-04-2016,,69.56
POL102943,H1743,,,Motor,32180.36,,Delhi,user92@ins.com,,09-03-2023,18-06-2018,4367051.65,11193.38,,Active,,08/20/2021,331494,
POL104189,H1627, JOHN,,healthh,42678.85,125941.56,  chennai ,john47@gmail.com,,06-07-2020,05-10-2017,-881.82,2698.97,,,,21-09-2019,227426.77,
POL102719,H1795,Meena,36,healthh,155876.16,,Hyderabad,meena56@gmail.com,Not Filed,"Apr 19, 2018",02-08-2024,-8260.07,12017.45,BEN270,,Valid,,,
POL103812,H1283,kumar,65,Motor,16283,,Chennai,kumar71@ins.com,,19-07-2025,,-9812.53,5286.51,,Expired,Valid,"Mar 01, 2017",,24.33
POL101270,H1326,Meena,,,20852.69,233696.57,Mumbai,meena@gmail,Pending,"Jul 22, 2018",,,5045.99,,Lapsed,Valid,26-01-2021,,
POL103162,H1369, JOHN,,Home,27888.34,93001.25,Chennai,john63@ins.com,,10-02-2023,11-05-2022,2069345.1,1942.23,,Lapsed,Invalid,15-04-2017,117199.26,74.03
POL104532,H1545,  raj,,Travel,29167.96,393372.95,  chennai ,raj29@gmail.com,Approved,"Apr 08, 2020",25-01-2018,1108794.54,18264.82,BEN556,,,17-12-2019,,
POL103684,H1058,,24,Home,199769.05,280652.41,  chennai ,user38@gmail.com,,26-05-2017,09/23/2021,,7743.76,BEN222,Expired,Valid,14-09-2024,,66.18
POL101483,H1082,Meena,-5,Motor,6874.53,89901.6,,,Not Filed,,09/17/2018,,19533.56,,Renewed,,06/18/2019,,
POL104118,H1127,arun,,Life,192362.42,68906.08,Hyderabad,arun25@gmail.com,,"Dec 30, 2016","May 06, 2025",-7527.99,13835.43,,,,,250655.56,
POL104814,H1264,Priya ,127,Home,58455.98,,Bengaluru,priya50@gmail.com,Approved,,08-02-2016,4088667.57,18375.08,BEN156,,Valid,24-10-2020,,
POL103839,H1051,arun,126,Health,,143685.35,  chennai ,arun53@yahoo.com,Pending,16-07-2023,21-11-2024,,16525.97,,Expired,,05-02-2023,197045.68,38.17
POL101301,H1077, JOHN,,Travel,,455573.03,Hyderabad,john57@gmail.com,Not Filed,30-06-2021,"Mar 31, 2019",2207393.72,12201.97,,,,07/22/2022,202386.07,90.32
POL100631,H1635,,,Home,79859.24,777761.59,,user10@gmail.com,,26-03-2021,"Dec 01, 2020",,14565.59,,Lapsed,,,,57.49
POL102657,H1860,Meena,,lifee,,396360.82,  chennai ,meena36@yahoo.com,,23-10-2019,"Feb 06, 2025",,2238.45,BEN527,,Valid,"Sep 02, 2019",389219.32,
POL100689,H1152,kumar,22,lifee,97663.41,549505.88,Mumbai,kumar25@gmail.com,Rejected,11-10-2016,16-12-2017,,4482.5,,Active,Invalid,,,54.9
POL100050,H1629, JOHN,56,Health,36380.07,393206.17,Hyderabad,,Not Filed,05-08-2023,"Apr 19, 2020",,5856.07,,Expired,Valid,,294074.79,13.34
POL103579,H1581,arun,,,46656.17,,,arun7@yahoo.com,,,01-11-2022,638583.43,8490.26,,Expired,,23-04-2022,,4.54
POL100373,H1036,,0,healthh,157225.41,115002.62,Mumbai,,,20-06-2017,"Jan 01, 2022",-8688.07,17285.68,BEN982,Active,Valid,,288845.15,
POL100697,H1941,kumar,24,,148245.4,,  chennai ,kumar97@gmail.com,Pending,02-08-2016,,-93.76,9161.19,,,,"Jun 05, 2018",328590.24,
POL102190,H1085,arun,54,Motor,66354.39,98100.71,Mumbai,arun23@ins.com,,"Dec 10, 2017",03-03-2023,4810459.4,11848.21,,,,"Jan 11, 2020",92145.22,1.65
POL104183,H1991,kumar,65,Motor,55975.69,176623.05,Mumbai,kumar31@ins.com,Not Filed,03/17/2025,19-01-2021,,12386.21,,Renewed,,12-07-2020,252798.92,36.98
POL101985,H1430,Meena,123,Life,47536.22,490200.09,Chennai,meena75@ins.com,,04-09-2018,"Nov 05, 2020",,11610.37,BEN656,,,01-10-2023,117069.36,
POL102317,H1469,arun,44,Health,,,Chennai,arun97@yahoo.com,,03-10-2019,"Apr 27, 2024",-9780.92,5190.28,,,,16-11-2016,314541.47,8.56
POL104024,H1489, JOHN,38,healthh,7373.57,,Mumbai,john@gmail,Approved,04/24/2023,"Apr 21, 2019",3516523.24,2279.85,BEN883,Expired,,02-07-2025,,
POL102794,H1728,,,Health,,451002.14,Hyderabad,user86@gmail.com,,,,4018227.73,10323.51,,,Invalid,,47511.37,
POL102459,H1631,Priya ,53,Home,27874.05,261866.5,Mumbai,priya2@ins.com,,"Jul 12, 2024",10-01-2020,,18931.03,,,,,,26.81
POL103478,H1114,arun,-2,healthh,,88488.46,Bengaluru,arun10@yahoo.com,Pending,25-10-2020,09-05-2022,-7407.64,7721.5,,Renewed,,29-03-2022,93466.01,
POL100188,H1552,,,Life,91118.11,457042.07,  chennai ,user89@yahoo.com,,04/13/2022,,-3707,1719.74,,Lapsed,Valid,06-02-2016,,50.56
POL100693,H1078,Meena,70,,84508.76,,,meena27@gmail.com,Approved,27-10-2021,"Mar 13, 2024",-8911.47,4672.78,,Lapsed,Invalid,11-11-2022,94117.39,81.17
POL103432,H1828,Meena,,healthh,153333.97,659505.25,Chennai,meena95@yahoo.com,,11/27/2016,"Jul 27, 2023",1283248.29,14747.3,,Lapsed,,04-07-2017,220502.79,68.39
POL103229,H1720,,74,Travel,14204.57,648966.78,Bengaluru,user25@ins.com,Rejected,20-05-2020,05-04-2018,3318733.91,14706.13,BEN211,Renewed,,,75144.61,87.92
POL102366,H1644,arun,56,,,411099.79,,arun39@gmail.com,,06-01-2017,12-12-2023,,662.3,,Renewed,Valid,,195207.64,48.05
POL101097,H1637, JOHN,88,Health,56045.24,186505.89,Bengaluru,john54@gmail.com,,27-01-2023,,,4633.49,,,Valid,14-08-2016,,
POL104740,H1866,Priya ,23,healthh,10956.68,134062.12,Hyderabad,priya75@ins.com,Pending,,15-03-2021,,7867.4,,Lapsed,,"Jan 26, 2022",48179.51,
POL101747,H1158,,66,Health,67786.47,404744.13,,user57@ins.com,Approved,23-03-2019,,,14702.43,,Expired,Invalid,,47856.14,
POL104063,H1018,,78,Home,35394.13,,Chennai,,,25-11-2023,,-619.3,2947.18,,,Valid,03-08-2022,114309.21,
POL102617,H1103,  raj,34,lifee,37651.44,,Chennai,raj33@ins.com,Not Filed,"Nov 20, 2016",05-09-2018,2027582.75,17762.93,BEN921,Lapsed,Invalid,15-10-2020,17541.72,
POL104651,H1581,Meena,82,healthh,19270.23,681407.02,Chennai,meena35@ins.com,Not Filed,08-04-2022,10-02-2024,,8412.72,,,Invalid,02-04-2018,109849.7,14.52
POL100493,H1607, JOHN,27,Home,23416.28,388037.58,Chennai,john37@ins.com,Not Filed,10/18/2022,09-08-2018,3489798.42,18937.5,,,,"Dec 23, 2017",,79.43
POL102507,H1894,,31,lifee,199717.77,530040.81,  chennai ,user27@ins.com,,,,-5005.59,281.89,BEN391,Lapsed,Valid,,343311.23,62.4
POL103167,H1475,,50,lifee,183514.91,442395,Delhi,user16@gmail.com,,,"Feb 04, 2022",1015286.57,11135.46,BEN757,,Invalid,07-07-2024,,66
POL100729,H1946,  raj,37,Home,69901.68,,Delhi,raj97@gmail.com,Approved,10/19/2023,05-08-2021,1178073.41,18126.63,,Expired,Invalid,11-04-2016,158543.22,
POL103912,H1059,,,Home,,484836.69,Hyderabad,user44@gmail.com,Approved,"Dec 31, 2021","Oct 29, 2017",2742758.32,12137.64,,Renewed,Invalid,05/31/2020,,44.21
POL100824,H1416,  raj,30,healthh,113611.86,258227.79,  chennai ,raj7@gmail.com,Pending,"Jan 07, 2022","Aug 28, 2022",,14273.29,BEN819,,,,311050.47,68.48
POL103200,H1494,Priya ,107,Travel,26929.87,,Delhi,priya20@yahoo.com,Not Filed,"May 25, 2019","Apr 14, 2021",-5634.72,14136.11,,,Invalid,31-03-2017,283647.69,
POL101590,H1972,Meena,82,Travel,145443.84,,Chennai,meena89@yahoo.com,Not Filed,,"Jun 04, 2018",-944.41,-738.22,BEN206,Expired,Valid,06/24/2021,,
POL103039,H1151, JOHN,8,Health,76645.25,658.18,Chennai,john35@ins.com,Rejected,26-06-2021,12/30/2019,,7338.11,BEN228,Lapsed,,24-06-2023,287781.96,
POL100574,H1368, JOHN,72,Home,20536.71,436520.95,Delhi,john54@gmail.com,Approved,"Dec 23, 2023","Jan 15, 2023",,14992.8,,Lapsed,Valid,,,86.63
POL100714,H1177,arun,,Health,81053.96,,Chennai,arun44@gmail.com,Rejected,24-02-2022,31-08-2022,-4191.05,15787.79,,Expired,Invalid,14-12-2016,,
POL103254,H1552,kumar,115,Home,136131.13,152077.13,Delhi,kumar88@gmail.com,,11-07-2022,07/25/2020,-5039.66,14403.38,BEN246,Active,,10-02-2016,,
POL103621,H1724,  raj,,Health,179617.35,23607.21,Bengaluru,raj85@gmail.com,Pending,06-03-2023,08/27/2016,1761608.06,7361.21,,Lapsed,Invalid,30-03-2016,,
POL100758,H1761, JOHN,,lifee,,161134.57,Bengaluru,john59@gmail.com,,10-06-2024,11-04-2021,,19352.52,,Renewed,,04-02-2024,,
POL103544,H1875,kumar,75,healthh,39045.92,,,kumar54@ins.com,,,,,7686.84,BEN380,Active,,12-05-2021,,40.82
POL100108,H1906,kumar,,Life,,,  chennai ,kumar86@gmail.com,,"Jan 23, 2024",,1176188.16,16004.91,,,,,352661.55,29.89
POL102439,H1140,Meena,26,,,408595.39,,meena20@yahoo.com,Approved,07/18/2018,"Mar 19, 2020",-7828.39,19807.15,,Lapsed,,,377668.14,
POL101095,H1481,Meena,,Life,140692.44,477875.56,Hyderabad,meena34@yahoo.com,Approved,"Nov 28, 2017","Dec 19, 2021",706230.57,15338.03,,Active,Invalid,11-05-2019,,
POL104808,H1779,Meena,76,Life,71313.84,384567.9,Bengaluru,meena8@yahoo.com,Pending,01-02-2022,"Aug 04, 2020",-8358.93,10502.74,,,Valid,03/24/2017,190967,81.41
POL104336,H1955,  raj,,Health,159287.32,,Mumbai,raj78@ins.com,Rejected,"Dec 31, 2021",03/20/2023,,11100.2,BEN602,Renewed,,18-10-2017,271223.15,
POL104780,H1389,Meena,63,,,607520.97,Chennai,meena52@yahoo.com,Rejected,,10-09-2019,-8064.13,7687.62,BEN854,,,,91994.16,2.39
POL101595,H1489,kumar,,lifee,16598.75,202974.77,  chennai ,kumar31@gmail.com,Not Filed,05-12-2023,"Nov 02, 2022",-7837.12,4217.95,BEN626,,Invalid,"Jul 18, 2018",204497.86,
POL102934,H1396,,95,Life,,348370.78,Delhi,user59@yahoo.com,,09-10-2016,,3323808.65,342.75,,Renewed,,"Nov 24, 2016",228913.94,76.39
POL103043,H1482,,-2,Life,61956.69,264561.73,Hyderabad,user32@yahoo.com,Pending,"Feb 26, 2022","Apr 28, 2018",-9232.73,4065.94,,,,31-12-2022,88428.85,
POL100883,H1081,,74,healthh,8863.89,517060.33,,user19@yahoo.com,Not Filed,"Jan 15, 2022",03/25/2024,,17613.74,,Renewed,Invalid,17-06-2022,378141.79,21.56
POL103000,H1662,arun,71,Travel,,,Mumbai,arun61@ins.com,Not Filed,18-07-2025,"Jan 30, 2025",4861446.17,12074.38,,,Invalid,08/21/2024,216936.07,30.82
POL100709,H1123,kumar,22,Life,16182.66,144475.06,Bengaluru,kumar48@ins.com,Approved,"Dec 14, 2020",,,2117.97,,Renewed,Valid,14-12-2022,398753.57,18.44
POL101539,H1465,Meena,25,Motor,132725.84,355238.66,Mumbai,,Not Filed,15-12-2019,,,12942.6,,Renewed,Valid,,366491.41,95.11
POL100176,H1880, JOHN,,Travel,,489674.97,Chennai,john91@gmail.com,Not Filed,,08/20/2020,-4248.57,5784.77,,,,,291673.9,
POL102357,H1444,kumar,,,65695.16,163893.77,Chennai,kumar93@ins.com,Not Filed,04/24/2017,,,18663.38,,Renewed,,24-11-2019,,
POL102986,H1959,  raj,48,lifee,5478.94,492468.63,,raj51@gmail.com,Rejected,"Mar 12, 2022","Jun 16, 2018",,12631.19,BEN756,,,16-04-2017,,84.53
POL100000,H1837,,15,Travel,,156344.96,Mumbai,user43@yahoo.com,Not Filed,,,-9851.39,1026.42,BEN168,,,11/25/2016,320917.43,10.29
POL104177,H1612,arun,81,,127872.5,91435.03,Hyderabad,,Pending,05/27/2019,,-7138.76,14226.08,,Renewed,Valid,,389390,12.47
POL101105,H1522,kumar,,Health,,,Hyderabad,kumar85@ins.com,Rejected,"Dec 01, 2016",07-08-2023,3155380.08,17340.73,,Active,Valid,12/14/2018,,83.3
POL102264,H1342,Meena,82,,37075.74,182449.3,,meena2@yahoo.com,Pending,"Jun 03, 2022",16-03-2016,2239203.64,16090.72,BEN668,Expired,,"Sep 18, 2019",352357.95,68.43
POL104811,H1099,Meena,45,,,350272.35,Chennai,,,27-01-2025,17-10-2024,3465102.63,10321.7,BEN581,,Invalid,01/20/2020,,80.5
POL101210,H1139, JOHN,19,,,562973.05,Chennai,john48@ins.com,,03/30/2021,,3558004.07,19456.29,,,,04-09-2017,358156.44,
POL102307,H1917,Meena,16,,48614.83,705542.7,Hyderabad,meena48@ins.com,Pending,"Jun 18, 2020",19-04-2019,-8012.02,5277.53,,Expired,Valid,"Oct 14, 2016",66643.01,
POL100505,H1005,  raj,52,Travel,95993.83,,  chennai ,raj52@yahoo.com,Not Filed,,01/18/2022,,13551.9,,,,13-06-2025,391126.34,59.07
POL104468,H1475,kumar,50,Life,74316.78,489469.84,Hyderabad,kumar64@gmail.com,Rejected,"Jul 28, 2024","Aug 12, 2019",,11644,BEN216,,Valid,"Jan 19, 2025",,
POL100726,H1224,kumar,,Health,152559.4,,Hyderabad,kumar58@yahoo.com,Approved,05-09-2019,12-03-2016,4377025.03,14397.86,BEN487,Renewed,Valid,10/21/2019,,19.79
POL104198,H1011, JOHN,53,healthh,198017.61,,Chennai,john32@yahoo.com,Rejected,27-04-2019,04-08-2017,-3928.41,7238.36,BEN246,,,"Jun 30, 2018",25613.07,
POL100630,H1395, JOHN,,,88331.83,68676.59,Bengaluru,john89@gmail.com,,"Sep 01, 2023",28-12-2022,,9638.36,,,Invalid,"Apr 25, 2022",,85.33
POL100748,H1840,kumar,,Life,,572043.71,Chennai,kumar98@ins.com,,,03-06-2025,,12981.4,,Renewed,Invalid,16-12-2017,95418.96,91.53
POL102760,H1724,Meena,67,,,628868.68,Mumbai,meena89@ins.com,Not Filed,"Aug 21, 2017",03/16/2018,677106.1,15509.17,BEN525,Renewed,Valid,19-09-2019,265598.52,19.08
POL100614,H1245,  raj,28,healthh,49052.29,443680.78,Delhi,raj24@gmail.com,,11-03-2019,01-10-2017,2681562.32,18883.17,BEN934,,Invalid,26-07-2021,31474.23,84.83
POL101325,H1978,kumar,27,Home,1798.99,674703.32,,,Pending,,,-4356.69,8507.5,BEN462,Renewed,,"Apr 26, 2025",,
POL104833,H1031, JOHN,45,Travel,70886.01,,Delhi,john86@yahoo.com,Rejected,,"Nov 29, 2022",3871144.12,-1217.78,,,,26-08-2022,231591.87,97.12
POL101116,H1201,Priya ,69,Motor,34800.21,531917.63,  chennai ,priya7@ins.com,Rejected,,"Dec 03, 2022",,17380.71,BEN202,,,"Mar 15, 2019",258991.82,
POL102753,H1241,kumar,31,Health,136361,,  chennai ,,Not Filed,"Jul 26, 2019",,-7230.79,3443.79,,,Valid,04-12-2019,,
POL102776,H1978,Meena,68,Motor,37871.38,,Bengaluru,meena@gmail,,"Oct 28, 2017",,,9538.27,BEN339,Active,,"Oct 10, 2020",,43.21
POL100691,H1091,Priya ,51,lifee,-2636.69,112194.18,  chennai ,priya6@gmail.com,,12-11-2022,27-10-2018,,16746.87,,Active,Valid,,,0.68
POL101883,H1171,  raj,,Health,1801.36,406706.01,Delhi,raj75@ins.com,Not Filed,22-03-2021,"Nov 30, 2023",3489173.37,-1922.62,,,,28-09-2024,,
POL100783,H1307,arun,91,lifee,,,Bengaluru,arun50@gmail.com,,03-04-2018,"Nov 17, 2021",-8776.68,11908.17,,Lapsed,Valid,"Aug 31, 2023",,42.47
POL102495,H1250, JOHN,,Travel,,227368.48,Bengaluru,john10@gmail.com,Rejected,05-03-2019,,1543135.74,6080.03,BEN519,Renewed,Valid,18-09-2019,,
POL103118,H1624,  raj,75,Health,63046.64,216513.47,Chennai,raj78@yahoo.com,Approved,10-03-2019,28-10-2017,1446702.14,4475.83,,Lapsed,Valid,28-04-2022,372099.15,87.72
POL102731,H1686,  raj,118,lifee,,349605.96,Hyderabad,raj38@gmail.com,Not Filed,01-03-2023,02/14/2020,,16864.86,,Renewed,,09/20/2024,,
POL100231,H1614,Priya ,,Motor,78747.44,780783.17,Mumbai,priya59@ins.com,Approved,"Jun 17, 2024",02-02-2022,4363645.2,13110.75,,,,,,
POL102561,H1153,Meena,67,Home,,,Bengaluru,meena51@ins.com,Rejected,18-11-2021,04/30/2023,3334349.51,19989.32,,Expired,,,91606.33,87.71
POL102661,H1464,Meena,,Health,28675.25,283192.44,Delhi,,Pending,"Sep 20, 2019",16-08-2024,,7718.57,,Expired,,24-05-2020,,38.17
POL102916,H1588,arun,68,Life,65678.4,,Chennai,arun97@gmail.com,,10-02-2024,03-07-2022,,4925.73,,,,,,61.03
POL100012,H1106,Priya ,65,,98362.39,332374.36,Mumbai,priya88@yahoo.com,Approved,02-05-2016,,2469587.55,1351.68,,,Invalid,,219824.08,
POL102541,H1301,Meena,23,Health,,343259.05,  chennai ,meena8@ins.com,Rejected,,,,10523.22,BEN456,,,19-01-2023,,16.56
POL103404,H1077,Meena,37,,96672.27,,  chennai ,meena@gmail,Not Filed,"Aug 19, 2018",01-02-2025,534559.33,13945.19,BEN378,Active,Valid,06-07-2022,,
POL103736,H1542,,121,Home,73355.71,267506.82,Mumbai,user31@yahoo.com,,31-03-2018,28-05-2023,2168646.26,8818.4,,Lapsed,Invalid,20-08-2017,344670.65,68.26
POL103403,H1653,  raj,46,Travel,,84898.67,Mumbai,raj50@ins.com,,16-03-2016,18-08-2016,,7467.08,BEN715,,,05-10-2020,,16.63
POL104533,H1421,Meena,73,healthh,,590001.06,,meena1@yahoo.com,Not Filed,04/15/2018,,-8149.66,-1218.93,BEN950,,,"Jun 16, 2020",,
POL100166,H1451,arun,43,lifee,,27269.01,Mumbai,arun2@gmail.com,,06-05-2025,06-10-2022,,14280.29,BEN316,,,,,
POL103931,H1174,Priya ,,Life,,240417.01,,priya70@gmail.com,Rejected,19-01-2016,22-07-2023,,17019.26,,,,"Mar 05, 2019",231968.7,
POL102223,H1896,Meena,,Motor,29420.96,238798.48,Delhi,meena9@ins.com,Approved,21-04-2023,"Jun 02, 2024",-451.37,13505.91,BEN417,Renewed,,"Aug 30, 2024",373946.97,
POL102202,H1884,Priya ,128,,,758548.93,Mumbai,priya9@yahoo.com,Not Filed,07-08-2022,12-09-2018,,6315.53,,,Invalid,24-12-2018,,
POL100170,H1310,kumar,65,Health,3106.72,302802.26,Mumbai,kumar4@gmail.com,Approved,"May 14, 2020",09-05-2024,-3952.88,12290.51,,Renewed,,05-01-2016,,
POL102519,H1221, JOHN,,Motor,78807.62,262561.48,,john76@yahoo.com,Approved,21-03-2020,06/22/2021,-5129.55,13824.16,,Renewed,Valid,12/20/2020,19368.2,
POL103365,H1320,arun,,Travel,,428338.89,,arun2@yahoo.com,Rejected,"Aug 03, 2018",08/23/2017,,14904.69,BEN622,Lapsed,,"May 24, 2023",24198.26,
POL100506,H1590,Priya ,25,Life,,,Mumbai,priya1@yahoo.com,Pending,04-11-2021,24-02-2016,2096111.39,1176.44,,Active,,12/28/2020,390900,65.95
POL101362,H1670,kumar,94,Travel,,-2404.62,Chennai,kumar28@ins.com,,"Nov 30, 2018",31-07-2024,,9615.39,,Expired,,"Sep 01, 2021",228713.84,6.02
POL102397,H1354,Priya ,20,,,366348.67,Delhi,priya83@gmail.com,Rejected,14-08-2024,07-12-2018,,15493.82,BEN118,Lapsed,,,208869.56,88.01
POL104278,H1570,kumar,,Home,32046.25,260458.14,Bengaluru,,,07-05-2018,09-04-2020,,15728.94,,Active,Valid,,373896.49,
POL100332,H1380,Priya ,75,lifee,,,Hyderabad,,Rejected,,20-12-2021,2659948.69,13757.84,,Active,,"Mar 07, 2018",127113.32,
POL104606,H1076,  raj,38,Motor,134111.66,291645.68,Chennai,raj82@ins.com,Pending,01/17/2021,,4916698,11908.71,,Expired,,,16843.14,
POL102045,H1196,Meena,51,,74796.13,,Bengaluru,meena86@yahoo.com,Pending,24-02-2021,26-09-2016,,7265.57,BEN397,Active,,,362278.14,82.24
POL101492,H1361,  raj,74,Health,,472990.63,,raj29@ins.com,,08/24/2020,"Mar 03, 2017",-8490.53,11002.24,,Active,,,390666.51,
POL100620,H1531,  raj,6,Motor,68400.63,98058.97,Bengaluru,raj16@gmail.com,Approved,,01-02-2021,,14923.27,,,Valid,"Oct 09, 2021",,
POL101605,H1110,kumar,36,Motor,,322484.12,Delhi,kumar6@ins.com,,10/17/2020,01/26/2022,2331264.34,10603.88,BEN803,,Valid,"Nov 22, 2020",297420.77,
POL101026,H1611,,68,Travel,,,Bengaluru,user67@ins.com,Approved,,"Mar 13, 2023",-9342.99,-931.76,BEN530,Expired,Invalid,10-12-2019,,79.91
POL102938,H1945,arun,,Life,,536973.49,Bengaluru,arun89@yahoo.com,,"Aug 10, 2022",16-04-2019,2010484.65,8216.69,,Active,,16-10-2017,69819.23,
POL103542,H1294,Priya ,88,Home,177865.45,201989.18,Hyderabad,priya34@gmail.com,,29-07-2019,04-01-2020,,2360.77,BEN204,Renewed,Valid,18-03-2025,,92.81
POL104848,H1867,Meena,59,healthh,145151.35,681143.27,Bengaluru,meena@gmail,Rejected,27-01-2019,"Jul 04, 2018",4024862.72,1055.56,,Active,,30-06-2022,29506.4,
POL104029,H1835,Meena,,Travel,14578.51,426022.59,,meena62@ins.com,Pending,27-12-2016,,,4834.39,BEN805,,Valid,09-06-2019,,22
POL101338,H1150,arun,,Home,,74332.37,Hyderabad,arun@gmail,Approved,02-10-2019,11/27/2016,,8467.71,BEN768,Expired,,"Jun 11, 2025",,
POL104635,H1322,kumar,,Motor,113954.46,723631.22,,kumar62@gmail.com,Pending,02-11-2019,,2258080.82,18297.95,,,,"Feb 16, 2022",,
POL102634,H1594,arun,64,Life,,,,arun33@ins.com,Not Filed,28-10-2024,06-07-2022,-7243.97,653.97,,Expired,,,154090.91,26.21
POL102493,H1551, JOHN,53,Motor,,273151.69,Mumbai,john22@yahoo.com,Approved,06/23/2016,04-07-2021,,12192.03,,Expired,Invalid,10-09-2020,37350.14,58.94
POL101956,H1736,  raj,124,Home,98992.68,,Hyderabad,raj98@gmail.com,Pending,19-06-2018,,,3636.18,BEN932,Expired,,,354727.95,
POL103855,H1522,Meena,77,,101750.53,,Mumbai,meena@gmail,,"Dec 14, 2019",05-09-2023,,16303.33,,Lapsed,Invalid,13-02-2021,13731.48,22.92
POL104607,H1429,,20,Travel,,,  chennai ,user18@ins.com,Pending,,25-03-2024,,16325.46,,,,30-03-2018,192118.28,
POL101398,H1422,kumar,17,lifee,49975.14,441486.44,Mumbai,kumar91@gmail.com,,31-01-2018,"Dec 06, 2016",771009.71,-1910.52,BEN508,Active,Valid,08-03-2024,328769.04,86.18
POL102509,H1439,arun,,Home,43887.34,41267.82,Bengaluru,arun61@yahoo.com,Pending,06/23/2024,02-04-2020,4505332.31,11302.96,BEN855,,,05-12-2024,79926,1.65
POL102920,H1077,arun,80,Life,,220163.46,Mumbai,arun35@yahoo.com,,02-03-2018,06/29/2017,767952.02,3009.35,,Active,Valid,18-01-2021,,45.22
POL103163,H1807,kumar,14,,,285801.29,Delhi,kumar84@gmail.com,Rejected,,08/17/2023,225713.6,-128.53,BEN959,Renewed,,,,
POL101368,H1861, JOHN,85,healthh,85920.43,688841.6,,john89@gmail.com,Pending,"Oct 04, 2022",,3607546.24,10962.04,,,,,,85.5
POL102149,H1888, JOHN,115,Motor,75723.07,451963.93,Mumbai,john50@yahoo.com,Pending,18-09-2024,"May 28, 2025",,4360.29,BEN989,Lapsed,,"Aug 19, 2019",,70.49
POL104889,H1234, JOHN,29,lifee,173965.77,,Hyderabad,john52@gmail.com,Rejected,09/15/2016,"Dec 23, 2017",1273965.84,14549.46,,,Invalid,15-07-2025,,
POL104749,H1939,  raj,81,Motor,,,Hyderabad,raj98@gmail.com,Approved,18-04-2018,21-02-2017,-8364.34,-314.35,,Active,Invalid,07-01-2020,121915.72,
POL104151,H1699,,,Life,,238588.36,Delhi,user9@ins.com,Approved,,05-04-2017,-8006.08,11988.88,,Expired,Invalid,23-04-2024,196949.12,
POL102610,H1074, JOHN,80,,,329170.27,Delhi,john@gmail,Pending,03-09-2018,02/26/2018,-3161.44,11663.62,BEN336,Active,Valid,27-08-2023,,
POL102556,H1898,  raj,76,healthh,114918.17,589078.87,Bengaluru,,Pending,"Dec 26, 2019",15-07-2022,,9427.62,BEN287,Active,Valid,22-07-2022,,
POL103283,H1581,  raj,59,Travel,,741832.45,  chennai ,raj48@ins.com,Not Filed,"May 01, 2025",05/20/2017,-1280.12,19151,,Lapsed,Valid,"Feb 03, 2019",35741.84,
POL101707,H1963,,,,9223.69,471055.05,Delhi,user68@gmail.com,Approved,05/20/2024,"Aug 17, 2017",-7749.61,-959.45,,Active,,11/24/2024,,
POL103086,H1047,Priya ,27,Travel,46175.42,,  chennai ,priya33@yahoo.com,,26-03-2018,"Feb 07, 2017",-3880.97,16274.45,BEN332,Lapsed,Invalid,,25265.13,7.5
POL102466,H1008,Meena,68,Life,156041.57,156096.91,Bengaluru,meena71@yahoo.com,Rejected,,16-01-2018,,2797.38,,,,21-09-2020,228019.22,
POL102506,H1126,  raj,88,,84399.66,87858.64,Hyderabad,raj98@gmail.com,Rejected,10/23/2019,03-03-2024,-878.26,10929.04,BEN334,Lapsed,Invalid,23-02-2017,237879.94,
POL100916,H1194,arun,114,,,,Delhi,arun73@gmail.com,Not Filed,13-01-2018,10/30/2020,-9776.53,14888.17,BEN783,,Valid,"Dec 18, 2016",,80.46
POL102179,H1422,Meena,54,Motor,96388.72,,Mumbai,meena15@yahoo.com,Rejected,06-12-2017,07/30/2021,-611.25,3566.98,,,,03-04-2023,,
POL104154,H1144, JOHN,53,Home,65837.04,443617.07,Chennai,,Pending,"Dec 07, 2018",,2868878.08,19966.15,,,Valid,,,
POL104315,H1152,,65,healthh,56602.77,516980.18,Bengaluru,user7@ins.com,,08-05-2023,10-10-2022,1078863.59,4592.17,,Renewed,Invalid,"Jul 27, 2024",369813.07,80.76
POL100091,H1489,arun,53,Health,16156.31,,,arun68@yahoo.com,Approved,,10-01-2024,-2775.68,14461.91,,,,16-07-2016,,
POL101163,H1991,arun,71,lifee,44928.6,,Bengaluru,arun59@yahoo.com,Pending,"Jan 05, 2017",02/23/2021,-4959.96,3195.3,,,,02-05-2018,,
POL103673,H1535,Priya ,53,Health,131744.27,690289.25,Mumbai,priya86@ins.com,,30-06-2023,10-06-2016,,2721.62,BEN871,Renewed,,"Apr 25, 2025",352171.45,60.49
POL100912,H1896,  raj,90,lifee,86139.99,186439.65,Chennai,raj75@gmail.com,Not Filed,,11/30/2017,-6378.75,149.86,,Active,Invalid,,309364.97,
POL103217,H1404,kumar,68,,,555355.22,Delhi,kumar16@yahoo.com,Not Filed,"Aug 25, 2017",08-03-2016,3652573.54,12464.31,,Active,Invalid,06/19/2021,,
POL102219,H1104,kumar,100,lifee,,,Chennai,kumar30@gmail.com,,"Aug 12, 2023","Feb 26, 2017",1641968.57,17608.38,,Lapsed,,04-03-2023,,
POL101909,H1319,kumar,67,Travel,15398.08,127830.82,,kumar28@gmail.com,,23-11-2024,,,14731.98,,Renewed,,"Jan 05, 2017",275930.72,77.86
POL101660,H1127,,44,Motor,,,Mumbai,user58@gmail.com,,"Feb 09, 2019",12-05-2019,,9226.17,,Active,,24-07-2016,,92.12
POL104666,H1948,  raj,37,,88308.71,335763.85,Delhi,raj@gmail,,31-12-2024,28-10-2021,,11459.84,BEN447,,Invalid,02-12-2022,,
POL103658,H1507, JOHN,10,,148937.79,390726.79,  chennai ,,Pending,11-08-2016,"Jun 01, 2017",-628.16,7006.94,,,,05-05-2023,307541.52,
POL102778,H1401,  raj,39,Home,,528745.53,Hyderabad,raj1@yahoo.com,Rejected,,09/30/2017,,4955.53,BEN818,Expired,Valid,17-03-2025,135688.52,
POL103366,H1998,,86,Motor,,,Delhi,,Not Filed,,03/30/2022,2072209.75,11950.79,,,Valid,18-11-2019,,
POL100124,H1240,arun,74,,13044.07,248686.67,Chennai,arun72@yahoo.com,Approved,03-04-2021,,-3624.62,10371.32,,Renewed,,03-04-2019,,84.43
POL102410,H1475,kumar,76,healthh,,498796.33,  chennai ,kumar58@gmail.com,Rejected,04/28/2021,"Mar 08, 2021",-1045.02,143.75,,,Invalid,,214138.59,49.11
POL104454,H1552,Priya ,23,Motor,14823,411193.48,Hyderabad,priya58@gmail.com,Pending,"Oct 24, 2021","Jun 30, 2017",858607.84,2660.67,BEN597,Active,Invalid,03-05-2022,27328.2,
POL104175,H1700,arun,,,37215.55,496547.91,  chennai ,arun98@ins.com,Pending,,30-01-2023,1261211.47,6646.42,,,Valid,,371107.9,
POL102326,H1316,kumar,74,Life,,446482.8,Mumbai,kumar89@ins.com,,"Apr 10, 2025",07-04-2023,,1837.52,BEN640,,,,245013.43,
POL102337,H1252,,58,lifee,96536.23,,Mumbai,user75@ins.com,Pending,08-10-2024,08-10-2017,,10062.74,,Renewed,Valid,"Feb 24, 2021",236416.4,74.54
POL103091,H1313,  raj,3,healthh,65487.99,221838.28,,raj59@yahoo.com,Pending,"Jul 01, 2020",26-06-2016,-5564.54,3977.94,,,,10/28/2023,,
POL103215,H1784,arun,70,lifee,80716,271516.39,Mumbai,arun71@ins.com,Pending,08/23/2021,01-07-2017,1112558.37,7870.19,,Renewed,,22-03-2022,295737.01,72.74
POL101380,H1598,,54,,77438.65,266702.28,Chennai,user22@gmail.com,Not Filed,23-10-2021,10-07-2017,-5850.58,-1679.74,,Active,Invalid,03/24/2019,,79.21
POL104209,H1526,kumar,36,lifee,,306946.05,Bengaluru,,Pending,,12-11-2019,-1984.55,9857.36,BEN862,,,04-02-2018,,69.09
POL101042,H1626,  raj,,Life,,171414.79,Mumbai,raj62@gmail.com,Approved,04-07-2022,03/28/2024,-7998.94,10644.63,BEN125,,,15-11-2022,159776.18,
POL102800,H1333,kumar,41,Health,73606.41,225852.36,Delhi,kumar13@ins.com,Pending,02-05-2025,24-05-2024,-2299.19,2474.2,BEN579,,,28-11-2019,,
POL103236,H1328, JOHN,,Life,48434.08,350875.41,Chennai,john44@yahoo.com,Not Filed,17-12-2022,15-02-2016,1919174.09,4726.66,BEN348,,Invalid,,4310.2,48.1
POL102064,H1864,  raj,104,Travel,5488.05,487538.49,Delhi,raj62@gmail.com,Pending,09-07-2025,,,6645.66,BEN523,Active,,"Jun 08, 2017",254122.62,26.99
POL102475,H1747,  raj,78,Travel,40342.91,126610.81,Bengaluru,raj80@yahoo.com,,,13-01-2020,,8926.77,,,Valid,"Nov 17, 2024",210463.65,28.27
POL101055,H1533,Meena,51,lifee,54608.9,,  chennai ,meena96@ins.com,Approved,15-08-2020,,,15376.01,BEN111,Active,Valid,24-01-2021,342226.87,
POL100339,H1175,,62,Home,,251620.08,Hyderabad,user89@ins.com,Pending,11/28/2024,05-12-2023,874895,1120.34,,Renewed,,11-12-2021,8330.74,
POL103422,H1732,Meena,35,Motor,79024.05,62570.47,Mumbai,meena@gmail,Approved,11-02-2018,13-01-2016,,7356.54,,Lapsed,Invalid,10-02-2024,121676.08,83.08
POL102144,H1149,arun,128,,,455230.93,Bengaluru,arun33@yahoo.com,Rejected,,19-10-2024,,-1722.76,BEN420,,,06-09-2016,,37.67
POL103594,H1182, JOHN,23,Home,,229105.35,  chennai ,john83@gmail.com,Rejected,"Apr 18, 2020","Aug 16, 2024",4107187.76,15651.11,BEN700,,,27-08-2023,192858.33,95.92
POL104654,H1540,kumar,103,Travel,75206.59,84882.97,Mumbai,kumar34@yahoo.com,Pending,"Jul 16, 2017",,-7626.25,19883.6,BEN297,Active,,"Dec 06, 2016",277060.16,41.59
POL100723,H1095,arun,51,Life,2616.14,,Delhi,arun88@yahoo.com,Not Filed,30-08-2022,"Sep 29, 2019",4879301.47,4190.36,,,,06-08-2017,5890.15,
POL101954,H1523,Meena,65,,96863.94,,Delhi,meena52@ins.com,Rejected,03-07-2020,20-09-2018,-528.24,10705.09,,Active,Valid,"Jul 05, 2023",,
POL103537,H1203, JOHN,78,,19870.48,689982.36,Mumbai,john81@gmail.com,Not Filed,,,-5564.66,2145.88,BEN509,Renewed,,"Dec 05, 2021",,4.36
POL100003,H1408, JOHN,35,,,79991,Bengaluru,john77@gmail.com,,05/23/2019,,-9885.19,520.14,,,,22-01-2020,,45.37
POL100501,H1194,Meena,26,Travel,166074.79,443753.5,,meena5@gmail.com,Pending,01-12-2021,,1809336.23,12271.77,,Active,,"Aug 28, 2020",,
POL101807,H1565,kumar,80,Health,69590.28,146539.09,,kumar96@ins.com,Approved,13-03-2018,"Aug 21, 2018",-7610.12,478.84,,,Invalid,03-09-2016,145621.7,
POL100310,H1126,arun,31,Home,16026.05,,Mumbai,arun84@gmail.com,Pending,"Aug 22, 2024",15-08-2024,,238.2,,Active,,09-11-2022,,
POL101227,H1850,Priya ,62,Health,,752739.61,Bengaluru,priya2@ins.com,Not Filed,"Mar 14, 2021",09-11-2022,,10554.7,,Expired,,04-08-2023,334741.94,
POL102287,H1079,Priya ,67,Home,86928.06,,Delhi,priya12@yahoo.com,Pending,22-10-2024,,,14276.32,BEN434,,,07-08-2018,,
POL103312,H1177,kumar,23,Motor,,551152.32,,kumar15@ins.com,,10-03-2019,22-08-2023,,14981.42,,Expired,,16-08-2019,321268.73,
POL104092,H1719, JOHN,,Travel,30932.02,302346.44,,john17@yahoo.com,,20-07-2019,,-4819.49,8.76,BEN590,Active,,12-07-2024,,
POL103960,H1201,Meena,72,Travel,,578904.49,  chennai ,meena88@ins.com,Not Filed,"Jul 18, 2020","Jul 15, 2019",-2229.65,5153.11,BEN769,Expired,,"Aug 18, 2017",,78.19
POL102630,H1012,Priya ,38,lifee,8784.96,528070.45,Bengaluru,priya90@gmail.com,Rejected,06-02-2023,,,16607.51,,,Valid,06-01-2017,,5.99
POL101592,H1599,Priya ,45,Motor,88443.13,370631.84,  chennai ,priya@gmail,Not Filed,"Sep 11, 2017",01-06-2018,299759.98,12563.91,,Lapsed,,03-07-2018,,75.76
POL103853,H1394, JOHN,,Motor,19945.21,726597.8,Bengaluru,john26@ins.com,Rejected,17-06-2016,,-6754.91,10041.41,,Renewed,,"May 13, 2025",271690.14,11.45
POL103119,H1628,Meena,56,healthh,154352.98,,Bengaluru,meena72@yahoo.com,Not Filed,13-12-2020,14-12-2019,3327892.34,2444.38,,,Valid,02-11-2020,,43.03
POL101945,H1453,  raj,76,Health,137676.09,,Hyderabad,raj97@gmail.com,Pending,20-05-2025,05-05-2021,,2571.48,,,Valid,"Mar 04, 2022",,66.43
POL101049,H1153,  raj,20,Motor,,188021.56,,raj50@yahoo.com,Not Filed,20-02-2020,08-02-2018,891558.68,18198.73,,,Invalid,,391875.41,
POL102897,H1273,  raj,60,Home,,243865.55,  chennai ,,,13-01-2021,14-08-2019,3022776.28,5408.21,,,,05/19/2022,,5.37
POL100347,H1485,arun,,Life,184839.11,410135.48,Delhi,arun85@yahoo.com,Approved,"Aug 26, 2017",12-11-2017,-8151.92,12464.24,,,Invalid,"Jan 25, 2023",192186.59,66.75
POL101996,H1741,arun,93,healthh,181804.99,38054.41,Chennai,,Pending,"Aug 25, 2019",12-07-2020,,10091.17,BEN954,Active,Valid,02/21/2025,,
POL100103,H1606, JOHN,21,lifee,56578.85,758436.65,Hyderabad,john12@ins.com,Pending,,25-11-2022,148643.55,18193.72,BEN306,Lapsed,Invalid,05/23/2021,,
POL101279,H1638, JOHN,9,healthh,54593.86,,,john42@ins.com,Pending,13-07-2020,03-10-2024,163686.31,17653.6,,Renewed,,02-07-2019,366741.62,
POL104852,H1348, JOHN,,lifee,24449.45,54274.75,Delhi,john88@ins.com,Pending,22-02-2020,24-07-2021,,9501.45,BEN343,,Valid,10/28/2018,,66.38
POL103982,H1079,  raj,59,healthh,78545.86,,Hyderabad,raj48@yahoo.com,Rejected,11-12-2020,"Jul 15, 2023",438208.12,1066.6,,,Invalid,06-02-2023,,
POL104990,H1297,Priya ,83,healthh,,,Hyderabad,priya4@ins.com,,09-08-2016,,4511075.79,11479.15,BEN411,Active,Valid,14-01-2022,,89
POL101258,H1933,Priya ,114,Health,7167.54,235260.14,Mumbai,priya61@ins.com,Not Filed,08-09-2020,14-04-2020,196335.28,6678.66,,,,,158451.2,75.43
POL103012,H1439, JOHN,84,healthh,184022.13,437819.03,Mumbai,john86@yahoo.com,,,11-02-2016,,11478.81,BEN738,Active,,13-08-2019,,65.9
POL104384,H1925,,,Health,65362.79,484748.79,Bengaluru,user91@yahoo.com,Approved,07-12-2022,"Jun 01, 2020",,7604.64,,Renewed,,20-02-2018,303048.67,
POL102521,H1042,Priya ,56,lifee,,643963.79,,priya95@ins.com,Not Filed,27-05-2016,15-02-2019,-8833,10268.15,BEN899,Active,,29-04-2018,,40.28
POL102153,H1882, JOHN,53,,90324.39,458271.79,Mumbai,john61@yahoo.com,Approved,10-07-2016,09-06-2021,,4382.28,BEN752,Renewed,Invalid,26-01-2025,,77.65
POL103120,H1394, JOHN,,Life,38968.23,202377.11,Bengaluru,john60@ins.com,Pending,18-06-2019,20-12-2016,586189.41,14921.6,,Expired,,15-02-2021,129155.15,3.82
POL102884,H1006,Meena,34,healthh,,,,meena86@yahoo.com,,"Mar 13, 2022",12-12-2023,,7536.62,,Active,,,200592.82,17.55
POL100815,H1335,Meena,,Home,,417048.18,  chennai ,meena22@gmail.com,Not Filed,07-12-2022,18-12-2018,-7871.05,1176.78,,,,11/24/2023,,84.83
POL100017,H1214,,,Health,21528.22,319731.75,Chennai,,Pending,09/18/2024,01-01-2023,-2431.52,2192.69,BEN792,,Invalid,05-02-2020,277409.9,
POL102320,H1390,,56,,81871.03,433231.5,Chennai,user15@yahoo.com,Approved,,01/22/2023,-8612.79,15697.55,BEN411,,Valid,23-09-2022,,
POL102757,H1701, JOHN,,Health,57387.1,257778.34,Bengaluru,john32@yahoo.com,Pending,07/20/2017,"Dec 04, 2017",-5549.8,7043.09,,Active,Invalid,27-05-2019,65386.5,21.35
POL104408,H1604,Meena,107,lifee,6701.4,,Delhi,meena97@gmail.com,,14-05-2021,01/13/2020,,16421.81,BEN189,Lapsed,,03-03-2018,250918.52,
POL103167,H1475,,50,lifee,183514.91,442395,Delhi,user16@gmail.com,,,"Feb 04, 2022",1015286.57,11135.46,BEN757,,Invalid,07-07-2024,,66
POL103068,H1627, JOHN,19,Life,125646.43,175449.25,Hyderabad,john50@gmail.com,Approved,12-05-2023,,,2958.05,BEN192,Renewed,Valid,06-12-2018,387103.25,46.09
POL100944,H1453, JOHN,46,Travel,23504.17,317197.64,  chennai ,john76@ins.com,,10-02-2023,12-11-2022,,5356.23,BEN302,,Valid,03-03-2020,98509.32,23.24
POL101158,H1948,,,Health,,,Chennai,user9@yahoo.com,Not Filed,24-02-2022,20-12-2019,3343065.07,-861.73,BEN737,Expired,,"Dec 14, 2022",,
POL100584,H1878,,21,healthh,50763.07,723527.4,Mumbai,user86@gmail.com,Rejected,02/16/2018,"Nov 05, 2018",-4682.63,17338.18,BEN804,Renewed,Invalid,"Dec 11, 2017",,1.56
POL104736,H1183, JOHN,43,lifee,90513.19,235385.57,  chennai ,john62@ins.com,Approved,,09/21/2019,4257713.52,8921.92,BEN779,Lapsed,,10/25/2017,,
POL103305,H1920,,18,Life,162513.47,170873.1,Delhi,user@gmail,,,"Mar 31, 2022",,16755.3,BEN968,Lapsed,Valid,21-11-2018,,94.93
POL102538,H1505,arun,69,,27354.14,389029.71,Bengaluru,arun62@gmail.com,Pending,"Jun 22, 2020",21-06-2020,3063839.24,12419.83,BEN143,Renewed,Valid,,,61.38
POL103650,H1251,,,Life,90017.62,572057.96,Mumbai,user35@gmail.com,,01/19/2023,,-3676.99,10763.19,,,,16-05-2019,94116.04,
POL101966,H1846,arun,,Home,58557.84,7381.7,,,,06-07-2018,"Feb 17, 2021",,8884.66,,Renewed,,12-04-2018,5913.81,94.01
POL102822,H1586,,75,Health,,62.08,Bengaluru,user83@ins.com,Approved,,17-01-2025,-2206.15,15094.46,BEN599,,Valid,09/19/2019,,
POL101198,H1465,  raj,49,Motor,,,Mumbai,,Approved,08-01-2016,30-12-2022,,7397.91,,,Valid,20-04-2017,,
POL100252,H1093,arun,,Motor,,,Chennai,arun4@yahoo.com,Approved,12/16/2019,"Jul 14, 2022",538783.87,3674.55,BEN947,Active,Invalid,28-02-2020,,49.3
POL104711,H1001,Priya ,119,Home,50628.43,,Delhi,priya36@ins.com,Approved,11/28/2023,,-5456.62,17967.55,,Lapsed,Invalid,,326044.6,
POL104282,H1646,Meena,,healthh,,,Chennai,meena22@ins.com,,,"Nov 28, 2023",-8359.22,4795.54,,Active,Invalid,"May 14, 2023",,
POL101500,H1267,,,Home,,,  chennai ,user58@ins.com,,23-01-2016,22-08-2016,1228113.66,7235.19,BEN523,Active,Valid,06-11-2024,,
POL100256,H1385,,86,Life,,,  chennai ,user46@ins.com,Approved,,01-01-2021,4051651.75,19280.52,,Renewed,Invalid,07-08-2024,78434.72,11.09
POL102686,H1773,kumar,,healthh,,458599.27,Chennai,kumar51@yahoo.com,,03/31/2020,"Nov 06, 2023",-5163.73,3842.31,BEN198,Active,Valid,28-06-2020,51971.92,37.63
POL102543,H1546,Priya ,19,Home,,12772.35,Hyderabad,priya36@yahoo.com,,15-11-2017,11/27/2023,,12096.84,,Renewed,,02-04-2022,,
POL103471,H1131,kumar,77,lifee,32395.2,341933.79,Hyderabad,kumar68@ins.com,Not Filed,"Jun 12, 2021",12-04-2016,1865185.16,11935.2,,Lapsed,,"Sep 19, 2018",,51.93
POL102505,H1163,,106,Motor,31084.73,557330.76,Hyderabad,user6@gmail.com,Pending,,,,5197.54,,Renewed,,26-02-2020,,90.16
POL104343,H1387, JOHN,,Travel,52508.95,568443.15,,john28@gmail.com,,17-09-2021,06/23/2020,3422323.99,17342.76,,Expired,,,216425.34,8.21
POL103238,H1512,Meena,,lifee,,,Delhi,,,,02/24/2020,-4961.57,14929.34,,,,,125473.37,
POL100029,H1792,Meena,18,Home,,719529.41,Mumbai,,Pending,,"May 22, 2024",-6617.06,13097.74,,Expired,Invalid,25-11-2016,322365.86,49.96
POL100551,H1921, JOHN,,Home,36637.15,,  chennai ,john@gmail,Pending,,30-03-2017,-2244.82,14321.83,,,Invalid,01-02-2024,,
POL102797,H1771,  raj,,Health,,755483.84,,raj34@gmail.com,Approved,11/18/2021,07-10-2017,-1683.39,5774.49,BEN822,Expired,,,220386.97,96.49
POL104745,H1149,Priya ,18,,,543795.53,Bengaluru,priya5@gmail.com,Not Filed,"Mar 26, 2018",,-3222.23,8359.61,,Lapsed,Invalid,16-11-2022,,
POL102037,H1591,kumar,49,,61348.13,394188.37,Chennai,kumar67@ins.com,Approved,"Oct 27, 2022",,-4363.32,706.37,BEN552,Lapsed,,"Sep 09, 2023",59585.9,
POL100399,H1740,,,Travel,,,,user23@gmail.com,,25-03-2025,,,3387,BEN839,Active,Valid,"Jul 01, 2022",346825.09,
POL104263,H1943,  raj,58,Life,,358778.83,Delhi,raj18@gmail.com,Rejected,02-07-2020,18-09-2018,3124758.61,8490.41,,Renewed,Valid,"Apr 16, 2021",209190.67,27.37
POL102171,H1366,arun,50,lifee,,128325.77,Mumbai,arun69@ins.com,Approved,14-12-2023,30-05-2020,,18027.43,BEN926,Renewed,Invalid,15-06-2018,193505.61,68.53
POL102504,H1707,  raj,24,,,523133.25,  chennai ,raj35@yahoo.com,Rejected,01-11-2016,,,9528.25,,,Invalid,"May 09, 2025",,37.74
POL103350,H1364,Priya ,104,Travel,76467.04,241038.64,Bengaluru,,Approved,10-09-2023,03-03-2021,,14666.18,,,Valid,"Nov 05, 2020",118627.01,
POL104793,H1260, JOHN,63,healthh,81763.39,41257.24,  chennai ,john98@yahoo.com,Not Filed,"Aug 30, 2017",09-04-2021,-9298.96,16630.95,BEN982,Expired,Valid,01/17/2020,240231.41,83.29
POL101264,H1569,  raj,102,Motor,81017.08,415957.61,Mumbai,raj16@ins.com,Not Filed,,,3224624.01,18059.52,,,Valid,,,63.82
POL103910,H1246,  raj,,,7898.39,,Chennai,raj39@gmail.com,Approved,"Nov 11, 2017",01-09-2021,-1805.63,17846.48,,Renewed,,12-06-2018,,
POL101924,H1047, JOHN,94,Life,182981.03,,Hyderabad,john56@yahoo.com,,,"Aug 30, 2017",482675.82,11942.35,,Expired,,02-06-2020,,30.14
POL104798,H1364, JOHN,,Travel,85838.54,278914.4,  chennai ,john58@gmail.com,Approved,"May 27, 2021",,3659252.04,10619.72,BEN873,Renewed,Invalid,08-06-2018,180666.7,58.13
POL100296,H1174, JOHN,,healthh,,356611.33,Mumbai,john35@ins.com,,02-04-2025,26-05-2018,3407165.36,2028.3,,,,10/25/2018,,
POL103698,H1538,,46,Life,164669.42,,Mumbai,user15@ins.com,Not Filed,"Aug 11, 2019",,,-1262.14,,Active,Valid,19-11-2017,352575.49,
POL102942,H1754,arun,,Life,54664.11,672605.78,Bengaluru,arun15@yahoo.com,Approved,"Mar 12, 2019","Feb 19, 2021",,2035.69,,Expired,Valid,20-07-2023,,4.42
POL103559,H1427,  raj,68,Motor,180871.44,94069.29,Hyderabad,raj45@ins.com,Approved,"Jan 29, 2022","Aug 21, 2016",3538329.5,2704.76,BEN266,Lapsed,Invalid,"Mar 03, 2018",66183.58,98.3
POL101222,H1442, JOHN,77,Life,1185.32,436511.2,Hyderabad,john43@gmail.com,Not Filed,15-06-2025,27-05-2024,2535426.99,11180.56,BEN454,Active,,"May 16, 2023",,
POL103212,H1868, JOHN,,Travel,1368.96,288577.96,,john30@gmail.com,,01-12-2019,12/19/2019,,4351.25,BEN123,Active,Invalid,30-08-2024,,
POL100856,H1248,kumar,71,Motor,,81188.91,Delhi,kumar60@ins.com,,,24-12-2023,-6687.65,-1465.78,,Lapsed,Invalid,03-04-2024,,
POL103017,H1653,,44,,72289.56,,,user70@yahoo.com,Rejected,30-05-2018,"Aug 15, 2024",543431.29,11512.11,,Lapsed,Valid,,,46.58
POL103524,H1735,Meena,37,Life,-3446.1,48780.52,,meena60@gmail.com,,"May 11, 2024","Apr 20, 2025",,14533.49,,,,15-08-2022,,81.83
POL101730,H1080,Meena,,healthh,96565.89,,,meena73@yahoo.com,Approved,,09-08-2020,-1819.41,8122.71,BEN498,Expired,Invalid,19-12-2024,,3.61
POL104913,H1572,Meena,,Travel,49547.95,,  chennai ,,,"Aug 25, 2018",11-05-2022,4168434.4,17333.88,,,,02-09-2016,239627.15,
POL101652,H1868, JOHN,67,Motor,32998.34,489775.56,Hyderabad,john58@yahoo.com,,"May 11, 2021","Aug 22, 2024",,-752.01,BEN623,Lapsed,Valid,,343412.97,52.24
POL103506,H1536,Priya ,11,Travel,98213.33,,Hyderabad,priya88@gmail.com,Rejected,"Jan 21, 2016",,117257.91,-1853.68,,Expired,Valid,,242346.85,
POL101150,H1449,,,Motor,,134855.76,Hyderabad,user5@ins.com,Pending,23-07-2016,04-08-2017,,16160.5,BEN623,,Invalid,04/28/2020,,
POL100837,H1931,Priya ,102,Life,35190.58,572803.08,Delhi,priya27@ins.com,Rejected,10/19/2023,,2526948.75,17677.48,BEN714,Active,,,,81.82
POL100892,H1547,,15,lifee,125727.57,163934.18,  chennai ,user67@gmail.com,,11-12-2020,10-01-2016,4857071.73,5266.43,,Active,,"Sep 10, 2018",,
POL104480,H1697,Meena,27,Health,38893.11,415129.6,Mumbai,meena81@yahoo.com,Approved,01-07-2018,"Sep 25, 2020",2093096.88,3480.49,BEN774,Expired,,01-09-2018,12048.41,32.18
POL103896,H1600,arun,,,,,  chennai ,arun72@gmail.com,Rejected,29-04-2018,,,15452.83,,Expired,,"Nov 29, 2023",281852.69,71.35
POL100029,H1204,  raj,30,healthh,38751.14,269183.2,Mumbai,raj5@yahoo.com,,16-07-2020,03-04-2025,,11978.44,,,Valid,29-09-2020,,
POL104042,H1395, JOHN,55,Travel,37423.4,311377.05,Delhi,john26@ins.com,Approved,13-01-2025,24-11-2020,-2577.69,19866.31,,,,04/24/2024,,
POL103331,H1110,kumar,70,Home,95713.4,365294.33,Delhi,kumar93@gmail.com,,07-09-2017,05-08-2018,-5051.31,5055.64,,Lapsed,Valid,,,
POL101654,H1735,Priya ,91,Life,8345.79,482568.5,Bengaluru,priya85@gmail.com,Approved,10-09-2020,07-12-2016,,6527.31,,Expired,Invalid,,356983.63,
POL101544,H1483, JOHN,47,lifee,45908.26,,Bengaluru,,Approved,28-04-2017,30-08-2018,-9552.35,-1433.06,,Active,Valid,12-01-2025,,
POL101571,H1733,arun,42,Home,1894,,Delhi,arun82@gmail.com,Not Filed,,08-05-2020,-1811.07,-1008.12,BEN589,Expired,,"Aug 23, 2020",,15.34
POL103503,H1057,Meena,,Home,82533.75,760969.3,Chennai,meena16@ins.com,Pending,"Sep 22, 2020",01-02-2024,,8895.32,,Active,,"Sep 12, 2020",283621.03,30.69
POL100540,H1129,arun,22,Travel,54457.09,345703.22,Delhi,arun78@gmail.com,,,,,4238.45,,,,17-03-2017,278112.15,
POL102194,H1251,arun,0,Travel,16517.42,436693.79,Delhi,arun19@ins.com,,"Aug 28, 2022",09-07-2017,,12603.78,,Expired,Invalid,,,
POL101336,H1366,,103,Life,6850.59,743558.28,  chennai ,user8@yahoo.com,Not Filed,,07-12-2022,4266412.05,17141.53,,,Invalid,11-09-2020,,83.62
POL102172,H1504, JOHN,31,healthh,176449.05,,Bengaluru,john55@gmail.com,,"Jan 02, 2020",,-3036.97,2632.05,,Active,Valid,05-07-2017,,
POL100888,H1705,,,Health,12786.55,399417.85,  chennai ,user10@gmail.com,,09-04-2020,"Oct 17, 2019",-766.83,12142.4,,,,19-02-2023,112265.65,73.31
POL102029,H1853,,17,Home,,,Delhi,user46@gmail.com,Rejected,08/29/2018,07/24/2018,-2414.67,693.94,BEN552,,Invalid,23-11-2019,26873.28,69.79
POL104171,H1963,Priya ,101,Home,189059.93,,Chennai,priya63@gmail.com,Approved,18-08-2022,17-08-2024,,-217.97,,Expired,Invalid,01-07-2018,298795.06,
POL100459,H1571,arun,,Life,,763308.92,Delhi,arun51@ins.com,,03/24/2024,"Dec 25, 2024",166390.02,10100.68,BEN141,,Valid,11-09-2018,91802.4,
POL102214,H1966,Priya ,48,lifee,17029.33,170681.91,Mumbai,priya47@gmail.com,Not Filed,,"Mar 15, 2023",,3666.87,,,Invalid,25-05-2018,,
POL102812,H1413,,49,healthh,43834.38,339122.09,Hyderabad,user@gmail,Approved,"Jul 17, 2024",07/20/2017,-4621.56,3352.02,BEN255,,,10/27/2017,,24.4
POL100661,H1797,  raj,,Motor,27434.64,434190.13,Hyderabad,raj71@gmail.com,Pending,03-11-2023,,3359537.26,1078.75,,Active,,29-09-2023,390999.35,
POL101462,H1963,kumar,,lifee,60465.35,,Chennai,kumar86@yahoo.com,Approved,11/28/2021,"May 04, 2021",343627.67,8534.59,,,,30-12-2022,20317.34,
POL102113,H1976,Priya ,,Life,,195086.01,,priya13@gmail.com,Not Filed,24-03-2025,06-10-2021,-4593.04,530.55,BEN874,Renewed,Valid,07/16/2019,,
POL102380,H1443,Priya ,79,,44758.4,387415.04,Mumbai,priya67@ins.com,Pending,"Jan 19, 2023",12-04-2023,-3424.76,2888.33,BEN415,Renewed,,30-04-2020,,
POL103168,H1167,kumar,21,healthh,,338634.31,Bengaluru,kumar39@ins.com,,02-10-2018,01/20/2024,3920707.45,19777.2,BEN627,Renewed,,01-06-2024,157578.42,
POL100700,H1786,Priya ,49,Motor,12593.4,496657.1,,priya59@gmail.com,Not Filed,"Sep 06, 2020",31-08-2018,-5575.16,5843.16,,,Valid,21-08-2024,231225.67,
POL101348,H1499,arun,-2,lifee,94360.93,99785.76,Hyderabad,arun66@ins.com,,,01-06-2022,-2539.68,19833.51,BEN159,,,"Apr 24, 2022",,96.15
POL101961,H1737,Priya ,25,Motor,42801.77,572032.59,  chennai ,priya93@gmail.com,,09-05-2020,04-07-2023,2672999.24,11335.34,,Expired,Valid,11-10-2020,14244.28,21.2
POL102201,H1693,  raj,41,Motor,94138.76,234423.19,,raj38@gmail.com,Not Filed,"Aug 25, 2022",24-05-2016,-1885.99,10286.86,BEN275,Active,Valid,21-04-2025,196145.97,51.17
POL103252,H1896,kumar,23,Home,38302.93,77298.3,Delhi,kumar91@ins.com,Rejected,,07-03-2021,-2807.56,858.72,BEN839,Expired,Valid,06/24/2016,65909.2,51.86
POL103928,H1747,kumar,74,,181706.28,,Hyderabad,kumar85@yahoo.com,Not Filed,,,1344334.54,3641.6,,,,09-10-2024,286552.53,
POL100814,H1869,kumar,,,,,Hyderabad,kumar96@ins.com,Rejected,06-12-2021,24-11-2018,,4025.95,,Expired,,16-07-2016,288058.51,24.66
POL100822,H1613,  raj,,Travel,48135.4,51640.75,Hyderabad,raj53@gmail.com,,17-12-2022,10-10-2022,,-1092.63,,,Valid,"Nov 23, 2024",,70.03
POL102814,H1709,kumar,,lifee,,,Hyderabad,kumar75@gmail.com,Rejected,12-03-2020,,2198301.71,-612.99,BEN327,,,07-06-2022,,
POL104403,H1706,arun,2,,,,Bengaluru,arun59@gmail.com,Rejected,24-08-2017,13-05-2020,,2137.8,,,Valid,"Sep 16, 2022",,76.82
POL101532,H1081,  raj,26,Life,17373,416587.66,Hyderabad,raj14@ins.com,,,"Jun 24, 2017",,-1438.59,,Active,Valid,19-06-2016,,68.77
POL102717,H1325,,89,Motor,,471841.44,Delhi,user78@gmail.com,Not Filed,"Jul 01, 2023",13-12-2024,1112247.38,5072.46,,Expired,,10-04-2024,,47.71
POL102984,H1928,Meena,68,Life,47118.48,432805.98,Delhi,meena@gmail,Not Filed,08-10-2024,08-03-2017,-652.38,18192.66,,Expired,Invalid,,327964.57,
POL103465,H1238,Meena,20,Home,156840.45,395736.53,Hyderabad,meena75@yahoo.com,Rejected,,,-7415.02,4310.57,,,Invalid,08/30/2021,,
POL103196,H1795,,92,Travel,41871.57,394101.17,Delhi,user16@ins.com,Rejected,06-08-2017,"Jun 06, 2018",,17096.47,,,Invalid,07/26/2016,83632.19,28.36
POL103703,H1975,  raj,28,Travel,98376.4,420133.47,Mumbai,raj21@gmail.com,,06-11-2016,20-06-2017,-1597.03,-1747.12,,,,04-10-2021,379023.61,46.14
POL103277,H1272,Priya ,54,healthh,187359.7,,Delhi,priya11@gmail.com,Pending,31-05-2021,12/17/2022,,19052.21,BEN575,Lapsed,Invalid,,,
POL102574,H1211,arun,,Home,,141058.92,Hyderabad,arun7@yahoo.com,Not Filed,"Oct 12, 2022",,-8549.57,9025.19,,Active,Valid,02-10-2024,58786.69,
POL101791,H1132,,,lifee,98045.84,118726.12,Bengaluru,user89@gmail.com,Pending,26-04-2019,01-11-2018,,9035.11,,,Valid,,,65.93
POL101215,H1694,,8,Travel,,347313.6,  chennai ,user11@ins.com,Rejected,26-02-2019,"Jul 28, 2017",2842947.8,2870.28,,Lapsed,Valid,15-09-2024,270285.97,
POL103292,H1937,Priya ,71,Home,86327.34,,Delhi,priya53@gmail.com,Pending,,,,14923.76,BEN281,Renewed,,04-01-2020,,30.43
POL101060,H1349,Meena,82,Health,88206.58,306456.98,  chennai ,meena46@ins.com,Rejected,09-12-2021,16-04-2020,,15437.34,,Active,,05/30/2019,,25.32
POL101828,H1582,Priya ,32,healthh,21028.56,515141.07,Chennai,priya58@ins.com,Not Filed,12-04-2018,11/25/2019,,797.82,BEN545,Expired,,01/31/2025,375102.25,
POL102642,H1550, JOHN,58,Life,,,,john66@gmail.com,Rejected,,"Jan 31, 2024",-8429.29,-67.96,,,Valid,02-07-2020,,86.52
POL102500,H1913,arun,34,lifee,,,,arun91@gmail.com,Not Filed,,11/30/2021,1151694.92,6529.2,,,Valid,,376308.41,
POL103308,H1094,Priya ,,Life,47602.85,69088.87,Bengaluru,priya10@yahoo.com,Not Filed,05/14/2023,18-04-2017,-2874.52,15338.2,BEN661,Renewed,,07-07-2023,157192.9,54.66
POL104439,H1380,arun,,Travel,28252.5,260836.32,Bengaluru,arun84@ins.com,,"Mar 13, 2019","Sep 02, 2021",,18150.91,BEN526,,,03/31/2024,,82.52
POL103611,H1171,kumar,49,healthh,72796.78,,Delhi,kumar80@gmail.com,Not Filed,27-04-2016,26-01-2024,,15736.26,,,Invalid,06-02-2025,66251.49,
POL103316,H1186,Priya ,,Health,,,Chennai,priya26@gmail.com,Pending,,"Feb 16, 2016",,572.39,,Lapsed,Valid,,60864.44,
POL104124,H1932,Meena,,Travel,87206.24,341268.53,Bengaluru,meena4@yahoo.com,Pending,,30-09-2023,-8676.8,8053.31,,Expired,,17-03-2017,353579.03,34.73
POL100845,H1451,arun,,Travel,,470136.2,  chennai ,arun69@yahoo.com,Not Filed,09-09-2019,14-06-2025,4215491.9,-1133.69,,Lapsed,Valid,08-09-2024,,
POL103685,H1618,  raj,,Health,34736.48,,  chennai ,raj86@ins.com,Pending,"Mar 16, 2022",18-03-2017,1516252.36,17806.46,BEN890,Expired,Valid,20-06-2022,,99.92
POL104683,H1040,,,Health,,140183.36,  chennai ,user57@ins.com,Not Filed,"Feb 28, 2016",28-06-2019,,15518.1,,Renewed,Invalid,13-02-2021,,83.93
POL101141,H1939, JOHN,45,,,42012.29,Mumbai,john21@ins.com,Rejected,,"Jan 25, 2021",,10912.43,,,,,,64.52
POL100179,H1641,Meena,37,Health,75278.25,685544.68,Bengaluru,meena48@gmail.com,Rejected,01-10-2019,,,15111.39,,,Valid,"Apr 26, 2016",,19.02
POL100664,H1445,Priya ,,Motor,20056.56,258005.36,,priya66@ins.com,Approved,,,-6437.6,8524.06,,Renewed,,30-11-2017,294088.27,
POL100312,H1506,kumar,70,lifee,,274669.63,Hyderabad,kumar30@gmail.com,Approved,,"Dec 17, 2017",-2234.07,2825.35,BEN189,Lapsed,Valid,09-01-2020,,36.24
POL104333,H1779, JOHN,13,Health,,246609.9,  chennai ,john39@gmail.com,,16-01-2018,20-10-2022,1474322.37,986.71,,Active,Invalid,28-01-2021,301308.19,63.26
POL101941,H1524,,,lifee,129826.38,444901.66,  chennai ,user3@gmail.com,Not Filed,08-08-2021,22-05-2017,,7140.47,BEN967,Lapsed,Invalid,"Aug 20, 2019",,
POL103256,H1247,Meena,,healthh,,530053.63,Mumbai,,,"Nov 17, 2018",09/18/2019,166268.27,926.83,BEN609,,Valid,,343026.79,40.31
POL100235,H1978, JOHN,-4,,73288.75,,Mumbai,john37@gmail.com,Approved,17-06-2025,,4761905.93,3613.61,,Active,Valid,22-10-2019,65176.27,
POL104101,H1534, JOHN,95,Life,91492.07,355429.7,Hyderabad,john2@yahoo.com,,,20-05-2018,,11678.87,BEN639,Active,Invalid,"Jan 25, 2024",,
POL102678,H1321,Priya ,28,Health,,772659.37,,priya7@gmail.com,,,,3139362.82,8835.53,,,Invalid,,,
POL100604,H1920,kumar,42,,,330745.73,,kumar29@gmail.com,Rejected,07-09-2016,28-01-2018,-2125.45,-1123.66,,Active,,09-12-2020,2247.44,
POL100065,H1656,Meena,129,,50931.6,125807.88,,meena38@yahoo.com,,18-05-2024,17-05-2023,3074224.77,16193.78,,Active,,06-03-2018,,
POL102658,H1984,kumar,112,Health,,,Delhi,kumar29@gmail.com,,"Feb 18, 2017",09-01-2024,4347063.45,15558.36,,Active,,12/13/2020,184513.42,
POL102129,H1248,Priya ,,Travel,75866.48,365819.37,Chennai,priya5@yahoo.com,Pending,01-01-2019,29-07-2019,,11407.08,,Lapsed,,04-07-2018,,
POL102312,H1965,  raj,37,Health,12804.48,,Hyderabad,raj72@ins.com,,01-09-2016,"Jul 15, 2018",,14985.66,,Renewed,,,,55.62
POL101515,H1267, JOHN,39,lifee,6051.55,140805.4,Chennai,john23@yahoo.com,Not Filed,01/22/2020,09-08-2018,1698066.3,11132.44,,Expired,Invalid,"Jun 28, 2021",,20.55
POL102077,H1785,Meena,58,,,291679.23,Bengaluru,meena62@yahoo.com,Pending,20-05-2018,01/13/2016,4446139.37,-1337.72,,Active,Invalid,,,95.29
POL100005,H1169, JOHN,130,Travel,40199.73,219050.04,Bengaluru,john44@ins.com,,,10-05-2016,-9928.09,11884.27,BEN334,Active,,12-08-2020,205662.45,
POL104886,H1533,Meena,44,Travel,46749.74,92277.98,Mumbai,meena@gmail,Approved,14-07-2017,11-10-2021,2280096.56,12402.38,BEN808,,Invalid,,323318.53,
POL102131,H1015,,23,healthh,26756.88,491953.05,  chennai ,user84@gmail.com,Approved,"May 31, 2016",25-10-2018,-6373.15,12148.69,BEN535,Expired,,03-05-2019,,
POL104937,H1771,,34,Motor,75292.41,227821.32,,user42@gmail.com,,24-09-2021,12-04-2020,,7247.62,,Lapsed,Invalid,26-01-2016,291950.2,88.45
POL103814,H1033,  raj,67,Motor,157339.93,195465.23,Mumbai,raj77@ins.com,Not Filed,01/19/2017,,-1196.28,2693.64,,,,06-02-2025,150345.13,
POL104116,H1391,arun,78,,43827.17,,Delhi,arun24@gmail.com,,13-09-2018,,-3285.59,18656.52,BEN145,Expired,,30-01-2018,64755.13,45.08
POL100155,H1466,Meena,52,,,,Delhi,meena94@ins.com,Pending,05-03-2021,15-01-2021,122887.99,4854.69,,Lapsed,,09-07-2018,,5.6
POL100428,H1394,arun,,Travel,4556.9,,Bengaluru,arun29@ins.com,Pending,"Sep 07, 2017",18-10-2023,,16865.69,,Renewed,Invalid,"Oct 05, 2022",74423.22,62.73
POL101342,H1818,Priya ,17,Health,58465.51,,Mumbai,priya43@gmail.com,Not Filed,"Jun 19, 2021",13-07-2019,-1754.36,16331.06,,Renewed,Valid,"Jun 28, 2018",69945.26,69.93
POL100472,H1034, JOHN,106,Health,87839.21,,Mumbai,john74@ins.com,,20-07-2017,"Aug 15, 2022",-4540.81,3786.15,,Expired,,24-07-2018,,20.24
POL104166,H1477,Priya ,109,Health,,330434.96,Hyderabad,priya63@ins.com,,08/21/2018,,,11454.01,,Renewed,,11/23/2024,161627.84,
POL100361,H1045,Meena,55,Health,,185767.86,  chennai ,meena83@gmail.com,Rejected,18-04-2017,28-01-2016,1666375.68,19452.17,,Renewed,,,12462.96,
POL104159,H1857,kumar,77,Health,,240737.29,Delhi,kumar@gmail,Not Filed,08/25/2023,09/27/2021,-9498.51,6677.47,,Renewed,Valid,08-09-2020,325139.76,75.72
POL104232,H1348,Meena,67,Home,,,Chennai,meena97@ins.com,Approved,09-02-2022,"Nov 12, 2018",-1042.75,13390.26,,,,"Dec 16, 2021",267023.96,52.2
POL100267,H1948,Priya ,20,lifee,,125011.82,  chennai ,priya25@yahoo.com,,29-04-2019,,4566293.52,4200.6,,Renewed,Valid,"Jun 02, 2025",,
POL100436,H1360,Meena,73,Motor,,,Mumbai,meena27@gmail.com,Pending,,,,17807.06,,Active,Invalid,07-04-2020,393760.79,82.66
POL100301,H1945,  raj,94,Health,157506.16,,Chennai,raj77@yahoo.com,Approved,"Mar 03, 2016","May 25, 2019",1482859.81,3450.44,,,Invalid,14-11-2023,,
POL101424,H1335,Meena,,Motor,43131.56,131959.67,Delhi,meena12@ins.com,,15-12-2017,04-12-2017,647539.15,8500.34,,Active,,09-09-2023,84288.42,
POL102591,H1932,kumar,73,,117957.37,,Bengaluru,kumar91@gmail.com,,22-04-2023,,,7893.01,,,Invalid,10-01-2022,94874.35,
POL102116,H1721,  raj,20,lifee,36843.49,,Chennai,raj90@yahoo.com,Rejected,,02/26/2020,,16472.57,BEN342,,,,356068.92,15.53
POL102228,H1545,kumar,,,186237.05,,Chennai,kumar47@gmail.com,,,25-04-2023,1601849.3,5033.89,,Lapsed,Invalid,20-08-2022,,87.33
POL101177,H1694, JOHN,4,Home,,,Delhi,,Approved,"Oct 20, 2024",03/18/2021,-1448.73,16440.05,,Lapsed,Invalid,10-03-2017,56457.33,
POL103769,H1892, JOHN,71,lifee,,184836.56,,john38@yahoo.com,Rejected,01-10-2024,,4446047.92,2977.45,,,Valid,12/15/2023,338531.73,75.52
POL100156,H1481,Priya ,,Life,,,,priya95@ins.com,,21-09-2022,"Jun 08, 2017",1976158.65,1489.45,BEN845,,Valid,11/15/2023,192491.84,
POL104091,H1868,Priya ,,Motor,118144.56,316688.03,  chennai ,priya20@gmail.com,Rejected,07/31/2022,"Jul 18, 2021",4950598.52,3420.57,,Lapsed,,13-07-2018,,79.54
POL102532,H1898,arun,,lifee,,367027.53,Chennai,arun90@gmail.com,,,,2472406.75,7717.13,BEN983,Renewed,,02/16/2021,,
POL104588,H1499,kumar,55,Motor,17280.24,397473.63,Chennai,kumar33@yahoo.com,Pending,"Jun 23, 2016",11-09-2023,,13078.15,,,,19-06-2024,289499.17,68.8
POL104570,H1311,  raj,58,Motor,,,Mumbai,raj51@ins.com,,,"Nov 18, 2022",,715.83,BEN568,Active,,09-04-2022,,
POL100410,H1143,,,,148191.01,372002.75,Mumbai,user33@yahoo.com,,22-08-2021,06-04-2019,639992.66,15733.43,BEN917,,Valid,,149389.74,99.57
POL100974,H1976,Priya ,114,healthh,31608.4,,Mumbai,priya69@ins.com,Pending,,06-02-2021,-3807.72,18930.53,BEN579,,,,78226.14,97.67
POL100980,H1594,kumar,21,Home,73570.89,164598.91,Chennai,kumar75@gmail.com,,03-06-2023,,,618.34,,Active,,,229258.29,
POL101607,H1427,Meena,90,Motor,79048.77,204.36,Bengaluru,meena77@gmail.com,Not Filed,01-08-2018,14-06-2020,,11482.85,,Active,,"Oct 08, 2023",220781.58,31.35
POL101982,H1912,Meena,62,,35386.1,358541.08,Hyderabad,meena68@ins.com,Rejected,"Oct 22, 2016",21-04-2024,-9786.64,2986.74,,Renewed,Invalid,,358031.61,71.12
POL102947,H1723,kumar,83,,90817.24,194356.04,Hyderabad,kumar7@ins.com,Rejected,"Aug 06, 2016",,-3790.68,7649.81,,,,13-05-2021,113301.8,
POL102151,H1741,Priya ,,Motor,13447.61,381142.15,Mumbai,priya41@gmail.com,Approved,13-06-2017,,2387753.27,4283.51,BEN388,Lapsed,,"Jan 08, 2018",,
POL104648,H1651,Priya ,116,,160546.98,71965.79,Bengaluru,priya81@yahoo.com,Pending,05-07-2023,"Dec 20, 2023",3021380.55,14869.71,,,,27-11-2019,,76.04
POL103590,H1748,,36,,36061.68,406694.46,,user20@gmail.com,Approved,03/17/2018,08/22/2016,,7445.84,,Renewed,,,9955.25,
POL104134,H1995,arun,48,Travel,28054.17,251347.25,Hyderabad,arun43@gmail.com,Approved,06/28/2021,01/29/2017,-9248.06,19957.81,,Renewed,Invalid,,,66.47
POL100412,H1006,Meena,94,Travel,,383889.42,Bengaluru,meena74@gmail.com,,,03-10-2023,984794.51,1994.91,,,Valid,25-09-2023,,32.75
POL100652,H1782,  raj,,,74056.76,361675.83,Mumbai,,,,30-08-2018,,14947.14,BEN736,Renewed,,"Aug 15, 2017",,35.23
POL101961,H1737,Priya ,25,Motor,42801.77,572032.59,  chennai ,priya93@gmail.com,,09-05-2020,04-07-2023,2672999.24,11335.34,,Expired,Valid,11-10-2020,14244.28,21.2
POL100340,H1873,arun,78,Life,,8695.41,Delhi,arun22@ins.com,Approved,17-06-2021,06-07-2025,4029268.46,14165.93,,,,04/19/2021,,82.77
POL101687,H1233,arun,,Health,,586138.58,  chennai ,arun28@gmail.com,Pending,,03-05-2016,,3471.58,,Renewed,Valid,29-03-2024,,75.52
POL103568,H1988,,50,Health,119631,,Mumbai,user23@ins.com,Pending,11-11-2018,"Nov 29, 2020",1109594.79,5864.73,,Renewed,Valid,"Mar 07, 2021",,
POL103809,H1298,kumar,,healthh,163276.55,,Delhi,kumar23@ins.com,,"Jan 21, 2017","Jul 28, 2021",1255578.5,15698.09,,,,07-03-2019,,33.84
POL100539,H1675, JOHN,60,,187097.05,366244.82,,john74@ins.com,Rejected,,"Jan 19, 2025",,10265.58,,Lapsed,Invalid,"Dec 16, 2022",249374.8,
POL103733,H1641, JOHN,25,Life,,189154.28,Bengaluru,,,"Jul 28, 2023",09-03-2018,2337173.18,15419.57,,Expired,Invalid,19-04-2017,50594.47,
POL100425,H1244, JOHN,68,Life,66197.41,456542.66,  chennai ,john56@yahoo.com,Approved,11-05-2016,,944651.56,173.69,BEN522,,,11-07-2020,143435.57,
POL100016,H1533,kumar,,Health,141276.7,,Mumbai,kumar91@ins.com,Approved,"Jun 21, 2019","Nov 19, 2023",,2550.36,,,Valid,,,94.27
POL101193,H1178, JOHN,74,Home,78523.72,727284.84,Chennai,john39@gmail.com,,26-04-2020,08-10-2018,-3736.44,13178.91,BEN563,Expired,,24-03-2022,,90.61
POL100443,H1314,Priya ,,Health,45505.82,326754.87,Hyderabad,priya67@gmail.com,Pending,"Jan 31, 2021",31-05-2017,-6140.29,1791.5,,,Invalid,"Jul 16, 2020",,15.07
POL103020,H1529,Priya ,,healthh,34998.47,,Mumbai,priya82@gmail.com,Approved,"Dec 01, 2022",07-11-2023,-4846.3,11602.1,,Active,Invalid,,100027.59,52.11
POL103427,H1177, JOHN,24,lifee,,513568.73,Bengaluru,john62@yahoo.com,Pending,11-08-2023,20-11-2022,-8013.28,2617.42,,,Invalid,09-12-2019,,16.98
POL101682,H1787,arun,82,Home,,434096.74,,arun55@yahoo.com,,21-10-2021,,2477419.92,17460.89,BEN180,Lapsed,Valid,04-08-2017,,
POL100753,H1832,arun,95,healthh,,64632.85,,arun35@ins.com,,,,-1404.19,-1036.36,BEN221,Active,Invalid,23-06-2025,,2.33
POL103431,H1078,  raj,122,healthh,86236.56,18211.43,Hyderabad,raj85@ins.com,Approved,25-08-2021,01-03-2020,,19195.13,BEN373,Active,,10-01-2024,282228.94,
POL103328,H1410,arun,,Life,,418531.82,Chennai,arun80@gmail.com,,"Feb 16, 2020",25-03-2017,,6317.98,BEN759,Renewed,,14-01-2023,55440.87,21.57
POL104815,H1510,Meena,77,,25251.88,316864.65,  chennai ,meena89@ins.com,,12-02-2023,29-02-2020,-6084.35,12924.45,,,Invalid,"Sep 13, 2020",,
POL102267,H1782, JOHN,,Life,,35882.82,Mumbai,john53@ins.com,,13-08-2017,"Oct 20, 2021",,19150.17,BEN355,Active,,,309244.27,
POL103176,H1688, JOHN,42,Motor,,365485.58,Bengaluru,,Rejected,22-03-2017,04-12-2023,-4105.31,5228.19,,,Valid,,27032.04,69.58
POL104961,H1917,Meena,44,,,211919.28,Delhi,meena72@yahoo.com,Pending,18-12-2019,08-08-2022,-9872.89,4965.12,,,,10-08-2021,,
POL104885,H1419,  raj,60,Life,32264.05,371695.28,Mumbai,raj99@gmail.com,Rejected,"Apr 13, 2023","Sep 12, 2016",,2043.14,BEN179,Renewed,Valid,"Feb 11, 2020",163931.22,8.84
POL102318,H1557, JOHN,,,62229.65,,Mumbai,john70@ins.com,,07-12-2017,"Apr 19, 2019",2105858.6,2320.78,BEN720,Expired,,"Apr 19, 2023",50414.9,11.26
POL101835,H1920,kumar,97,Life,36048.41,,Mumbai,kumar68@ins.com,,25-09-2017,,,1990.45,,,Valid,"Jul 23, 2021",309181.02,59.86
POL103915,H1863,arun,,Motor,,,Bengaluru,arun73@yahoo.com,,04-07-2023,12-04-2022,3213321.53,17837.95,BEN549,Lapsed,Valid,,,95.58
POL103949,H1956,kumar,,Motor,79642.45,,Mumbai,kumar57@gmail.com,Rejected,14-08-2024,14-08-2024,-1027.28,3414.52,,Expired,Invalid,"Jan 05, 2020",218411.75,
POL101672,H1495,Priya ,103,Travel,,,Hyderabad,priya93@yahoo.com,Not Filed,,12/26/2023,808191.58,5271.32,BEN422,Renewed,,08-09-2024,18855.84,86.13
POL100586,H1882,  raj,92,Home,20771.64,,Hyderabad,raj14@ins.com,Approved,,"Sep 06, 2016",,18761.43,BEN680,Expired,Valid,,,
POL100362,H1026,arun,58,lifee,38194.55,21242.62,  chennai ,arun10@ins.com,,,,-2660.49,14127,,Active,,,208134.4,26.92
POL104082,H1034,kumar,37,Travel,39574.55,,Mumbai,kumar17@gmail.com,Pending,20-05-2024,01-01-2019,,11223.51,,Active,Invalid,08-07-2021,296592.49,0.47
POL103938,H1967,kumar,2,,,,,kumar36@yahoo.com,,"Sep 16, 2024",15-12-2017,-3846.74,8273.52,,Lapsed,,08-05-2018,,51.94
POL104094,H1167,Meena,47,Motor,,,Hyderabad,meena69@yahoo.com,,,08-12-2017,,54.01,BEN109,,,05-07-2022,,50.01
POL104942,H1876,kumar,25,Health,64573.97,286716.68,Bengaluru,kumar29@ins.com,,08-06-2023,03-01-2022,-4735.47,-1539.37,,,Valid,02/17/2020,,31.26
POL104312,H1451,Priya ,,lifee,147187.32,,Bengaluru,priya73@gmail.com,Rejected,"Jul 09, 2020",15-04-2024,,13655.95,BEN203,Active,Valid,,265493.89,
POL102487,H1559,,,lifee,177432.47,480468.99,Chennai,user76@yahoo.com,,11-11-2019,24-09-2019,-5379.46,16553.73,BEN917,Expired,Invalid,02/16/2018,196399.06,14.9
POL103233,H1374,,68,Health,81131.98,426903.82,Bengaluru,user11@yahoo.com,,05/20/2019,"Mar 09, 2023",,13252.01,,Active,Valid,,,40.74
POL101000,H1561,Meena,74,healthh,87867.4,326888.51,Chennai,meena74@ins.com,Approved,"Apr 21, 2019",20-01-2017,-5036.38,5966.65,BEN843,Active,,16-05-2020,59438.91,
POL101320,H1538,Priya ,-2,,,,,priya14@yahoo.com,Pending,06-07-2017,"May 05, 2018",,1402.32,BEN519,Renewed,,"Dec 17, 2020",175586.5,88.21
POL102281,H1971,,97,Life,75638.93,88148.01,Chennai,user66@gmail.com,,,04-05-2017,234394.51,3035.09,BEN685,,,"Sep 09, 2017",280167.83,39.45
POL101075,H1767,Priya ,,Life,,126210.14,Chennai,priya44@yahoo.com,Rejected,12-03-2017,,-2902.5,18505.12,BEN270,,Invalid,"Aug 28, 2021",,
POL101411,H1854,kumar,39,,90732.93,130050.7,Delhi,kumar24@ins.com,Not Filed,,,,14430.93,BEN456,,,28-08-2024,,
POL100212,H1993,arun,79,healthh,173010.91,779278.29,Hyderabad,arun@gmail,Rejected,21-12-2022,,-6803.19,980.94,BEN267,Lapsed,,"Sep 13, 2021",254498.85,4.87
POL100131,H1223,,78,Life,,306850.55,Mumbai,user42@gmail.com,Approved,"Mar 08, 2025",09-05-2021,-7171.71,16086.4,,,,"Aug 13, 2016",,
POL103770,H1969,arun,,Life,119682.67,,,arun23@ins.com,Not Filed,29-09-2021,02-01-2022,,11607,,Expired,Invalid,27-12-2023,,39.85
POL101779,H1616,Meena,102,Home,91197.42,530569.12,Delhi,meena67@ins.com,,,01-10-2016,-9790.4,628.72,BEN213,Lapsed,,02-04-2019,265192.21,90.3
POL102377,H1002,kumar,120,Health,,227604.73,Chennai,,Not Filed,02-10-2017,06-03-2024,-574.99,-833.98,BEN882,Expired,Invalid,02/21/2021,269289.86,
POL103271,H1045,arun,33,healthh,78589.96,111178.83,Hyderabad,arun37@gmail.com,,23-02-2018,04/30/2025,-8459.14,9129.36,,,Valid,,,76.63
POL101785,H1474,,10,Home,182551.97,128581.59,,user49@yahoo.com,Not Filed,"Aug 10, 2024","Dec 31, 2022",-3645.22,14104.77,,,Valid,01/24/2017,66329.51,
POL101562,H1483,  raj,104,Travel,14924.2,,Bengaluru,raj42@ins.com,Pending,05-03-2022,05-04-2017,-817.42,13937.64,,Active,Valid,08-11-2022,64198.51,69.81
POL101156,H1167,Meena,47,Health,191185.36,,Hyderabad,meena62@yahoo.com,Rejected,06/24/2021,,-2068.58,19500.66,,Renewed,,"Dec 18, 2024",,
POL103525,H1743,kumar,,Home,49846.62,,  chennai ,kumar15@gmail.com,Rejected,"Sep 29, 2019",15-02-2025,,-586.07,BEN862,Expired,,08-03-2025,,70.89
POL100191,H1273,,50,healthh,,,Hyderabad,user24@gmail.com,,28-12-2018,15-07-2024,,9555.81,,Lapsed,Invalid,10-05-2018,,
POL104085,H1496,,71,lifee,51340.56,,  chennai ,user42@ins.com,Approved,,30-06-2019,-6106.67,16301.19,,Active,Invalid,"Jan 13, 2016",120080.6,87.62
POL103453,H1415,  raj,,Motor,82762.5,,  chennai ,,,18-11-2022,"Oct 29, 2022",,12928,,,,08-11-2020,297769.4,57.3
POL102861,H1987, JOHN,20,Travel,93886.66,,,john23@ins.com,,03-11-2018,"Sep 26, 2023",,11888.87,BEN317,,,03-01-2021,,52.34
POL100079,H1397,,49,Motor,135489.78,,Mumbai,user62@ins.com,Rejected,10/25/2022,17-07-2017,-5041.98,2302.06,BEN209,Lapsed,Valid,"Jul 15, 2019",132886.89,80.41
POL104699,H1302,Meena,80,Home,,170217.73,Hyderabad,,,10-04-2022,,,7757.82,,Lapsed,,,,
POL100558,H1764,  raj,,Travel,34062.66,89418.85,,raj14@ins.com,Rejected,12-08-2019,20-08-2021,-9772.91,13026.92,,Expired,,16-06-2023,230571.82,
POL102656,H1177,  raj,114,Home,,,,raj20@yahoo.com,Approved,"Apr 25, 2016",23-02-2025,3380922.96,10944.05,,,,22-03-2017,184308.17,39.6
POL104544,H1654,,43,,54348.9,474963.6,,user63@ins.com,Not Filed,08-01-2016,,,14821.11,,Renewed,,,233380.1,33.44
POL102226,H1582, JOHN,,,26392.17,283648.79,Mumbai,john13@ins.com,Approved,,"Aug 30, 2017",4438238.32,-1321.37,BEN922,Lapsed,Valid,01-04-2017,,79.47
POL101317,H1868, JOHN,,Motor,83178.77,250112.68,Mumbai,john95@yahoo.com,Rejected,11/13/2016,04/19/2023,-3268.33,15559.55,BEN217,,,,17814.65,
POL103400,H1493,arun,92,healthh,112719.26,,Hyderabad,arun28@ins.com,Not Filed,"Dec 21, 2016",,,2404.29,,Active,,"Nov 06, 2018",,
POL104646,H1814,  raj,50,,90138.17,,,raj43@gmail.com,,"Mar 22, 2025","Jun 04, 2020",3224534.19,17486.05,BEN105,Expired,,31-01-2022,,
POL103596,H1725,Priya ,,Life,29527.54,416154.87,Hyderabad,,Rejected,16-03-2021,,,196.96,BEN112,Lapsed,,29-10-2019,75559.64,70.59
POL104719,H1620,Meena,41,Health,149484.25,,Mumbai,meena8@gmail.com,,04-04-2020,06-11-2017,2715313.03,1660.57,,Active,,01-04-2016,,61.8
POL102480,H1686, JOHN,,Travel,68977.98,138571.04,,john42@gmail.com,,"Dec 06, 2019","Aug 11, 2016",-5743.69,16168.42,,Lapsed,,"Aug 07, 2016",,
POL101903,H1471,Priya ,44,Home,110930.42,209699.14,Hyderabad,priya96@ins.com,Pending,19-01-2023,09-07-2017,,5406.23,BEN288,Renewed,,12/18/2018,,19.25
POL100029,H1040,Meena,8,Travel,,727467.19,Bengaluru,meena54@ins.com,Not Filed,22-08-2016,"Mar 24, 2022",975743.88,15856.35,,,,"Mar 28, 2020",,
POL102918,H1669,Meena,119,Health,64158.26,35917.25,Hyderabad,,,,"Jun 28, 2019",,11379.03,BEN397,,Valid,"Apr 04, 2025",,7.14
POL103197,H1637,  raj,,Travel,37292.52,,Hyderabad,,Approved,04-05-2025,"Aug 26, 2023",-5474.96,15337.52,,Expired,Invalid,05/28/2016,227631.53,53.89
POL104631,H1640,Priya ,75,Health,,99501.83,Chennai,priya78@ins.com,,05-12-2019,12/25/2021,1542951.2,1997.77,,,Invalid,"May 16, 2019",,
POL102351,H1850,Meena,64,Motor,,,Mumbai,meena87@gmail.com,,"Jan 17, 2020","Feb 05, 2016",580304.69,-366.52,BEN550,Expired,,09-04-2020,97277.46,39.44
POL103213,H1990,Meena,42,lifee,44442.36,788193.67,,meena81@gmail.com,Pending,,09-05-2017,-9359.29,1639.62,,,Invalid,15-02-2017,,79.91
POL104906,H1902,Priya ,26,Home,194157.29,,Hyderabad,,,"Jun 27, 2024","Sep 27, 2016",,460.12,BEN597,Active,Valid,"Jun 26, 2023",18970.16,
POL102648,H1999,Priya ,45,lifee,35466.24,,Mumbai,priya81@ins.com,Approved,01/14/2025,,,19161.04,,Active,,20-06-2016,261974.15,
POL101986,H1110, JOHN,,healthh,66187.63,723261.23,Delhi,john66@gmail.com,,09-02-2018,,,17045.79,BEN153,Renewed,,,360939.72,
POL104208,H1954,Meena,57,Travel,165166.64,,Bengaluru,meena84@gmail.com,,12/18/2024,15-04-2020,684182.52,10859.99,,Lapsed,,"Jan 25, 2020",104446.25,47.47
POL100391,H1055, JOHN,51,Health,118745.39,390501.77,Delhi,john15@ins.com,Not Filed,,"Jan 06, 2016",,5416.55,,Lapsed,Invalid,,325134.04,43.49
POL100972,H1921,Meena,,Health,,130018.36,Hyderabad,meena24@gmail.com,Pending,,"Apr 29, 2024",-7418.62,9445.2,BEN878,,,,,
POL100656,H1142,kumar,,Home,,89570.75,  chennai ,kumar99@ins.com,Approved,,,-8100.46,15698.95,,Lapsed,Invalid,,238001.76,
POL100083,H1099,kumar,110,Home,,323984.96,  chennai ,kumar32@yahoo.com,Pending,,17-03-2022,1688398.79,3100.82,,Expired,Invalid,"May 08, 2020",,44.96
POL101574,H1149,Meena,,healthh,17465.89,409660.81,  chennai ,meena96@gmail.com,Pending,"May 13, 2022",30-04-2020,701987.78,19917.18,,,Valid,05-11-2022,,
POL103714,H1942,  raj,47,healthh,8582.1,677941.25,  chennai ,raj26@gmail.com,Approved,02-04-2024,,1143044.68,7417.25,,,,"Oct 14, 2019",,43.65
POL104291,H1959,Meena,121,Motor,,475397.49,Hyderabad,meena74@ins.com,Pending,19-02-2017,,3077517.79,10692.37,,Renewed,,15-03-2020,47920.47,
POL100073,H1664, JOHN,,,80380.25,,Delhi,john@gmail,Pending,23-05-2025,10-12-2017,-652.42,13840.26,BEN402,Expired,,19-01-2020,,49.93
POL104555,H1001,Priya ,54,Motor,75980.77,,Hyderabad,priya9@gmail.com,Not Filed,"Mar 23, 2019",06/26/2019,813054.36,13399.61,,,,10-05-2016,352762.53,28.62
POL100014,H1877, JOHN,126,,197233.98,396793.66,Bengaluru,john48@ins.com,Rejected,23-05-2022,02-04-2018,,3125.23,,,Valid,,395097.31,77.55
POL100082,H1339,,105,Health,51312.29,,Bengaluru,user87@yahoo.com,,,30-11-2021,,4499.51,BEN187,,Invalid,01-02-2016,124756.14,78.43
POL103368,H1157,Priya ,48,healthh,,,Delhi,priya4@gmail.com,Not Filed,03/19/2016,"Jul 20, 2024",1284321.82,19651.78,,,,16-06-2018,,76.59
POL100975,H1069,Meena,50,,,380984.85,Bengaluru,,,,"Apr 01, 2016",-6448.54,8186.36,BEN541,Active,Invalid,06/26/2017,379229.87,
POL102200,H1442,Meena,,,,502000.12,,meena55@ins.com,Pending,03-10-2021,"Apr 27, 2021",4785748.14,18263.84,,,,"Sep 02, 2019",170307.15,56.36
POL103416,H1984,kumar,,Home,82600.33,,Delhi,kumar46@yahoo.com,Not Filed,06-12-2016,12/18/2023,2319517.89,3702.45,,Active,,,153003.59,64.27
POL103724,H1792,arun,,Health,73095.5,328554.68,Chennai,arun37@gmail.com,Pending,27-05-2025,01-01-2024,-2890.81,-1518,,,,"Dec 24, 2016",267840.23,
POL101715,H1766,Priya ,,healthh,10609.32,443839.97,Hyderabad,priya67@gmail.com,,27-07-2024,01-07-2024,1116560.41,13316.79,,Lapsed,Valid,,178971.05,27.39
POL101510,H1360, JOHN,,Travel,44750.02,292482.61,,john59@ins.com,Rejected,14-08-2016,06/13/2019,-6710.59,6484.01,BEN883,Renewed,Valid,"May 22, 2018",241343.08,
POL102945,H1125,kumar,,,2894.45,481090.77,Bengaluru,kumar83@gmail.com,Not Filed,05/29/2019,"Feb 19, 2021",1016062.99,6582.1,BEN224,,,12/18/2022,73853.12,
POL100963,H1973,Meena,77,Home,38167.82,408154.29,Delhi,meena60@ins.com,,16-12-2020,"Jun 24, 2021",,18269.77,,Active,Valid,"Sep 22, 2016",,65.38
POL102111,H1030,  raj,42,Motor,139635.03,344798.57,Mumbai,raj82@yahoo.com,,25-09-2024,19-10-2016,3729218.56,5716.99,,Renewed,Valid,"Jun 04, 2025",,
POL103695,H1832,arun,46,Life,66731.29,731785.45,Bengaluru,arun11@gmail.com,Rejected,06-08-2022,09/18/2016,1477988.44,11170.09,,Renewed,,22-02-2018,141160.36,42.04
POL100573,H1638,,,Health,83054.78,,Delhi,user82@ins.com,Pending,"Jun 20, 2016",29-12-2019,1201612.07,17677.73,BEN449,Expired,Valid,04-11-2016,,
POL100446,H1087, JOHN,12,Home,,395483.77,Mumbai,john92@ins.com,Rejected,,"Mar 25, 2022",128979.9,19817.44,,Expired,,,,
POL104879,H1234,arun,36,Life,52907.63,,Delhi,arun86@yahoo.com,,09/16/2018,26-01-2024,4892308.62,5760.49,,,Invalid,07-02-2019,,4.78
POL103058,H1384,kumar,83,Motor,196930.08,,Mumbai,kumar12@yahoo.com,Approved,15-05-2021,16-12-2018,2291419.55,1066.11,,,,,,86.67
POL103059,H1847,Priya ,60,,53011.2,138692.79,  chennai ,priya90@gmail.com,,18-02-2018,18-05-2019,,13840.37,BEN950,,Valid,,,
POL102836,H1528,  raj,31,Health,139727.26,,Delhi,raj87@ins.com,Approved,,10-09-2023,689592.88,2126.45,,Renewed,,01-05-2025,247759.48,90.3
POL101234,H1243,Meena,61,lifee,,,,meena52@yahoo.com,Not Filed,,03-12-2016,-7917.13,12325.8,,,Invalid,"Aug 30, 2019",,57.92
POL103275,H1901,,50,lifee,93734.64,12206.81,  chennai ,user32@gmail.com,Approved,"Jun 24, 2016",25-08-2016,,4831.44,,,Invalid,"Feb 05, 2024",,
POL100416,H1313,kumar,51,lifee,,,Bengaluru,,Not Filed,,,890214.14,17738.15,,Active,Valid,"Mar 23, 2021",185773.33,85.61
POL102114,H1485,arun,,,,85126.65,Hyderabad,arun29@gmail.com,Rejected,03-11-2016,13-03-2025,,11452.07,,,,,,
POL101760,H1316,,,Life,43548.83,-4674.21,Hyderabad,user77@ins.com,,04/21/2018,,328716.5,14179.94,BEN677,Lapsed,,23-12-2020,,
POL101630,H1115,Priya ,88,Home,156576.79,677505.17,Hyderabad,priya21@gmail.com,Not Filed,06-02-2019,"Nov 30, 2017",,7148.87,,Active,,"Feb 24, 2022",225341.52,59.8
POL100890,H1492,  raj,56,Motor,,169106.57,Bengaluru,,Not Filed,09/24/2024,"Jul 24, 2019",-7867.86,16436.19,,,,05-08-2023,104460.06,
POL104540,H1568,kumar,50,lifee,161070.76,471232.58,Chennai,kumar37@ins.com,,"Mar 27, 2021",,-9756.9,18194.79,BEN849,,Invalid,23-10-2016,372999.68,81.41
POL101512,H1802,kumar,,Life,,259883.76,Mumbai,kumar29@yahoo.com,Not Filed,,08/20/2023,,19324.31,,Renewed,Invalid,,167164.77,
POL104188,H1652,Priya ,13,Home,123492.63,133772.57,Chennai,priya35@gmail.com,Approved,12/23/2020,,4002807.59,18117.09,BEN618,Expired,Invalid,01-11-2023,,
POL100282,H1586,,,Travel,185653.46,168.35,Chennai,user54@yahoo.com,Not Filed,07-11-2025,"Oct 29, 2017",-6253.49,955.31,BEN598,,Valid,"Jan 07, 2017",,
POL103999,H1784,,22,Motor,66721.56,296626.91,Hyderabad,user46@ins.com,,20-07-2024,05/17/2019,-6329.47,8128.33,BEN256,,,05-07-2025,339922.93,
POL100543,H1403,Priya ,63,Home,,545238.1,  chennai ,priya25@yahoo.com,,22-10-2024,12/15/2021,-7392.72,12971.65,BEN435,,,"Sep 20, 2021",71159.43,
POL102061,H1111,  raj,57,Home,161213.4,599134.49,Delhi,raj61@ins.com,Rejected,"May 09, 2025",24-02-2019,3560152.22,14800.63,,Expired,,14-05-2021,,
POL104830,H1543,,,Home,63692.47,725313.44,Delhi,,Pending,22-07-2023,,-1630.12,880.21,,Renewed,,01/25/2020,,55.09
POL103381,H1045,Meena,18,lifee,79632.92,152673.53,Hyderabad,meena36@ins.com,,,"Feb 27, 2019",4219185.03,4341.34,BEN373,Expired,Valid,"Aug 09, 2019",,25.01
POL104037,H1616,kumar,58,Motor,,,Hyderabad,kumar23@yahoo.com,Not Filed,02-12-2022,08-05-2023,2113595.27,7897.27,,Expired,Invalid,04-11-2018,,11.93
POL102831,H1405,Priya ,41,Home,7706.3,,Delhi,,,09/29/2023,17-10-2020,-2871.43,3242.38,BEN104,Active,,"Jan 20, 2024",,
POL103924,H1234, JOHN,64,lifee,152919.83,113178.86,Chennai,john67@ins.com,Not Filed,,"Mar 25, 2017",238164.19,6693.89,,,,"Sep 16, 2019",,47.87
POL103721,H1843,Meena,,Motor,25245.3,32802.44,,meena23@gmail.com,Pending,"Mar 26, 2022","Mar 28, 2024",,1185,,Lapsed,Valid,"Mar 22, 2025",374031.03,85.19
POL101517,H1896,arun,,Health,65137.27,,Delhi,arun40@yahoo.com,Rejected,21-02-2021,"Apr 11, 2019",,16082.82,,Lapsed,,07-11-2020,350898.48,3.55
POL102684,H1196,Meena,,Health,150497.4,,Hyderabad,meena88@gmail.com,Approved,,,-6727.58,16105.17,,Expired,,09/25/2018,67292.09,16.92
POL100223,H1048, JOHN,46,Health,58030.23,33634.89,Bengaluru,john10@yahoo.com,Rejected,,04/20/2020,,7114.91,,,,,,
POL104669,H1189,arun,87,healthh,,415506.66,Hyderabad,arun77@yahoo.com,Not Filed,"Mar 28, 2020",20-07-2016,,7317.19,BEN902,Renewed,,10-01-2018,85317.66,43.4
POL103136,H1098,  raj,69,Life,37821.26,319510.11,  chennai ,raj88@yahoo.com,Rejected,,03-02-2023,,6576.86,,Expired,,"Jan 21, 2025",12414.98,65.48
POL102094,H1889,arun,39,Travel,34269.88,331324.38,Hyderabad,arun23@yahoo.com,Rejected,17-08-2020,,3374917.15,-1591.23,,,,,263104,
POL101885,H1932,kumar,,lifee,,,Mumbai,kumar88@ins.com,Rejected,,"Jun 16, 2018",1917713.31,4307.82,BEN753,,Invalid,"Dec 21, 2018",139374.47,10.64
POL101942,H1061,  raj,60,Travel,26103.54,,Mumbai,,Pending,"Dec 23, 2022",10/21/2023,3455569.55,4189.77,,Lapsed,Invalid,"Mar 30, 2023",,
POL100440,H1199, JOHN,,Health,167901.57,443266.77,Chennai,john67@yahoo.com,Approved,,26-05-2024,,1156.7,,Expired,Valid,"May 02, 2024",,
POL102629,H1771,Priya ,,lifee,80628.63,,  chennai ,priya22@gmail.com,Rejected,08/30/2018,,,6099.27,,Lapsed,,31-10-2024,132224.97,
POL104676,H1484,Priya ,11,Travel,,413104.15,Mumbai,priya65@yahoo.com,Pending,13-01-2021,"Dec 24, 2017",,5264.8,,,,"May 18, 2022",,
POL102057,H1471,kumar,,Health,34053.17,79234.19,  chennai ,kumar37@ins.com,Pending,04/16/2020,01-02-2024,,14669.67,,Expired,,21-01-2017,,
POL104056,H1344,arun,67,Travel,40152.62,484240.95,Mumbai,arun95@yahoo.com,Pending,,18-04-2016,-6923.79,5909.48,,Renewed,,11-12-2016,199659.6,69.62
POL102132,H1701,Priya ,49,Travel,-585.68,123427.66,Mumbai,priya@gmail,Approved,"May 31, 2021",,,2559.7,,Expired,Valid,"Nov 16, 2022",58321.14,
POL103781,H1958,  raj,,Travel,,,Delhi,raj92@yahoo.com,,"Feb 06, 2025",10-07-2023,-3202.51,2457.48,,,Valid,08/30/2022,273710.58,
POL101780,H1634,  raj,,lifee,56591.06,257333.28,Chennai,raj48@yahoo.com,Not Filed,,"Mar 21, 2023",,4566.62,,Lapsed,,26-12-2022,228756.46,96.64
POL104352,H1763,kumar,115,Travel,68053.52,385810.32,Hyderabad,kumar85@yahoo.com,Approved,,21-02-2023,,7971.95,,Lapsed,,16-12-2024,,48.38
POL104459,H1407,,75,,64255.61,,Hyderabad,user47@yahoo.com,Rejected,20-11-2024,,,10750.83,,,Valid,06-04-2021,,
POL102998,H1325,  raj,-4,Life,,,Delhi,raj52@gmail.com,Rejected,10-08-2017,,-3647.6,3994.89,,,Invalid,"Feb 01, 2020",,47.43
POL104102,H1976,,,Travel,155331.76,390325.01,Bengaluru,user47@yahoo.com,Pending,27-09-2020,03/19/2018,,4170.23,,Lapsed,,"Jun 17, 2023",,
POL102586,H1304,  raj,26,Motor,99136.21,100490.39,Delhi,raj7@gmail.com,Rejected,,02-02-2023,387947.71,1650.39,,Lapsed,Invalid,02-08-2021,,60.46
POL103028,H1746,Meena,4,Travel,,43618.82,  chennai ,meena71@ins.com,Not Filed,"Mar 20, 2016",21-01-2021,4062164.1,18143.34,,Active,,,319515.44,93.47
POL102186,H1338,kumar,81,lifee,103172.42,535525.59,Mumbai,,,15-06-2023,,-2816.72,13612.71,,,Invalid,01-06-2016,,
POL100763,H1810,  raj,71,,50400.97,379305.38,Mumbai,raj48@yahoo.com,Approved,"Nov 02, 2016",12-06-2021,-9599.9,6906.44,,,,"Feb 09, 2024",353215.27,
POL100335,H1803,arun,,Health,49064.06,,Hyderabad,arun19@yahoo.com,Not Filed,"Feb 18, 2021",19-04-2024,2632730.32,12547.92,,,,09-03-2016,36719.75,71.14
POL102708,H1529, JOHN,69,lifee,,522221.55,Delhi,john60@yahoo.com,Pending,26-12-2020,09-10-2023,,11057.88,,,Valid,15-05-2018,228935.15,73.02
POL103878,H1711, JOHN,22,Travel,88670.84,,Bengaluru,john69@yahoo.com,Rejected,11-01-2023,"Jul 05, 2018",-5410.44,129.47,,Lapsed,,17-12-2017,,
POL103450,H1530,Meena,,Travel,,,,meena4@yahoo.com,Pending,"Feb 11, 2022",09-11-2022,,4984.74,,,,27-08-2017,,58.21
POL100592,H1816,,32,healthh,,125988.63,Delhi,user7@yahoo.com,Rejected,02-05-2017,01-06-2020,-8947.64,5625.45,,Renewed,Valid,09-06-2017,,
POL101800,H1535,Meena,81,Life,73325.88,347482.73,  chennai ,meena25@yahoo.com,,31-08-2018,02/29/2024,3717378.42,4459.25,,Renewed,,"Nov 12, 2020",1221.02,54.12
POL102687,H1081,kumar,127,Health,15481.19,,Bengaluru,kumar27@gmail.com,,"Nov 10, 2024",20-02-2020,,11925.76,BEN593,,,02-10-2020,,
POL104096,H1984,kumar,60,lifee,,,Mumbai,kumar13@yahoo.com,Rejected,"Sep 17, 2024","Sep 18, 2023",848623.27,-1273.12,,Expired,Invalid,08-02-2021,320774.25,
POL103145,H1111,kumar,64,Home,146002.25,794646.85,Chennai,kumar31@yahoo.com,,,13-08-2022,1692322.74,-445.93,BEN610,,Invalid,05/26/2020,,56.77
POL100369,H1642,arun,35,healthh,,,,arun82@ins.com,,30-04-2019,12-07-2020,-5093.09,2588.03,BEN282,Renewed,,,,63.77
POL104489,H1307,,23,healthh,55704.47,,  chennai ,user64@yahoo.com,Pending,22-10-2024,,,10479.67,,Active,,"Nov 18, 2021",,
POL102915,H1164, JOHN,60,Life,30127.64,,Delhi,,Rejected,08-06-2017,,-4614.93,5153.25,BEN956,,,,355223.71,
POL102620,H1028,arun,40,Life,107965.16,226411.18,Hyderabad,arun77@yahoo.com,Pending,23-05-2016,18-01-2017,504498.55,10115.52,,Active,,13-03-2022,271019.13,
POL101639,H1720,Meena,,healthh,2208.86,486353.14,Mumbai,meena72@gmail.com,Pending,23-11-2023,28-03-2021,4698708.5,13463.91,,Lapsed,,,,48.77
POL100859,H1828,Priya ,34,healthh,52313.93,,,priya8@ins.com,,07-03-2022,,,3230.27,BEN897,Lapsed,Valid,,,27.31
POL104254,H1631,Meena,39,Life,31675.99,510046.95,,meena81@ins.com,Rejected,08/23/2019,,,17681.26,,,,,,
POL101502,H1663,kumar,,Home,85196.44,289218.12,Chennai,kumar87@ins.com,Not Filed,13-12-2020,,-1681.79,11075.75,BEN969,,,03-03-2018,,
POL101671,H1200,kumar,55,Motor,20487.98,155732.82,Bengaluru,kumar59@ins.com,Pending,02-08-2019,,-1039.54,9296.99,BEN698,Active,,07/16/2020,,
POL101175,H1881,kumar,,Motor,39636.77,748366.46,Hyderabad,kumar63@yahoo.com,Not Filed,31-08-2021,"Sep 18, 2024",-2731.14,17501.8,BEN149,Active,Invalid,"Dec 16, 2018",,67.97
POL101648,H1156,Meena,,healthh,81776.55,,  chennai ,,,10-09-2016,06/29/2016,,2538.66,BEN446,Lapsed,,11-11-2017,,44.1
POL103648,H1707, JOHN,44,lifee,32861.26,456885.47,,john14@ins.com,Pending,05/30/2018,18-05-2020,1179020.65,8831.3,,Renewed,Invalid,06-05-2023,,
POL100044,H1425,  raj,68,healthh,,398775.38,Delhi,raj70@ins.com,Not Filed,01/15/2018,11-07-2017,4100857.98,3416.58,,,Valid,12-10-2021,11766.04,40.77
POL102825,H1706, JOHN,107,Health,133611.69,,Hyderabad,john87@gmail.com,,,"Sep 27, 2024",,11153.38,,Expired,Valid,,240803.27,
POL102644,H1057,  raj,18,Home,63674.64,,  chennai ,raj12@yahoo.com,,28-08-2019,,,8290.47,,Expired,Invalid,03-07-2024,186044.33,
POL103959,H1510,Priya ,,lifee,24816.1,720950.92,Hyderabad,priya32@ins.com,Approved,02-12-2016,30-04-2022,-2908.6,19232.46,,,,23-10-2018,96115.38,
POL103725,H1609,,,Motor,,421866.12,Delhi,,Approved,15-12-2020,,2476654.54,1886.41,BEN137,Renewed,Invalid,17-09-2020,97314.86,
POL102802,H1179,Meena,18,Home,,544900.78,Chennai,meena49@yahoo.com,Pending,01-05-2022,"Dec 20, 2024",,-1575.65,BEN991,Renewed,Valid,,,32.46
POL104560,H1547,kumar,,Health,,228973.8,  chennai ,kumar61@gmail.com,Not Filed,15-06-2023,,-2576.51,10819.56,BEN979,,Valid,"Oct 10, 2018",154031.05,
POL100319,H1781,kumar,33,,3116.49,309841.75,Mumbai,kumar80@gmail.com,Rejected,13-12-2018,"Aug 23, 2016",-7371.73,-1061.14,BEN759,,Invalid,,,
POL102563,H1510, JOHN,50,lifee,163095.56,,Delhi,john21@gmail.com,Pending,06-08-2021,04-09-2020,,13486.37,,Expired,,27-02-2016,,7.38
POL104645,H1794,arun,7,Travel,138595.68,,,,Pending,03-06-2019,,4077794.67,12772.98,,Active,,07-01-2024,130161.28,
POL102672,H1187, JOHN,73,Home,,269229.23,Delhi,john95@gmail.com,Pending,24-12-2022,,-7032.47,14459.19,,Renewed,,"Feb 09, 2020",,33.27
POL103352,H1105,Priya ,,Motor,,,  chennai ,priya25@ins.com,Rejected,08-03-2018,10/20/2024,1246631.78,6874,,Lapsed,,11-02-2023,,
POL104744,H1945,Meena,,Life,71566.51,273642.97,Chennai,,Pending,05-10-2021,"Mar 15, 2022",,12691.69,BEN367,Lapsed,Invalid,,,76.92
POL100135,H1202,  raj,,Motor,132615.59,493710.2,Bengaluru,raj40@yahoo.com,,20-10-2017,,2855966.37,1710.07,BEN420,Expired,,04/30/2019,,67.96
POL104585,H1492,  raj,,Health,,99815.03,Hyderabad,raj82@gmail.com,,,04-05-2019,-4484.93,-896.17,,,,12-05-2016,,
POL101650,H1493,arun,23,Travel,75197.83,,Chennai,arun@gmail,Rejected,"Sep 11, 2019",10-12-2019,-1158.7,6151.47,BEN194,,,07/31/2020,324709.66,0.48
POL104553,H1676, JOHN,10,Motor,50973.86,,Bengaluru,john98@gmail.com,Rejected,,06-10-2023,-1210.19,19852.49,,Lapsed,Invalid,,,
POL104747,H1886,,,lifee,84846.19,337949.77,Chennai,user41@yahoo.com,Rejected,,20-11-2018,,18078.31,BEN951,Expired,Valid,"Jan 02, 2017",276844.39,15.36
POL100355,H1918,Meena,89,lifee,,69052.6,,meena69@yahoo.com,Approved,16-04-2016,18-11-2023,,7648.23,BEN389,Lapsed,,,,
POL103562,H1699, JOHN,24,Health,9184.64,643409.31,Hyderabad,john78@yahoo.com,,"Nov 30, 2016",21-09-2019,-561.81,16431.01,BEN783,,,06/27/2020,257905.44,
POL101076,H1419,Priya ,61,,31339.55,413331.73,Hyderabad,priya55@ins.com,Pending,01/23/2016,26-09-2022,,10866.13,,Active,,19-11-2018,172941.21,
POL104305,H1048,arun,70,Home,,192396.68,  chennai ,arun52@yahoo.com,Approved,,"Jun 21, 2016",,9003.2,,Renewed,Invalid,04-01-2016,265339.43,0.62
POL104958,H1321,  raj,,healthh,-3254.78,,Hyderabad,raj67@yahoo.com,Pending,"Apr 17, 2016",11-10-2024,,16671.4,,,Invalid,,179225.27,
POL102109,H1778,arun,46,Motor,506.49,320764.08,  chennai ,arun85@yahoo.com,Approved,09/29/2016,26-10-2018,-1593.35,12356.84,,,Valid,,343310.54,
POL103390,H1369,arun,64,Life,,,Mumbai,arun55@gmail.com,,"Jan 24, 2018",08-02-2018,,14068.85,,,,,,
POL102839,H1122,Priya ,84,,157610.18,167903.35,,priya97@yahoo.com,Approved,18-09-2020,02/18/2023,,17261.94,,Lapsed,Valid,17-06-2018,,
POL103569,H1209,,32,Travel,41116.37,436307.42,,user71@yahoo.com,Pending,14-04-2016,29-01-2020,-8212.11,12885.1,,Expired,Invalid,22-01-2020,,
POL103706,H1412,,74,Life,,390578.88,Delhi,user96@ins.com,,"Mar 22, 2022",08/24/2018,1697964.41,2420.79,,Expired,,"Jun 08, 2018",26979.47,
POL103458,H1493,Meena,47,healthh,,262868.11,Hyderabad,meena62@yahoo.com,Not Filed,"Feb 06, 2023",08/18/2017,3878337.38,18752.73,,,Invalid,,,48.97
POL101897,H1843,arun,71,Travel,126556.05,,Chennai,arun9@ins.com,Not Filed,,"Sep 14, 2022",2116433.6,3428.95,BEN882,Renewed,Invalid,03-07-2025,241854.71,
POL104661,H1257,  raj,12,Life,32061.16,68774.53,Mumbai,,Not Filed,09-01-2019,25-11-2023,,409.63,BEN335,Renewed,Invalid,20-07-2019,,52.88
POL103851,H1560,,,Motor,69567.26,32434.55,Mumbai,user99@gmail.com,Approved,12-08-2016,16-01-2021,-2631.92,15269.13,,Expired,,10-07-2023,351331.35,
POL104840,H1758,  raj,,Life,39889.75,473792.67,  chennai ,raj58@gmail.com,,05-07-2016,12-02-2020,,6266.58,,Renewed,Invalid,13-07-2018,223424.3,
POL104857,H1232,kumar,63,Travel,163548.27,662709.17,  chennai ,kumar79@yahoo.com,,19-10-2016,04/23/2019,-3189.63,4894.76,,,,14-02-2023,,4.96
POL102971,H1649,,,Home,117752.96,403629.49,Delhi,user27@gmail.com,Approved,14-12-2019,10-04-2016,281191.2,13652.62,,,Invalid,,123688.69,32.99
POL100329,H1429,kumar,75,Motor,90412,,Chennai,kumar62@yahoo.com,,,05-09-2016,,2242.6,,Active,Invalid,14-06-2016,,
POL100823,H1441,kumar,51,Motor,95009.61,,Bengaluru,kumar51@gmail.com,Not Filed,,"Jul 31, 2025",4888267.75,9248.8,,Expired,Invalid,08-10-2019,325658.37,
POL104370,H1420,kumar,17,Life,23932.57,169337.45,,kumar90@gmail.com,Approved,08/14/2024,"Feb 07, 2018",2999181.13,4399.26,,Expired,,,262449.61,24.78
POL100064,H1140,arun,70,,92876.95,,,arun93@ins.com,Pending,"Jun 22, 2023",17-02-2023,4672916.92,15335.13,,Lapsed,Valid,16-05-2020,,92.85
POL102638,H1008,  raj,64,Health,73169.18,,Delhi,raj37@yahoo.com,Rejected,"Nov 18, 2017",,-814.1,1409.94,,,Valid,19-07-2017,,41.05
POL100772,H1598,,35,healthh,-4776.6,,  chennai ,user68@yahoo.com,Pending,10/23/2023,,,8310.16,,Expired,Valid,11-08-2023,38547.62,66.5
POL104613,H1404,arun,52,Health,35067.33,79137.49,Mumbai,arun5@gmail.com,,22-06-2019,05-11-2023,-5922.04,215.88,BEN918,Renewed,Invalid,10/14/2018,,
POL100365,H1362,Priya ,48,Home,19401.08,308314.8,Chennai,,Rejected,"Oct 23, 2018","Jul 04, 2020",3172618.39,4364.41,,Expired,Invalid,,,
POL104053,H1178,kumar,,Motor,11823.88,,Delhi,kumar19@gmail.com,,10-04-2016,24-07-2024,,4997.67,,Expired,,07-07-2022,,27.93
POL101107,H1135,kumar,,healthh,14614.92,451782.95,  chennai ,kumar1@yahoo.com,Not Filed,"Jan 27, 2023",06-10-2016,,-1761.53,BEN869,Expired,Valid,"Aug 16, 2017",219903.86,
POL104075,H1600,arun,10,Travel,158048.71,763836.98,Mumbai,arun8@ins.com,,,27-04-2016,-2922.14,13562.04,,,,04/26/2017,113712.76,77.96
POL104334,H1035,Priya ,,Travel,36936.64,60900.2,Delhi,priya45@gmail.com,,"Jun 01, 2025","Jul 20, 2022",-8428.4,5609.48,BEN368,Lapsed,,,,
POL104040,H1556, JOHN,65,,,373557.7,Bengaluru,john3@ins.com,Pending,"Jun 26, 2024","Mar 09, 2023",2459577.4,8554.3,BEN841,Renewed,Valid,15-06-2024,,0.97
POL103100,H1642,kumar,,healthh,54014.41,,Hyderabad,kumar34@gmail.com,Pending,"Nov 09, 2016",,3651758.57,5199.83,,Lapsed,Valid,"Feb 21, 2017",18235.79,
POL102295,H1182,arun,43,lifee,,,Chennai,arun63@yahoo.com,,04-05-2022,29-04-2025,,8675.93,BEN736,Active,Valid,"Oct 24, 2022",122000.03,
POL100669,H1435,kumar,,Health,65870.8,375428.99,Bengaluru,kumar@gmail,,10/30/2021,31-07-2022,-6054.36,14377.09,,Expired,Valid,11-02-2025,,85.28
POL104383,H1180,arun,46,lifee,196588.05,97856.91,Delhi,arun14@gmail.com,Not Filed,01-05-2019,03-11-2017,,18350.93,BEN441,Active,Invalid,31-05-2017,,
POL102016,H1693,kumar,,lifee,,,Hyderabad,kumar26@yahoo.com,Rejected,,01/31/2016,-6527.92,5053.69,,,Invalid,,,48.26
POL101955,H1863,kumar,,Home,49747.03,79155.7,Bengaluru,kumar50@yahoo.com,,,"Dec 06, 2024",,2166.43,BEN202,,,"Aug 31, 2019",,33.63
POL103456,H1772, JOHN,,Home,93317.02,18487.21,Chennai,john45@ins.com,Approved,08/26/2021,04-03-2020,4772160.95,15540.23,,Renewed,,10-08-2023,323634.88,11.06
POL102483,H1863,,39,Life,30144.65,294744,  chennai ,user98@gmail.com,Rejected,29-09-2022,06-08-2023,-5082.62,9232.35,,,Invalid,22-02-2022,,
POL100400,H1980, JOHN,,,164689.54,,Delhi,john81@yahoo.com,Not Filed,"Dec 04, 2019",15-02-2019,-1529.3,14578.71,,Expired,,"Nov 23, 2023",,91.3
POL103261,H1207, JOHN,37,Travel,82753.22,211378.91,Hyderabad,john84@gmail.com,Not Filed,,,-7156.34,-408.32,,,,,175010.37,
POL100613,H1194,Priya ,38,healthh,175823.16,774769.27,,priya44@yahoo.com,,01/23/2017,03-09-2023,-8985.88,16703.31,BEN751,,,,,73.99
POL104271,H1475,Priya ,,Motor,132537.64,,  chennai ,priya42@gmail.com,,07-04-2021,08-11-2022,-2534.97,19003.27,,Renewed,,26-01-2020,83836.93,0.33
POL103854,H1771,Priya ,38,Travel,,,,priya49@gmail.com,,01-05-2020,,,7842.82,BEN689,,Invalid,20-01-2022,236417.65,
POL103302,H1978,  raj,83,Home,20840.4,331610.5,,raj4@ins.com,Pending,,22-03-2018,,8549.28,,Lapsed,,09-04-2024,14363.95,88.74
POL103209,H1863,kumar,87,Travel,85747.29,526059.51,,kumar15@ins.com,Pending,,25-12-2020,,19644.11,,Active,Valid,16-05-2017,,
POL101817,H1589,kumar,53,Travel,,465626.6,Bengaluru,kumar81@gmail.com,Approved,11/14/2021,01-07-2024,,15807.97,,,,,369248.88,
POL100504,H1899,kumar,,Life,9884.34,,Bengaluru,kumar14@gmail.com,Pending,,,4480371.38,1704.36,,,Valid,21-01-2020,,
POL100227,H1900,,,lifee,2596.88,,,user33@yahoo.com,Not Filed,03/14/2022,12/24/2023,-3147.52,17072.96,,Renewed,Valid,"May 22, 2018",371002.96,
POL101755,H1997,arun,128,Home,,267276.72,Bengaluru,arun36@gmail.com,Rejected,27-03-2018,10/13/2024,1880921.94,8966.21,BEN572,Active,Invalid,,,65.01
POL100245,H1322,kumar,37,healthh,66187.53,287278.63,,kumar38@gmail.com,Not Filed,,06-07-2024,3621677.67,-1826.15,,,Invalid,"Aug 11, 2024",,88.76
POL101635,H1804,arun,,Home,,670900.1,Hyderabad,arun82@ins.com,Not Filed,02-09-2023,29-04-2023,,3118.13,BEN612,Expired,Valid,15-09-2024,251268.27,85.67
POL102724,H1970,,,Home,95720.33,,,user5@yahoo.com,Not Filed,13-12-2021,,762775.17,10984.85,,,,02-03-2020,,
POL102002,H1435,arun,,Home,155262.56,126978.21,  chennai ,arun60@ins.com,,12-05-2022,19-02-2016,-864.67,15626.03,,Expired,Valid,,,
POL100374,H1602,,42,Home,42802.69,,Chennai,user61@gmail.com,Rejected,"Sep 03, 2021",22-05-2020,1150152.14,8633.69,,,Invalid,"Jun 27, 2025",6885.01,72.76
POL100119,H1638,arun,31,Life,4888.19,301104.28,,arun81@ins.com,Rejected,"Feb 09, 2024",03-04-2021,-7300.23,13415.98,BEN528,,Valid,05/27/2018,,
POL100040,H1543,Priya ,,lifee,27268.9,,Chennai,priya7@yahoo.com,Approved,05/19/2023,"Feb 04, 2020",3326596.53,7112.04,,Active,,"Jul 31, 2024",44355.91,52.69
POL103567,H1157,Priya ,77,,73342.98,,Delhi,priya@gmail,Pending,"Nov 18, 2019",07/14/2022,,7979.23,,Renewed,Invalid,,361316.2,
POL100663,H1617,Priya ,4,,,,  chennai ,priya31@yahoo.com,,,08-04-2019,2164263.88,9132.61,,Active,,21-12-2016,191967.61,19.63
POL102766,H1854,Priya ,,Life,156009.08,372783.33,Hyderabad,priya26@ins.com,,11-07-2024,04-10-2021,-5858.61,10161.98,,Expired,,,241990.43,99.16
POL100646,H1657,arun,40,Motor,155332.75,,,arun56@yahoo.com,Not Filed,,"Nov 19, 2019",,287.59,BEN696,,,08-12-2018,,38.95
POL102578,H1117,,18,Travel,98850.73,,,user74@ins.com,Rejected,"Jun 11, 2017",,-6074.04,13706.84,,Active,Valid,02-03-2020,,
POL101435,H1909,Meena,19,lifee,,778726.08,Hyderabad,meena42@ins.com,Pending,"May 23, 2022",30-07-2023,,-346.44,,Active,Invalid,11-02-2019,,83.25
POL102697,H1811,  raj,50,Home,8892.43,94344.85,  chennai ,raj3@gmail.com,Pending,,"Oct 07, 2021",1714826.49,661.71,,Active,Valid,16-04-2020,395151.38,
POL102840,H1081,Priya ,77,Motor,96293.08,635754.51,Delhi,priya53@gmail.com,Rejected,,,,-1976.56,BEN229,,Valid,16-04-2025,267359.19,95.58
POL102065,H1289,,120,Life,39620.73,,Bengaluru,user15@yahoo.com,Not Filed,05-10-2023,,1326329.68,2980.36,BEN883,,,10-02-2016,,18.64
POL100755,H1985,Meena,,Travel,,60387.81,Hyderabad,meena68@ins.com,Rejected,06/13/2018,05/29/2017,,11136.6,,Expired,Valid,"Oct 03, 2024",,31.49
POL100554,H1165,arun,49,,91111.02,85573.04,Mumbai,arun67@ins.com,Pending,18-05-2020,09-05-2016,,963.76,,,Valid,,,88.34
POL102342,H1804, JOHN,120,healthh,84290.4,481084.38,Chennai,john54@yahoo.com,Pending,30-07-2021,07-11-2018,,18235.98,,Active,,"Nov 10, 2019",,
POL103667,H1115, JOHN,,lifee,9843.64,630492.72,Chennai,john85@yahoo.com,,,23-04-2021,-7889.46,13974.24,,Renewed,Invalid,12-05-2016,,91.91
POL104302,H1076,Priya ,36,Health,3976.74,188447.9,Mumbai,priya10@yahoo.com,,15-03-2017,,-3098.47,9961.47,,Expired,Invalid,30-04-2022,,
POL104432,H1976,,,Health,114023.52,,Mumbai,user78@gmail.com,Rejected,,"Feb 06, 2025",4792687.9,-1196.06,,Lapsed,Invalid,,200285.47,70.24
POL103573,H1172, JOHN,60,Travel,21316.72,,Bengaluru,john5@ins.com,Rejected,11-02-2025,13-12-2017,331555.87,16275.73,BEN508,,Valid,31-05-2025,75491.89,
POL100802,H1257,Meena,,Life,58045.02,,Chennai,meena21@ins.com,Pending,,,4162428.82,18368.25,,Active,Valid,,,
POL101387,H1523,kumar,23,Motor,,,Delhi,kumar6@gmail.com,Approved,24-08-2024,05/17/2023,,8498,,,Valid,27-09-2020,,56.75
POL102554,H1243, JOHN,79,Travel,167101.65,301824.49,Mumbai,john5@yahoo.com,,,10-11-2017,-5388.3,14450.85,,Lapsed,,03-10-2017,,
POL102777,H1657,,,Home,9139.1,575695.18,Bengaluru,user64@yahoo.com,,12-02-2022,"May 12, 2017",1919927.36,14660,,,,05-01-2020,193492.61,94.21
POL102036,H1587,kumar,42,Motor,78176.26,,Bengaluru,kumar1@yahoo.com,,,07-06-2024,,7666.83,BEN239,Renewed,,"May 19, 2019",147440.71,
POL103604,H1684,arun,112,,85733.91,,Bengaluru,arun56@gmail.com,Not Filed,,03-01-2017,1502733.12,18603.69,,Active,Invalid,08/20/2016,,5.3
POL104498,H1447, JOHN,46,,112234.99,46444.21,  chennai ,john27@ins.com,Not Filed,11/28/2016,14-12-2021,,7612.58,BEN244,,,15-07-2023,365608.64,
POL101818,H1309,kumar,122,,,,Mumbai,kumar29@gmail.com,,16-11-2023,16-05-2016,,3845.54,,Active,,10/26/2018,213232.21,
POL100378,H1732,,,healthh,,93837.21,Chennai,user8@yahoo.com,Not Filed,,02-06-2025,,5589.06,BEN114,Lapsed,,"Aug 27, 2023",233787.35,36.73
POL100793,H1873,Priya ,66,lifee,,143272.33,Bengaluru,priya@gmail,,,14-10-2021,,3632.57,BEN414,Expired,Valid,08-11-2024,,36.36
POL100605,H1907,arun,,,,221679.86,Delhi,arun72@yahoo.com,Not Filed,10/17/2024,,-9122.73,14212.83,,Lapsed,Invalid,"Jul 19, 2025",,
POL101958,H1718, JOHN,16,lifee,,,Mumbai,john74@ins.com,Rejected,"Feb 10, 2019","Jan 26, 2022",,3025.34,,Expired,Valid,28-04-2021,307582.98,52.07
POL101514,H1143,  raj,61,lifee,105239.22,160498.34,  chennai ,raj54@yahoo.com,Approved,10-10-2017,24-11-2016,,402.3,,,Invalid,11-11-2024,232608.48,
POL100289,H1794,Priya ,,Motor,198167.96,335062.16,  chennai ,priya94@gmail.com,Rejected,17-07-2018,,-8690.99,17048.82,,Lapsed,,13-11-2022,230862.96,69.6
POL101271,H1891,kumar,52,Motor,67365.49,342727.51,Delhi,kumar@gmail,Pending,16-06-2023,03-02-2024,,13215.33,,Lapsed,Invalid,11/17/2022,,94.5
POL102614,H1713,arun,,Health,9838.6,,Bengaluru,arun49@gmail.com,,,08-06-2025,-2804.23,18350.32,BEN495,Lapsed,Invalid,24-05-2020,288927.62,
POL103799,H1375, JOHN,31,Home,,79582.92,Hyderabad,john31@gmail.com,Not Filed,,"May 14, 2018",-2064.66,6198.67,BEN848,,Invalid,17-07-2019,,
POL104707,H1903,Meena,90,Home,,,Delhi,meena85@yahoo.com,Pending,12-11-2022,11-02-2024,3391499.32,18751.98,,Expired,Valid,,,87.58
POL103218,H1600,kumar,,Life,198101.01,481320.34,Delhi,,Not Filed,13-04-2020,01/14/2021,2442142.33,3231.41,BEN522,,Valid,"May 16, 2021",,
POL104729,H1404,arun,11,lifee,169345.3,234845.56,,arun2@gmail.com,Pending,18-11-2016,"Dec 09, 2021",-0.92,695.15,,,Valid,"Jun 29, 2019",141579.38,23.1
POL100297,H1416,,29,Health,,28705.76,Delhi,user2@gmail.com,,,12-10-2018,-4849.89,17537.77,BEN814,Renewed,Valid,,,71.42
POL101917,H1462,arun,27,healthh,,,,arun53@gmail.com,Rejected,12/25/2023,"Jan 29, 2024",-6101.68,6480.45,BEN871,Renewed,Invalid,,,
POL104967,H1759,arun,49,,66307.53,,Chennai,arun@gmail,Pending,22-02-2021,,-9802.79,12201.83,,Expired,,24-01-2024,,25.33
POL101319,H1088,Meena,,Motor,165379.98,750777.5,Delhi,,Approved,,04/21/2020,-8674.76,5964.61,,Lapsed,Valid,03/27/2018,,51.06
POL104467,H1958, JOHN,34,lifee,114690.09,,,john48@gmail.com,Pending,20-08-2016,,2098318.49,-306.91,,,,"May 07, 2022",,
POL103473,H1655,Priya ,121,Motor,27327.14,159413.82,Bengaluru,priya50@ins.com,Rejected,10/31/2023,"Mar 23, 2022",,10780.39,BEN737,Expired,Valid,03-09-2024,,60.45
POL100703,H1839,,,,34027.52,,Hyderabad,user64@gmail.com,Approved,21-01-2016,08-06-2022,2981762.89,9147.17,,Lapsed,Invalid,"May 18, 2018",,76.24
POL101634,H1114,Meena,83,Health,80153.7,,  chennai ,meena44@yahoo.com,,23-05-2018,24-03-2016,,9246.63,BEN268,Lapsed,Valid,"Nov 23, 2019",,
POL102996,H1525,arun,83,Travel,65902.71,149226.45,Bengaluru,arun56@ins.com,Pending,,22-05-2024,-9786.93,662.49,BEN576,,Valid,23-01-2018,371941.4,78.56
POL104275,H1294,kumar,77,healthh,,341573.68,Hyderabad,kumar65@gmail.com,Rejected,09/20/2023,"Nov 28, 2018",-1531.13,-1932.86,,,,02/26/2023,,
POL101549,H1752,arun,128,Health,-955,252837.24,Bengaluru,arun40@ins.com,,12/18/2018,"Oct 05, 2017",-8692.04,2807.72,,Lapsed,Valid,09-07-2017,288759.6,
POL102677,H1610,  raj,30,healthh,58861.96,679058.82,,raj85@yahoo.com,Not Filed,,"Dec 05, 2016",4428360.37,18932.36,,Active,,29-03-2023,323250.07,12.09
POL104443,H1033,arun,32,Life,122606.92,212990.19,Mumbai,arun11@ins.com,,08-03-2018,"Jan 18, 2016",4350598.6,159.01,BEN680,Lapsed,Valid,13-02-2016,14376.85,61.55
POL100482,H1275, JOHN,61,Motor,58756.71,,Bengaluru,john12@yahoo.com,Pending,25-01-2016,,,9555.59,,Expired,,18-04-2019,343400.1,
POL103231,H1289,  raj,18,Travel,,,Delhi,raj35@ins.com,Not Filed,,"Mar 15, 2018",-2385.15,-590.19,,Active,,17-09-2022,,
POL103090,H1838,  raj,68,Travel,35583.07,,Hyderabad,raj60@ins.com,,12/27/2021,"Apr 19, 2023",,8181.41,,,,"Dec 20, 2021",33883.3,
POL100571,H1290,  raj,60,healthh,67578.73,429496.66,,raj82@ins.com,,"Sep 20, 2021",01/25/2016,-6236.85,3470.41,,Renewed,Valid,11/28/2018,181223.91,15.17
POL104748,H1748, JOHN,66,,49937.98,,Delhi,john33@yahoo.com,Rejected,"Feb 19, 2023",17-04-2016,4016893.93,7452.51,,Renewed,Invalid,16-03-2023,299710.79,
POL103639,H1092, JOHN,108,healthh,,,,john21@gmail.com,,26-11-2023,25-02-2017,,-1284.74,,Active,,"Feb 12, 2020",70010.88,
POL101007,H1515,Meena,,,28238.68,202675.86,Chennai,meena@gmail,,02-11-2017,,4956066.8,19883.86,,Lapsed,,09-04-2017,278151.79,
POL102602,H1606,kumar,71,healthh,93932.59,586794.62,,kumar12@ins.com,Pending,23-03-2025,,-8073.79,17900.25,,Renewed,Valid,01-10-2017,303549.59,78.9
POL102669,H1304,arun,37,,145041.96,,Bengaluru,arun6@yahoo.com,,"Jun 29, 2017",09-01-2020,,12199.72,BEN780,Renewed,Invalid,19-03-2016,324061.84,69.63
POL100910,H1725,Priya ,,,129734.76,,,,,04/26/2020,,4300049,18825.4,BEN810,Lapsed,Valid,05-08-2023,84203.62,
POL103351,H1153,Meena,46,Health,,399135.46,Mumbai,meena18@yahoo.com,Rejected,,12-11-2020,-3668.24,-505.11,BEN719,Active,Valid,,,
POL102685,H1127,arun,25,lifee,71821.48,,Mumbai,arun36@ins.com,Pending,30-06-2022,08-06-2024,,9181.03,,,Invalid,"Oct 31, 2022",127011.05,41.24
POL104440,H1983,arun,,Motor,61430.92,186264.71,  chennai ,arun@gmail,Approved,"Jul 28, 2025",08/25/2023,1436540.55,12619.9,,Lapsed,,"Dec 02, 2023",,
POL102049,H1469,Meena,50,Life,,,,meena42@gmail.com,Rejected,06-12-2024,16-12-2019,,767.29,,Lapsed,Invalid,07-12-2021,,66.53
POL104001,H1535,  raj,46,Travel,139666.26,780131.43,Delhi,raj72@yahoo.com,Pending,,08/30/2020,,13164.27,,Lapsed,,12-09-2017,,
POL101255,H1753,,39,Motor,,,Hyderabad,user10@gmail.com,,09-10-2019,14-01-2024,-1404.74,5792.73,,Renewed,Valid,18-02-2023,,41.71
POL103009,H1800,  raj,,,181720.16,80605.7,,raj29@gmail.com,Not Filed,05-06-2024,11-10-2022,,4160.64,BEN437,Active,Invalid,,,57.8
POL104207,H1527,kumar,53,healthh,24384.36,,,kumar99@ins.com,Approved,08-02-2018,"Nov 23, 2024",-7512.65,17306.81,BEN673,Renewed,Invalid,04-08-2022,,
POL100224,H1218,  raj,52,healthh,,,Mumbai,raj39@gmail.com,Not Filed,10-05-2018,13-11-2021,3187941.07,16121.64,BEN761,Lapsed,Invalid,"Aug 14, 2020",,
POL101367,H1571,  raj,,Home,176756.05,304850.35,Mumbai,raj42@ins.com,,28-02-2024,07-01-2016,4090656.48,8447.76,,Active,,,,40.1
POL104445,H1028,Priya ,,Home,,197077.29,Delhi,priya3@yahoo.com,,10-06-2025,12-01-2018,,-766.87,BEN779,,,25-01-2021,326777.53,25.56
POL103678,H1141,  raj,,Home,50112.89,422168.89,  chennai ,raj84@gmail.com,,"Jun 23, 2022",01-09-2021,,-538.74,BEN983,Lapsed,Invalid,11-11-2023,345646.29,
POL103304,H1793,Priya ,48,Life,54151.2,,Bengaluru,priya13@yahoo.com,Pending,23-05-2020,,-2941.08,5939.22,BEN788,Active,,"Jul 10, 2017",,
POL101853,H1771,,32,,195152.16,753314.36,  chennai ,user75@gmail.com,Rejected,11-03-2016,,,13140.5,,Lapsed,,,,55.71
POL101283,H1441,,77,Life,177129.3,767560.11,,user92@ins.com,Approved,17-02-2018,05-08-2017,57607.19,3431.79,,Expired,,04-05-2020,316942.15,46.88
POL101930,H1390,  raj,,lifee,,4877.27,Chennai,raj39@gmail.com,,,17-02-2025,,16885.67,,Lapsed,,07-06-2022,,
POL103905,H1009,arun,18,Motor,38102.75,243085.98,  chennai ,arun64@gmail.com,Rejected,,17-07-2025,3427484.53,3613.96,,Renewed,,29-10-2024,,74.55
POL102544,H1726,kumar,53,Motor,,34982.14,Hyderabad,kumar85@ins.com,Rejected,02-01-2020,"Mar 11, 2022",-3377.22,9101.79,BEN235,Active,,,378363.5,24.46
POL100081,H1070,,99,Home,66036.97,335618,Hyderabad,user65@yahoo.com,Not Filed,,18-03-2024,-6404.71,11064.04,BEN187,Expired,,18-08-2024,,56.32
POL102604,H1438, JOHN,47,Motor,,364076.14,,john74@ins.com,,01-02-2019,"Mar 13, 2016",-7806.69,-638.71,BEN375,Renewed,Invalid,13-06-2022,,90.56
POL101971,H1258, JOHN,64,healthh,,302796.88,,john29@yahoo.com,,15-10-2017,07-07-2025,,2078.9,,Expired,Valid,,176977.75,43.58
POL103840,H1298,arun,106,Home,80716.78,,Delhi,arun66@yahoo.com,Not Filed,01/30/2020,,,13845.12,,,Valid,31-01-2023,136787.19,
POL101673,H1393,kumar,34,lifee,73954.06,260352.26,Chennai,kumar31@ins.com,Approved,01-09-2023,30-01-2021,-2432.16,9922.43,BEN419,Expired,,29-04-2019,,
POL104347,H1318,arun,73,Home,49818.61,,Chennai,arun56@ins.com,Approved,11-12-2020,03-04-2022,1968408.93,11908.82,BEN638,,,14-08-2018,,
POL104324,H1343,kumar,1,Travel,,180891.72,,kumar65@yahoo.com,,04-12-2018,,,18360.49,BEN138,,,"Jan 01, 2020",297773.43,
POL100106,H1387, JOHN,,Travel,,,Chennai,john21@yahoo.com,Approved,,21-07-2022,1722855.39,13499.1,,Expired,,15-09-2017,21422.3,
POL104138,H1452,,61,Home,,503834.68,  chennai ,user53@ins.com,Approved,"Feb 18, 2025",18-05-2016,4386343.33,6289.34,,,,11-11-2022,,44.59
POL104614,H1447,Meena,55,Health,115328.65,525671.04,Delhi,meena12@ins.com,Not Filed,"Jan 19, 2023","Aug 07, 2018",,1074.86,BEN727,Renewed,Invalid,"Mar 02, 2017",326652.33,0.26
POL103599,H1934,kumar,,Life,,387188.84,Chennai,kumar12@yahoo.com,Rejected,,,1126281.42,2024.15,,Lapsed,,"Sep 17, 2020",275526.69,
POL102473,H1489, JOHN,20,lifee,,487601.16,Hyderabad,john60@yahoo.com,,12/22/2017,12-11-2024,-9481.98,3723.15,BEN453,,Invalid,05/30/2018,,94.98
POL103160,H1818,kumar,71,Travel,188742.12,,Chennai,kumar67@ins.com,Rejected,,12/15/2021,-9326.95,7069.54,,Active,,20-12-2019,96762.18,
POL102249,H1122,Meena,58,Life,,656246.45,  chennai ,meena44@yahoo.com,Approved,09-01-2017,10-05-2023,,9202.04,BEN931,Expired,Invalid,14-05-2021,,27.63
POL100359,H1015, JOHN,65,Home,39762.82,215787.25,  chennai ,john2@ins.com,Rejected,,10/29/2016,4188198.99,8179.93,BEN550,Renewed,Valid,09/30/2017,,
POL102443,H1113,Meena,73,Life,84354.19,53904.23,Hyderabad,meena74@ins.com,Pending,14-02-2022,"Oct 17, 2016",775883.31,-598.07,BEN423,Active,,"Jul 08, 2018",,
POL100169,H1586,Priya ,57,lifee,13611.33,,  chennai ,priya68@ins.com,Not Filed,28-04-2024,,-6825.04,9725.15,BEN836,Expired,,21-07-2024,290831.81,88.01
POL102090,H1824,  raj,16,Motor,75934.71,281901.04,,raj70@ins.com,Rejected,09-02-2021,26-01-2019,-771.51,15767.1,,Expired,Invalid,07-12-2019,,36.23
POL101926,H1577,arun,23,Home,126858.84,43559.64,Chennai,arun7@gmail.com,Not Filed,11-01-2021,20-11-2017,-1712.24,9946.71,,Expired,,28-01-2024,64425.54,
POL101223,H1146,,23,Motor,,,Bengaluru,user82@gmail.com,Pending,08/14/2016,"Jul 11, 2023",262319.9,150.37,,Active,,,,38.53
POL104543,H1377,Meena,,Motor,,230613.71,Delhi,meena51@yahoo.com,Rejected,09/21/2018,08-11-2021,237287.45,8271.43,,Renewed,,,,
POL102922,H1417,Priya ,71,Home,,407254.11,Chennai,priya25@gmail.com,Rejected,02/26/2016,29-11-2021,,-1547.13,BEN317,Lapsed,,01-05-2016,392343.42,97.33
POL102265,H1090,Priya ,,Motor,20098.99,448193.86,Bengaluru,priya29@gmail.com,Approved,"Apr 07, 2021",04-05-2024,-3755.57,3094.59,,Active,,,341583.78,44.02
POL101859,H1390,kumar,,,95519.48,585547.62,  chennai ,kumar29@yahoo.com,Pending,"Jul 19, 2021",,-8156.53,13914.07,,Lapsed,Valid,10-12-2023,174727.55,67.9
POL101192,H1496,arun,41,healthh,,,  chennai ,arun99@gmail.com,Not Filed,06/14/2021,"Dec 03, 2018",,-1828.34,,Active,Valid,"Sep 03, 2024",150487.25,
POL103607,H1631,arun,68,Travel,73722.45,37320.91,Mumbai,arun52@gmail.com,Rejected,14-03-2022,"Oct 31, 2018",740119.17,6255.91,,Expired,,01-09-2020,,64.46
POL102511,H1980,arun,85,Motor,80762.42,,Hyderabad,arun69@yahoo.com,Not Filed,29-05-2023,,248649.44,1591.16,,,,04-09-2019,281614.94,40.09
POL103232,H1219,Meena,32,,99856.21,,Bengaluru,meena21@ins.com,,09-09-2024,19-06-2017,,15969.23,,,,23-10-2019,,24
POL104331,H1967,arun,,Motor,,290397.64,Bengaluru,arun5@ins.com,Pending,,08-08-2021,4025551.07,16913.62,BEN506,Active,,14-02-2021,398205.03,
POL100866,H1232,  raj,62,Motor,14924.2,296929.56,,raj50@gmail.com,,20-12-2022,08-08-2022,,6296.65,BEN802,,Valid,09-06-2018,,
POL103906,H1886,kumar,31,Life,190823.4,360603.3,Chennai,kumar34@ins.com,,,03-01-2019,,19065.99,,Renewed,,25-02-2019,,
POL102957,H1008,kumar,65,lifee,,214501.88,Hyderabad,kumar34@ins.com,Approved,"Jul 15, 2016",,,501.62,,Lapsed,,27-05-2018,287737.06,0.97
POL100341,H1912,Meena,,Life,,525790.37,Chennai,meena56@gmail.com,Pending,18-06-2018,25-12-2016,,19239.97,,,,,69980.9,88.8
POL101143,H1597,Priya ,28,lifee,,410832.5,Chennai,priya60@yahoo.com,Approved,09-11-2018,01-07-2017,,-786.26,,,,08-04-2023,302304.65,
POL104147,H1500,,34,Motor,59733.85,,,user54@gmail.com,Rejected,13-07-2017,14-12-2017,3933301.64,8636.13,BEN595,Renewed,,"May 12, 2017",389079.78,
POL102243,H1478,arun,28,Health,,392926.01,  chennai ,arun28@yahoo.com,Pending,07/15/2024,10-01-2024,864559.7,13330.82,BEN772,Renewed,,"Jul 03, 2019",,
POL103697,H1708,Meena,,healthh,23429.8,,Bengaluru,meena96@yahoo.com,Approved,02-07-2023,"Aug 01, 2018",,18296.13,,Renewed,,,,
POL100290,H1214,Priya ,,Health,,491350.27,  chennai ,priya46@gmail.com,Pending,11-08-2023,31-08-2023,-3499.02,7544.07,,,,13-07-2018,,39.66
POL104136,H1713,,-3,lifee,,285411.99,Mumbai,user44@yahoo.com,Pending,10-05-2020,,-1734.83,18052.3,,Renewed,,30-12-2017,,
POL104927,H1437,,18,Home,113079.76,60519.86,Mumbai,user38@gmail.com,Pending,,17-09-2020,,14307.15,,Renewed,,03-12-2018,,
POL104025,H1904,  raj,-2,Life,22130.07,580625.2,Bengaluru,raj69@gmail.com,,12-03-2016,21-07-2025,-4509.52,1080.8,,Active,Invalid,30-07-2019,178782.61,72.98
POL103109,H1820,,66,Life,126067.98,,Delhi,user96@ins.com,Not Filed,,18-09-2018,3926915.37,6314.77,BEN836,Renewed,,16-06-2021,,
POL102076,H1961,Meena,32,lifee,62763.86,215636.03,Delhi,meena61@ins.com,Pending,,"Jul 01, 2018",-1874.71,9801.1,BEN183,,Invalid,11-03-2025,,
POL103272,H1032,Priya ,53,Home,,420647.2,Mumbai,priya30@yahoo.com,Pending,,"Jun 20, 2019",3588433.95,18622.01,BEN569,Expired,Invalid,01-01-2019,,
POL103158,H1247, JOHN,,Health,28023.83,,Chennai,john41@yahoo.com,,"Mar 26, 2025",,,12823.15,BEN915,Lapsed,Invalid,"Dec 04, 2024",16437.84,
POL100600,H1921,Meena,86,Motor,76074.88,,Delhi,meena24@gmail.com,,,11-06-2024,2228765.02,-1296.21,BEN389,Renewed,Valid,"Jan 16, 2016",,
POL103691,H1166,kumar,52,Motor,124052.26,793154.9,,kumar35@gmail.com,,,"May 27, 2021",4565738.63,10028.4,BEN171,,Valid,03-01-2022,333636.27,
POL102622,H1353,Priya ,,Travel,19980.33,,Chennai,priya35@gmail.com,Rejected,"Aug 04, 2016",24-02-2020,,4769.93,,,,17-03-2024,,
POL101331,H1388,arun,24,Motor,34011.79,224439.03,  chennai ,arun95@gmail.com,Approved,10/29/2024,08-05-2018,3038430.48,-1365.49,,,Valid,22-06-2016,336602.05,41.31
POL100393,H1441, JOHN,76,Travel,90406.26,,Chennai,john@gmail,,04-01-2016,"Feb 13, 2021",2587529.79,18403.69,,Renewed,,07-10-2017,73572.14,
POL103774,H1779,Meena,84,Travel,17682.21,316217,Mumbai,meena67@yahoo.com,Not Filed,31-05-2021,07/26/2023,2607424.78,8025.76,,Active,,27-09-2023,,
POL100765,H1446, JOHN,50,Travel,194948.73,50422.15,Hyderabad,john69@yahoo.com,Approved,07-11-2016,12/30/2023,3098793.35,3015.53,BEN116,,Valid,18-12-2018,274022.4,
POL102679,H1979,arun,,Motor,68748.64,61054.04,,arun17@ins.com,Rejected,"Jun 11, 2022",05-05-2023,-4000.34,5808.61,,Active,,"Oct 04, 2024",,
POL104522,H1982,Priya ,40,Motor,14883.89,341573.65,  chennai ,priya38@yahoo.com,Rejected,25-06-2023,06-06-2016,,12521.88,,Active,,,263209.41,
POL100688,H1420,arun,,Home,53093.63,,,,Approved,,04-12-2017,,15822.49,,Active,Invalid,17-11-2017,261047.3,59.65
POL102995,H1607,  raj,57,Motor,3735.56,222826.94,,raj3@yahoo.com,,29-12-2024,"Jun 02, 2025",,8259.59,,Expired,Invalid,11-12-2023,397532.9,40.29
POL102157,H1240,kumar,113,,10951.77,,  chennai ,kumar63@yahoo.com,Rejected,"Mar 28, 2021",21-01-2025,-13.22,8116.36,,,Invalid,12-09-2020,274740.66,69.36
POL101402,H1898, JOHN,,lifee,117898.65,281890.02,Mumbai,,,15-06-2020,06-05-2021,-8363.49,14230.62,BEN960,Expired,Valid,27-07-2019,159746.5,
POL103536,H1162,Priya ,,Health,,423627.54,Chennai,priya16@yahoo.com,Pending,23-08-2022,12/21/2024,-9968.55,18045.62,,Renewed,,"Nov 18, 2022",284295.91,26.23
POL102160,H1130,Priya ,59,Travel,25442.92,,Hyderabad,priya32@ins.com,Not Filed,12-12-2024,,-1751.99,12463.27,BEN944,,Invalid,13-05-2020,34922.49,62.55
POL103526,H1658,  raj,,Motor,92988.23,466696.69,,raj12@gmail.com,Approved,"Dec 07, 2023",13-12-2023,-610.34,16308.26,,Active,,,,39.19
POL104005,H1553, JOHN,97,Life,,410006.39,Delhi,john37@gmail.com,,,,3438218.56,7178.58,,Expired,Invalid,05-06-2024,301878.51,50.19
POL100204,H1276,  raj,28,lifee,5953.76,288012.37,Delhi,raj@gmail,Rejected,24-04-2022,,,1044.93,BEN442,,Valid,"Jun 14, 2018",,
POL102348,H1552,arun,,Travel,24821.63,10355.73,  chennai ,arun10@gmail.com,,,07-03-2021,-3601.36,19949.58,,,,17-10-2020,41561.83,72.97
POL102720,H1815,,66,Health,163846.79,733292.54,Chennai,user@gmail,Approved,02-06-2025,"Jun 19, 2017",683091.41,1546.54,,Expired,Valid,11-08-2019,160019.92,
POL104995,H1953, JOHN,20,Home,,,Mumbai,john9@ins.com,,01/31/2024,,275646.11,12897.06,,Active,,28-12-2024,,
POL104316,H1494, JOHN,,lifee,44829.85,128620.98,Mumbai,john54@gmail.com,,,"Dec 18, 2022",,15603.03,,Renewed,Valid,01-06-2023,280320.03,
POL100699,H1158,Priya ,,,,,Bengaluru,priya14@ins.com,Pending,01-10-2024,,-2772.05,6059.4,,,Valid,06-10-2024,67886.58,66.91
POL100050,H1160,kumar,,Travel,46721.85,,Mumbai,kumar15@ins.com,,19-07-2023,23-02-2018,4978789.23,3567.08,,Expired,Valid,01/20/2024,43547.65,
POL100886,H1893,Priya ,,,67711.75,,Delhi,priya84@ins.com,Approved,,,-9676.82,-976.75,,,Valid,"Jan 19, 2021",149040.26,
POL101873,H1104,  raj,81,Health,,1432.13,Delhi,raj45@ins.com,,03-10-2021,28-05-2022,4537691.26,18594.81,,,,,338990.77,
POL101722,H1430,arun,25,Life,120063,,,arun90@ins.com,Approved,"Sep 17, 2022",06/27/2024,-9311.38,16801.68,BEN818,Renewed,,"Dec 20, 2020",,
POL101479,H1901,,42,Life,169072.11,,Mumbai,user50@ins.com,Approved,07/27/2024,02-03-2020,3856413.5,18665.7,,Expired,,,199130.29,79.67
POL102555,H1671,arun,,,65016.23,486953.46,  chennai ,arun16@yahoo.com,,,"Mar 04, 2019",-7715.02,15892.36,,,Valid,09-12-2018,,
POL103026,H1929,kumar,76,Motor,83012.22,60568.53,Chennai,,Not Filed,06/15/2018,,-7498.65,17107.79,,,,16-03-2022,239837.74,57.58
POL101951,H1581,Meena,25,,295.72,77175.38,Mumbai,meena50@yahoo.com,Rejected,22-10-2021,,-5406.88,16094.06,BEN582,,Valid,"Mar 05, 2024",,
POL101337,H1484, JOHN,,Motor,,,,john38@ins.com,,25-09-2022,24-07-2018,2142509.62,-794.09,,Lapsed,Valid,01-12-2019,,27.91
POL104407,H1484,Meena,45,Travel,,442679.73,Delhi,meena5@gmail.com,Pending,27-06-2016,18-10-2023,-6063.53,7735.12,,Active,Valid,17-10-2022,,
POL101611,H1199,Meena,63,healthh,131423.12,328661.8,Delhi,meena8@yahoo.com,,"Jan 01, 2020",31-01-2025,-6747.29,4087.72,,Expired,,28-10-2017,,
POL101480,H1224,,49,Home,3433.69,485546.28,Hyderabad,user57@yahoo.com,Pending,,01-11-2018,3410322.3,1962.42,,Expired,,,,56.09
POL104970,H1650,Priya ,-4,Travel,,631624.61,Hyderabad,priya@gmail,,03/29/2018,,-4734.97,10398.05,BEN581,Expired,,02-08-2018,,61.35
POL104669,H1189,arun,87,healthh,,415506.66,Hyderabad,arun77@yahoo.com,Not Filed,"Mar 28, 2020",20-07-2016,,7317.19,BEN902,Renewed,,10-01-2018,85317.66,43.4
POL103869,H1281,,,Health,23829.82,,  chennai ,user28@gmail.com,Rejected,13-07-2019,,,17604.58,,Active,Invalid,12/24/2018,,
POL100012,H1840,,53,Travel,,139562.5,Hyderabad,user69@gmail.com,Approved,18-12-2018,01-02-2023,933910.69,-1158.34,,Lapsed,,"Aug 09, 2021",,
POL102579,H1786,arun,127,Home,126741.76,138830.09,Bengaluru,,,28-11-2023,"Jul 22, 2020",3788809.53,6051.3,BEN903,Renewed,,"Jul 10, 2024",201289.68,54.86
POL103798,H1770,Priya ,21,Motor,48929.99,278271.16,Mumbai,priya20@yahoo.com,Rejected,19-08-2024,,2581428.1,-373.62,BEN401,Expired,Invalid,08-02-2019,,65.65
POL101904,H1113,Priya ,,,71368.19,,  chennai ,priya21@yahoo.com,Approved,22-01-2021,07-08-2024,-8496.95,19354.62,BEN236,Expired,Invalid,,,55.3
POL104488,H1332,Priya ,,,189500.44,468036.44,,priya93@gmail.com,Pending,13-09-2022,"May 15, 2019",,17054.11,BEN372,Expired,,,,72.64
POL102176,H1547,kumar,116,Health,2716.05,424255.2,Delhi,kumar41@gmail.com,Approved,,22-01-2016,,17059.12,,Active,,,103957.27,84.17
POL101552,H1725, JOHN,32,,31196.93,,Hyderabad,john84@yahoo.com,Approved,"Dec 20, 2024",,2167625.25,5349.07,,Expired,,"Feb 21, 2019",318170.86,
POL102901,H1078,,1,Health,81753.99,206373.52,Delhi,,,"Oct 09, 2023",07-01-2018,-6672.38,-1490.42,,Expired,Valid,05-10-2021,,
POL103074,H1958,Priya ,62,lifee,,123187.72,  chennai ,priya92@yahoo.com,,01-10-2019,11-10-2022,,5915.22,,Expired,,26-05-2020,,50.18
POL100851,H1807, JOHN,48,Life,14201.87,,,john1@gmail.com,Rejected,02-08-2024,13-08-2024,,5555.19,BEN166,Renewed,,11-12-2017,329745.67,62.04
POL100792,H1514,kumar,60,Life,,,Delhi,kumar@gmail,Not Filed,"Oct 21, 2024",17-01-2024,560329.13,14247.78,BEN679,Active,Valid,"Aug 02, 2021",,
POL101183,H1108,arun,42,lifee,1919.34,29926.91,Mumbai,arun66@yahoo.com,Not Filed,"May 13, 2022","Jun 15, 2017",4429308.53,10133.63,,Expired,,"Mar 23, 2019",,28.93
POL104055,H1070,Meena,,lifee,39863.49,718795.56,Hyderabad,meena61@ins.com,Not Filed,05/23/2018,"Aug 25, 2022",,8937.83,BEN156,Active,,04-01-2016,237012.63,
POL101388,H1294,,,Travel,35319.47,328893.65,Delhi,user36@gmail.com,Not Filed,,05-08-2021,-2458.52,5031.52,,Renewed,Invalid,26-02-2022,213643.9,
POL100906,H1710,arun,16,Home,-3338.13,440606.76,  chennai ,arun48@yahoo.com,Not Filed,"Oct 11, 2017","Aug 26, 2018",566418.02,3996.44,,Expired,Invalid,"Mar 22, 2023",16361.16,48.46
POL103418,H1706,,51,Life,,321378.73,Mumbai,user87@gmail.com,,21-10-2017,26-07-2021,,3808.18,BEN251,Active,,04-09-2020,,79.77
POL100568,H1471,,38,healthh,16256.67,315412.32,,user70@ins.com,Pending,10/21/2021,,-4045.26,7868.77,BEN250,Active,,01-06-2022,292382.69,
POL103006,H1530,Meena,35,Travel,96209.2,,,meena60@ins.com,Rejected,03-03-2022,,,18615.96,,,,03-10-2022,,80.73
POL104196,H1845,Priya ,,Home,158186.12,132595.53,Chennai,priya83@yahoo.com,Pending,,06-08-2020,,9602.65,,Active,Valid,"Jun 03, 2021",121155.15,
POL102490,H1062,kumar,,,,,  chennai ,kumar59@gmail.com,,"Mar 19, 2025","Aug 11, 2017",-3054.52,341.27,BEN148,Renewed,,"May 13, 2025",,
POL103075,H1688,Meena,,Health,134313.87,416701.2,Delhi,meena4@yahoo.com,Pending,09-11-2023,,4103131.88,-736.77,,Lapsed,,"Nov 24, 2020",110656.5,
POL102785,H1788, JOHN,77,Travel,,,Mumbai,john53@gmail.com,,03-04-2017,"Dec 09, 2016",,8604.56,,,Invalid,,,64.04
POL104715,H1143,,,Life,24287.68,,,user81@ins.com,,19-04-2024,12-07-2019,,18644.61,,Renewed,,"Aug 06, 2020",353140.2,79.38
POL102973,H1228,,,healthh,48018.73,38023.76,  chennai ,user78@yahoo.com,Pending,,03/13/2020,-5591.67,16971.32,,Renewed,,31-07-2024,136107.66,37.58
POL102269,H1399,  raj,83,Health,115010.56,,  chennai ,,Rejected,"Jul 28, 2017",,-2600.58,19442.98,,Active,Valid,"Jun 10, 2018",,17.18
POL101893,H1506,kumar,82,Travel,36276.07,220612.28,Delhi,kumar23@ins.com,Not Filed,"Apr 08, 2025",19-05-2025,,2199.77,BEN911,Lapsed,,07-12-2022,,
POL103460,H1164,arun,,Motor,,,Bengaluru,arun1@yahoo.com,Rejected,19-02-2021,08-05-2018,,9193.32,,Renewed,Valid,"Nov 24, 2019",,
POL103519,H1375,arun,40,Life,,334131.41,Bengaluru,arun31@gmail.com,,01/31/2021,,3828330.94,10499.94,,Active,Valid,23-11-2019,,11.35
POL104479,H1789,Meena,,Motor,32499.9,,Chennai,meena30@gmail.com,,10-02-2016,21-03-2025,-1227.39,-1661.3,,Active,Valid,01-06-2024,,
POL100488,H1526,arun,124,healthh,71569.98,,  chennai ,arun50@gmail.com,Not Filed,25-05-2025,19-11-2017,,2278.86,BEN682,Renewed,Invalid,"May 27, 2016",218822.39,
POL100257,H1505,Priya ,44,Motor,13179.38,440501.55,  chennai ,priya3@yahoo.com,,,,1301959.31,-1956.99,,,Valid,12/15/2020,173019.27,27.4
POL100744,H1134,arun,78,lifee,45431,204520.07,Bengaluru,arun20@yahoo.com,,03-10-2021,17-06-2021,1582619.45,8796.56,,Expired,,12-11-2016,,48.22
POL100432,H1390,  raj,,Motor,35838.12,,Mumbai,raj45@yahoo.com,,17-05-2017,06/20/2021,2286051.09,-1551.18,BEN720,,Valid,03/31/2018,,
POL100687,H1255,kumar,30,Travel,,,,kumar89@gmail.com,Rejected,,07-03-2022,3808186.43,1301.79,BEN118,,,11-06-2022,,
POL103887,H1638,Meena,77,Home,,68126.24,Hyderabad,meena5@ins.com,Not Filed,10-06-2024,15-12-2016,3435152.97,8164.87,,Expired,,"Apr 16, 2020",188781.48,
POL103410,H1913, JOHN,,,,,Chennai,john41@gmail.com,Rejected,11/19/2024,,-7058.58,-53.94,,Renewed,,12-02-2021,316363.06,
POL102197,H1944,,,Life,,256228.34,  chennai ,user95@ins.com,Not Filed,01-05-2025,"Oct 02, 2022",-1592.75,4954.65,,Lapsed,Invalid,"Apr 22, 2021",,
POL103547,H1940,Meena,1,Life,,683309.28,Hyderabad,meena75@yahoo.com,Rejected,,"Feb 22, 2020",339219.28,1519.04,,,,24-06-2021,,80.99
POL102756,H1701,Meena,,Home,12993.64,583465.06,Mumbai,meena40@gmail.com,,10-04-2024,"Jul 01, 2017",2582375.15,8486.28,,,Invalid,22-04-2023,82441.41,
POL104784,H1636,Meena,,lifee,37597.67,,Delhi,meena82@ins.com,Not Filed,15-11-2019,04/21/2020,-2273.12,15220.71,,Lapsed,Valid,,224654.37,
POL103641,H1114,  raj,112,,49593.29,577674.34,,raj2@yahoo.com,,25-09-2024,15-05-2024,-2449.94,14660.65,BEN135,,Valid,,,32.36
POL102346,H1263,Meena,,Travel,44549.38,181374.67,Delhi,meena@gmail,,"May 04, 2025","Dec 12, 2021",,9076.64,BEN921,Expired,Valid,20-05-2018,244845.02,77.69
POL101774,H1703,  raj,37,Motor,,,Hyderabad,raj54@gmail.com,,02/28/2022,,-6416.72,12104.96,,Renewed,,03-08-2018,55283.72,89.26
POL103921,H1605,  raj,111,Travel,29017.23,335367,  chennai ,raj84@gmail.com,,01-03-2019,05-03-2021,-6752.01,3598.79,,,,,,99.4
POL104339,H1458,kumar,,lifee,,744530.83,Bengaluru,kumar6@gmail.com,Rejected,"Jan 25, 2022","Oct 28, 2020",-6975.92,3867.29,BEN124,Renewed,Valid,11-09-2021,137718.38,54.74
POL101397,H1165,Priya ,78,Home,,,Mumbai,priya30@yahoo.com,Not Filed,,,,15676.67,,,,15-09-2024,62054.12,42.32
POL102145,H1770, JOHN,26,Motor,,198202.37,  chennai ,john20@yahoo.com,Approved,"Jan 04, 2024","Aug 05, 2018",4621298.76,17392.33,,Renewed,Valid,01-09-2018,,
POL102518,H1312,Priya ,,,103406.41,278956.71,Bengaluru,priya@gmail,,,17-02-2024,-6440.02,3082.82,,,Invalid,,,20.34
POL101397,H1165,Priya ,78,Home,,,Mumbai,priya30@yahoo.com,Not Filed,,,,15676.67,,,,15-09-2024,62054.12,42.32
POL100507,H1206,,,lifee,66752.77,190428.65,Bengaluru,,Approved,"Apr 16, 2019","Jun 24, 2025",,14463.13,,Expired,,13-05-2025,,
POL100764,H1458, JOHN,80,Travel,92568.49,557681.17,,john36@yahoo.com,Approved,10/23/2017,,,10964.1,,Lapsed,Valid,05/16/2025,,14.29
POL103307,H1603,,,Health,173063.38,383344.48,,user81@ins.com,Rejected,"Dec 01, 2021",,,11558.98,BEN179,,Invalid,18-11-2018,,
POL103866,H1694,kumar,80,Home,,328193.92,Chennai,kumar40@ins.com,Rejected,07-05-2025,"Nov 22, 2021",-9045.28,9299.41,BEN576,Renewed,Valid,06/29/2017,,
POL102874,H1701, JOHN,,Motor,,,Delhi,john49@gmail.com,Not Filed,21-01-2024,"May 23, 2023",-4627.15,-1561.38,,,,28-11-2023,205304.28,
POL101770,H1451, JOHN,108,,,150579.86,  chennai ,john23@gmail.com,Not Filed,,"Dec 06, 2018",-1251.15,9865.99,,,,"Oct 20, 2018",267047.11,
POL104623,H1503,arun,-2,Travel,80812.14,60919.73,Bengaluru,arun2@yahoo.com,Pending,,05-06-2023,-4027.23,19133.85,,,,,,45.16
POL102734,H1566,Priya ,18,Travel,,63360.12,Bengaluru,priya@gmail,Pending,,27-06-2016,,1113.07,BEN193,Lapsed,,15-06-2018,89507.59,96.64
POL100578,H1014,,,lifee,44588.06,713433.21,  chennai ,user65@yahoo.com,Approved,"Aug 03, 2016",04-12-2016,1250457.35,15576.46,,Expired,Invalid,"Dec 04, 2020",134602.93,5.42
POL101609,H1091, JOHN,63,Life,121385.03,28111.61,Delhi,john97@yahoo.com,Pending,14-12-2016,03-08-2020,-8514.31,19817.73,,Expired,,11-04-2019,373390.68,
POL103633,H1864,kumar,50,Health,74888.71,103411.79,Bengaluru,kumar34@ins.com,,26-10-2017,18-09-2019,,7144.4,,Lapsed,,"Oct 11, 2018",,
POL102079,H1645,  raj,82,lifee,97179.64,,Chennai,raj95@ins.com,Pending,22-01-2019,05-02-2025,-9050.49,5157.41,,,,"Sep 29, 2023",100704.18,74.81
POL104267,H1660,  raj,,lifee,63744.37,605874.44,Chennai,raj42@gmail.com,Rejected,,,,-1695.8,,,Invalid,,,
POL103393,H1015,Meena,102,healthh,,385365.35,Bengaluru,,,05/20/2017,19-09-2019,-9593.65,11423.6,,Active,Valid,10-11-2023,,
POL103510,H1075,kumar,19,Home,15635.83,373961.24,Bengaluru,kumar20@gmail.com,Not Filed,28-12-2018,07-07-2019,,15204.22,BEN882,Active,Invalid,"Jul 04, 2021",132897.3,76.74
POL101798,H1493,Priya ,124,,60211.15,96070.77,Mumbai,priya29@yahoo.com,Pending,11-05-2021,"Apr 23, 2024",-3087.88,13815.73,,,,12/22/2024,179518.97,24.59
POL104818,H1076, JOHN,62,,,499337.27,Chennai,john23@ins.com,,16-06-2025,03-06-2016,2366227.8,12081.09,,,Valid,"Apr 13, 2019",287597.5,
POL104746,H1628,Priya ,59,lifee,143661.94,774451.95,  chennai ,priya99@gmail.com,Rejected,03-09-2016,30-12-2017,,10911.96,,,Valid,17-08-2022,,
POL101288,H1567,  raj,34,Life,,630140.4,Mumbai,raj54@yahoo.com,Approved,"Nov 24, 2018",03-09-2018,1632697.21,10895.82,,,Valid,,279713.92,
POL100239,H1089,Priya ,29,Health,,104614.74,Mumbai,priya81@yahoo.com,Pending,27-10-2024,03/13/2019,3860119.67,-1520.03,BEN270,,,"Mar 01, 2023",188595.68,
POL104164,H1769,,80,healthh,,,Mumbai,user57@gmail.com,Approved,01-07-2020,11-02-2024,,4731.42,,Expired,Valid,09-03-2017,,
POL101745,H1217,arun,47,lifee,83323.61,48682.72,Mumbai,arun5@gmail.com,Pending,18-12-2018,30-12-2022,276263.15,14191.46,BEN253,Expired,,24-04-2022,,95.73
POL103721,H1843,Meena,,Motor,25245.3,32802.44,,meena23@gmail.com,Pending,"Mar 26, 2022","Mar 28, 2024",,1185,,Lapsed,Valid,"Mar 22, 2025",374031.03,85.19
POL101599,H1368,Meena,,,13818.1,,Mumbai,meena45@ins.com,Pending,06/17/2020,20-11-2023,-6076.48,2127.13,BEN994,,,07/30/2025,,70.46
POL103954,H1405,Meena,32,lifee,29756.66,,Delhi,meena15@yahoo.com,Pending,27-07-2022,28-06-2017,1385576.16,13150.68,,Lapsed,Valid,02-08-2024,,22.74
POL102527,H1144,  raj,19,lifee,,285090.28,Bengaluru,raj96@ins.com,,02-04-2016,"Sep 25, 2018",,3629.43,,Lapsed,Invalid,25-08-2019,,
POL103773,H1960,  raj,,,51677.66,769466.17,Delhi,raj37@ins.com,Approved,01-09-2019,28-10-2016,,2774.63,BEN127,,Invalid,02-08-2023,,34.23
POL101778,H1293,Priya ,,Home,175534.34,,  chennai ,priya28@ins.com,,07/31/2020,09/23/2019,1251395.49,3194.65,,,,,69608.89,88.54
POL102572,H1902,kumar,93,Home,,774378.44,Mumbai,kumar61@ins.com,Rejected,07-11-2020,"Nov 24, 2018",709176.15,-222.19,BEN939,,,07-12-2023,318339.08,
POL100903,H1419,  raj,121,healthh,,381102.15,Hyderabad,raj43@ins.com,Approved,03-11-2017,09/22/2017,3199082.92,5092.3,,,,,251403.29,27.45
POL101448,H1446,Meena,24,,47347.02,122841.59,,meena53@gmail.com,Not Filed,,02/13/2022,,10390.32,,Renewed,Invalid,04-10-2024,,16.74
POL101869,H1934,kumar,74,,140346.77,218988.29,,kumar10@gmail.com,Rejected,05-10-2021,"Jun 09, 2019",4630770.12,10505.93,,Lapsed,Invalid,29-05-2023,272414.17,12.06
POL101559,H1904,kumar,26,,,183810.26,Mumbai,,Approved,18-01-2019,14-12-2024,2867367.95,7353.56,,Active,,06-08-2022,124285.91,61.73
POL100555,H1500,Meena,84,,21453.28,439257.65,Hyderabad,meena69@gmail.com,Approved,19-01-2021,18-10-2019,,18295.98,BEN760,,,06-11-2023,184085.91,
POL101311,H1350,kumar,,,,,  chennai ,kumar60@yahoo.com,Rejected,,24-05-2023,-6210.25,12764.57,,Active,Valid,12-01-2017,254084.8,
POL100200,H1758,arun,40,,,575729.48,Bengaluru,arun42@ins.com,Approved,01-07-2025,10-09-2023,,6261.71,BEN325,Renewed,,25-10-2022,,21.62
POL100803,H1788,Priya ,82,lifee,,,Chennai,priya73@yahoo.com,Approved,"Jan 04, 2023",,543462.21,-707.27,,Active,Valid,"Jul 29, 2017",,
POL102826,H1372,arun,54,Health,36883.57,,,arun@gmail,,24-12-2017,17-05-2020,,13923.66,BEN210,Renewed,,03/29/2024,,
POL104546,H1207,Priya ,85,Home,58553.12,631133.17,Chennai,priya51@gmail.com,Pending,06-12-2024,"Aug 25, 2020",,16880.88,,Active,Invalid,10-09-2021,381345.84,
POL102540,H1699,Priya ,49,Life,,246040.16,Mumbai,priya@gmail,Pending,"Oct 20, 2016",28-09-2019,,1124.86,,Lapsed,,16-10-2018,,
POL102748,H1445,kumar,86,Home,,141672.63,  chennai ,kumar27@ins.com,Rejected,04-02-2021,19-03-2019,307299.42,5655.86,,Renewed,Invalid,"Oct 18, 2023",,41.32
POL102526,H1994,,,Motor,,,Delhi,user66@yahoo.com,Rejected,"Sep 17, 2024","Nov 19, 2020",-6945.31,5159.77,,Renewed,,16-03-2019,,25.45
POL100343,H1845,Meena,,Home,,35171.15,  chennai ,meena99@yahoo.com,Pending,02-03-2021,12-10-2024,756089.07,10874.95,,Expired,Valid,"Oct 28, 2017",,81.17
POL101330,H1118,arun,,Life,,791131.89,Mumbai,,Not Filed,14-09-2018,03-02-2025,-6167.83,10475.03,,,,03-06-2017,304213.17,
POL103278,H1445,,,Health,23841.71,7935.68,  chennai ,user84@gmail.com,,26-06-2021,,,13697.13,,Lapsed,Invalid,,,
POL103262,H1845,kumar,96,,120892.85,,Bengaluru,kumar35@yahoo.com,,02-11-2016,"Sep 10, 2017",-8564.04,2597.91,BEN847,Expired,,,,
POL104212,H1265,arun,44,lifee,,,Chennai,,Rejected,26-05-2021,"Apr 20, 2023",4254803.89,19572.17,BEN251,Active,Invalid,08-04-2017,251965.96,84.98
POL103016,H1238,arun,74,lifee,85898.56,,Mumbai,arun68@yahoo.com,,"Sep 05, 2022",05-01-2019,-4079.87,11424.36,,Lapsed,,,,
POL104044,H1486,  raj,72,Health,,16110.95,  chennai ,raj@gmail,,11-11-2020,,4290336.85,5665.92,,,Invalid,22-07-2016,57094.41,
POL104100,H1629,,64,Home,63328.76,48300.04,Mumbai,,Pending,09/13/2020,13-09-2016,-9357.17,4532.51,,Lapsed,Valid,27-04-2019,78459.51,
POL103332,H1631,  raj,34,lifee,158979.07,,Bengaluru,raj42@gmail.com,Approved,09-07-2017,"Oct 04, 2016",-6305.83,9466.76,,,Invalid,07-06-2021,398604.1,4.44
POL101940,H1773,,,Health,11900.47,489026.64,Chennai,user58@gmail.com,,13-05-2017,07-08-2018,,11618.59,,Lapsed,Invalid,,,
POL103792,H1957,Meena,,Motor,,304465.19,Chennai,meena74@gmail.com,Not Filed,04-07-2023,20-03-2018,2898313.8,17135.95,,,,,,39.62
POL104310,H1653,kumar,9,Home,95163.18,258450.34,Chennai,,Not Filed,"Jul 19, 2022",11-05-2020,,4109.65,BEN490,Renewed,,14-06-2016,243411.18,
POL101576,H1880,  raj,61,lifee,76448.15,80905.35,Chennai,raj20@gmail.com,Not Filed,"Oct 29, 2022",07-03-2022,474632.77,2070.55,BEN393,Active,,,31827.11,
POL102405,H1142,  raj,111,Travel,,50612.93,Bengaluru,raj36@yahoo.com,Approved,"Jan 11, 2018",24-10-2019,,14223.76,,Lapsed,,28-05-2019,179687.32,
POL102191,H1556,Meena,47,,,458814.45,Hyderabad,meena3@ins.com,,,01-02-2022,,5036.29,,Expired,Invalid,"Nov 12, 2019",,61.77
POL102592,H1402,arun,41,lifee,62175.96,,Chennai,arun80@gmail.com,Pending,12-11-2019,"Dec 24, 2024",,3479.31,BEN180,,Valid,28-09-2016,249266.52,83.53
POL102101,H1903,arun,97,,87610.42,,  chennai ,,Pending,07-12-2016,03-08-2018,-2173.19,10690.01,,,,"Sep 05, 2017",,6.91
POL103958,H1217, JOHN,41,healthh,59473.3,52694.87,Delhi,john75@gmail.com,,"Nov 02, 2022",31-07-2023,-4987.24,18192.68,,Active,Invalid,,313493.01,
POL101540,H1089,,0,Travel,,524922.67,Bengaluru,user53@ins.com,,"Oct 25, 2020",04-03-2020,-7932.17,11101.6,BEN454,Renewed,,"Oct 26, 2017",257107.03,42.82
POL101085,H1090,arun,,Life,53565.33,698451.2,Delhi,arun60@gmail.com,,"Jun 07, 2022",28-03-2022,,7396.56,,Expired,,"Oct 20, 2020",344884.41,26.96
POL102469,H1279,  raj,17,Travel,,157523.86,Delhi,raj72@ins.com,Pending,09/30/2016,,,11990.15,,Active,Valid,03-04-2019,13895.41,
POL101550,H1563,kumar,44,Home,72287.2,,Delhi,kumar6@ins.com,,"Jul 13, 2016",05-03-2017,-8166.92,13612.85,BEN328,Lapsed,Invalid,13-01-2022,191748.74,
POL103597,H1887,kumar,,Motor,173185.78,,,kumar28@gmail.com,Not Filed,11-04-2024,12-08-2023,-2756.35,675.86,BEN327,,,07-06-2024,,50.61
POL101122,H1032,,31,Life,51799.14,190267.55,  chennai ,user54@ins.com,,10/21/2017,10-11-2020,-8995.8,6306.48,,Active,,12-06-2018,6629.08,22.78
POL104777,H1464,,80,healthh,10394.27,621170.45,,user84@ins.com,,19-08-2023,"Jan 05, 2017",-332.93,15840.12,,,Invalid,05-12-2020,192103.32,
POL103918,H1858,  raj,103,healthh,69206.05,370982.53,Delhi,raj98@yahoo.com,Rejected,20-06-2023,"Aug 22, 2022",,5132.55,BEN341,,Valid,"Nov 01, 2024",,
POL101804,H1238,Meena,57,healthh,63218.65,205837.54,  chennai ,meena73@ins.com,Not Filed,07/24/2023,17-12-2023,2018210.01,12328.25,,,,"Aug 30, 2021",,
POL101040,H1910,Meena,52,Home,67402.46,361268.18,Bengaluru,meena23@yahoo.com,Not Filed,08-12-2022,04-01-2025,-2015.57,16996.6,,Renewed,,"May 01, 2025",53292.67,39.52
POL100011,H1215,  raj,,healthh,,,Bengaluru,,,01/17/2018,"Dec 14, 2023",,3869.73,,Active,,19-04-2017,,19.96
POL103940,H1593, JOHN,,Life,27246.45,633638.91,Bengaluru,,Approved,"May 19, 2018",12-06-2018,3522978.68,-545.78,BEN754,Lapsed,,03-04-2016,361519.01,15.83
POL103888,H1776,,69,healthh,44488.55,,Delhi,user74@yahoo.com,,03-02-2019,,,10685.35,,Lapsed,,,278111.16,
POL103948,H1496,,,Travel,,36502.5,  chennai ,user57@gmail.com,Rejected,05-11-2021,12-10-2020,,2029.19,BEN850,Lapsed,Valid,,,
POL104657,H1770,,,Health,,650026.02,Hyderabad,user55@yahoo.com,Approved,23-03-2021,,-9869.63,2840.05,,Renewed,,"Apr 03, 2018",261892.85,29.02
POL102280,H1257,Priya ,,Motor,,197573.97,Mumbai,,Pending,,13-07-2016,-3413.05,19458.54,,Expired,Invalid,08/15/2016,,
POL102728,H1155, JOHN,-2,lifee,117995.87,727003.44,Hyderabad,john2@yahoo.com,,09/29/2016,10-08-2019,,4628.28,,,Invalid,01-02-2017,,
POL103273,H1056,kumar,20,lifee,,,Bengaluru,kumar23@yahoo.com,,01-12-2022,"Jun 20, 2021",-9142.43,17223.35,,Active,,,,95.09
POL100145,H1088, JOHN,63,healthh,,,Hyderabad,john75@gmail.com,Rejected,03/30/2019,09-02-2025,3051498.87,10647.95,BEN367,Renewed,Valid,,28954.39,
POL100311,H1543, JOHN,41,Home,,213230.09,Delhi,john10@ins.com,Pending,16-03-2021,08-10-2021,781511.91,15922.29,,Renewed,,20-02-2016,,18.19
POL101043,H1504,kumar,,Motor,94395.82,386665.28,Mumbai,kumar29@gmail.com,,12-03-2024,20-08-2018,,-1222.41,BEN929,,,01-01-2021,2762.25,
POL101450,H1362,,,Life,,339346.79,,user69@ins.com,Approved,30-06-2017,19-02-2022,2651381.63,-348.44,,Renewed,Valid,"Jul 13, 2023",,
POL100487,H1889,,,lifee,,50651.36,,user66@ins.com,,,04/28/2018,-5965.88,8126.4,,Lapsed,,12-01-2019,,88.35
POL101535,H1378,Meena,44,Life,75541.75,770605.46,,meena41@gmail.com,Pending,28-04-2016,01-11-2024,,2111.64,,Expired,,02-10-2023,218296.11,
POL102411,H1697,  raj,25,lifee,185186.75,,Mumbai,,Pending,"May 23, 2023",10-07-2020,,4643.5,BEN291,Expired,Invalid,15-12-2019,,
POL102427,H1571,Priya ,,Life,,484804.93,  chennai ,priya56@ins.com,Pending,,"Aug 01, 2021",-9486.33,4838.59,,Active,Valid,01-01-2025,,32.04
POL102737,H1691,,112,Travel,63180.61,274823.45,Chennai,user75@gmail.com,,12/13/2018,"Aug 30, 2020",2732748.67,302.9,,Renewed,Valid,01/29/2023,,65.91
POL101221,H1211,kumar,113,lifee,53932.79,,Hyderabad,kumar76@gmail.com,,02/21/2022,23-04-2021,-2747.71,10812.3,,,,07/18/2018,334484.36,65.68
POL100773,H1447,kumar,87,Home,89985.73,454526.71,,kumar@gmail,,19-10-2019,,1634000.03,13319.29,,Active,,23-01-2023,,16.83
POL101237,H1249,arun,50,Life,116020.43,212853.54,,arun31@yahoo.com,,24-11-2023,04/21/2023,-4973.86,739.26,BEN970,Lapsed,Invalid,01-08-2020,,42.24
POL101911,H1066,Meena,58,Health,168535.87,,Mumbai,meena38@gmail.com,Approved,12-04-2025,15-08-2023,-6709.33,10445.64,BEN895,,,24-10-2019,,74.33
POL103260,H1599,arun,62,Motor,,380455.43,Chennai,arun25@ins.com,Pending,03-06-2020,23-01-2021,,11742.75,,,Valid,27-03-2023,282204.04,38.95
POL101287,H1297,,35,Health,56247.38,114828.18,Delhi,user80@gmail.com,Not Filed,16-12-2024,"Apr 12, 2021",2462707.78,12843.04,,Renewed,,09-09-2019,306316.09,
POL104466,H1380,Priya ,,Motor,,,  chennai ,priya56@yahoo.com,Not Filed,,04/25/2024,-5920.23,8812.14,,Active,Valid,03-06-2022,,
POL104423,H1626,Meena,36,lifee,,154400.42,Hyderabad,meena32@gmail.com,,03/13/2017,02-01-2023,-5326.35,13615.65,,Lapsed,,,,97.84
POL100949,H1607,arun,22,Home,,366339.77,Mumbai,arun65@yahoo.com,Approved,,,1075264,12441.76,BEN495,,Valid,"Feb 09, 2021",386754.16,70.77
POL103405,H1477,,57,healthh,,,,,Approved,08-05-2023,12-03-2022,-8013.22,19190.19,,Expired,Invalid,11-03-2024,,
POL100513,H1460,Priya ,29,Travel,70161.69,215911.26,Chennai,priya49@ins.com,Pending,07/19/2024,12-05-2024,2688496.83,387.54,BEN882,Expired,Valid,11-07-2019,166021.14,
POL100633,H1308,,127,Home,124210.94,,  chennai ,user@gmail,Approved,24-03-2020,09-05-2024,1426781.45,6393.03,BEN165,,Invalid,,,14.14
POL102220,H1831, JOHN,,,90975.13,468637.76,,john63@ins.com,Rejected,,15-06-2025,-8086.64,13269.05,BEN223,Active,,29-01-2022,,
POL103964,H1887, JOHN,,Health,26062.57,372196.08,Mumbai,john93@yahoo.com,Pending,"Aug 23, 2019","Jan 30, 2025",859683.89,19259.82,,Renewed,,,86345.3,
POL104119,H1392,Meena,,,,473199.72,Bengaluru,meena85@gmail.com,Pending,"Oct 21, 2021","Jul 06, 2020",-5638.66,14025.79,,Expired,Valid,05-12-2018,369659.24,
POL100917,H1574,,34,Motor,34599.16,329139.85,  chennai ,user9@ins.com,,,"Mar 13, 2016",,15825.45,BEN788,Expired,Invalid,19-05-2023,,
POL104928,H1161,kumar,50,,62773.86,295826,Hyderabad,kumar43@yahoo.com,Not Filed,,10-01-2025,-7962.17,19043.39,,Expired,,18-01-2022,,
POL100713,H1002,kumar,,Life,54791.21,,Hyderabad,,Pending,16-11-2018,09-05-2020,,11633.32,,,Valid,,,
POL103094,H1982,,67,,83283.57,189978.29,Delhi,user17@gmail.com,,,09/16/2018,-7447.6,832.03,BEN490,Renewed,,"Feb 05, 2019",,20.17
POL103762,H1385,Meena,58,Motor,40869.15,58954.16,Hyderabad,meena72@ins.com,Not Filed,15-09-2019,,3912653.98,15163.45,,Renewed,,,218143.61,43.54
POL101589,H1850,kumar,33,healthh,79372.08,323234.21,Delhi,kumar87@ins.com,Rejected,17-06-2024,29-06-2021,212390.69,2773.74,,Active,,"Jun 16, 2022",,56.14
POL103527,H1065,Priya ,23,lifee,4013.93,341841.11,Bengaluru,priya69@yahoo.com,Not Filed,,"Mar 08, 2021",,5590.18,BEN714,Active,,08-06-2019,,
POL102339,H1476,  raj,41,Home,67684.45,477602,Delhi,,,12/27/2022,,,13786.61,BEN507,,,26-02-2018,393093.7,94.18
POL100907,H1844,kumar,30,Life,123970.91,739768.95,Hyderabad,kumar89@ins.com,,,12/31/2022,-2611.14,1378.41,,,Valid,16-03-2017,392446.07,
POL104861,H1427,,,Life,53559.06,412594.11,Delhi,user57@gmail.com,Rejected,22-12-2023,04/27/2021,,2914.38,BEN406,Active,Valid,04-07-2018,,11.99
POL100571,H1290,  raj,60,healthh,67578.73,429496.66,,raj82@ins.com,,"Sep 20, 2021",01/25/2016,-6236.85,3470.41,,Renewed,Valid,11/28/2018,181223.91,15.17
POL102362,H1586,  raj,70,lifee,,683551.77,Delhi,raj46@ins.com,Approved,10/18/2024,22-06-2022,-6358.05,264.21,,,Valid,30-09-2020,,35.55
POL104457,H1215,kumar,119,healthh,,617746.48,Bengaluru,kumar48@gmail.com,Pending,02-11-2019,06/18/2018,,67.85,,Renewed,,24-12-2022,,
POL101194,H1638,Priya ,19,Travel,71482.94,,Chennai,priya4@gmail.com,,12-02-2018,19-06-2023,,1054.31,,Expired,,"Dec 19, 2020",,
POL104201,H1580,Priya ,37,Life,179985.7,,,,Not Filed,04-08-2019,20-12-2024,,-1542.18,BEN908,,Invalid,,,81.92
POL101833,H1133,Priya ,69,Travel,193421.21,,,priya89@gmail.com,Approved,,,,18192.51,BEN167,Lapsed,Invalid,,,
POL101797,H1072,Priya ,,Health,84658.86,697206.39,  chennai ,priya@gmail,,"May 14, 2016","May 24, 2018",1807683.09,18379.11,,Lapsed,,"Apr 01, 2018",265443.21,60.05
POL102587,H1018,kumar,22,Life,,446450.83,Hyderabad,kumar2@gmail.com,,"Sep 04, 2023",30-09-2016,,19798.05,,,Valid,"Aug 13, 2018",60352.86,
POL104997,H1587,,99,Motor,103139.31,441629,Bengaluru,user67@ins.com,Approved,,05-06-2025,-1066.16,16431.59,,Renewed,,01/15/2023,,51.03
POL103785,H1020,Priya ,,Health,22969.66,306508.66,,,Not Filed,11-05-2019,"Jul 02, 2020",,17489.08,,,,19-09-2017,,
POL104453,H1425,,7,lifee,185869.17,,Bengaluru,user80@yahoo.com,,"Jan 29, 2025",,-5559.14,9084.37,,Lapsed,Valid,28-02-2021,,41.39
POL103815,H1072,arun,43,Travel,19496.27,364633.74,Mumbai,arun@gmail,,05-05-2023,15-04-2016,,4250.62,,,,10-06-2024,247187.12,
POL103993,H1726,arun,,healthh,,,Bengaluru,arun26@gmail.com,Approved,10-05-2021,24-07-2020,-1240.12,2428.24,BEN389,Active,Valid,24-11-2016,,90.79
POL103894,H1463,Priya ,,Life,93395.85,352282.37,Bengaluru,priya6@ins.com,,,04/30/2023,,3098.31,,Expired,,,,59.71
POL104890,H1099,kumar,,,125148.25,437699.05,Bengaluru,kumar15@yahoo.com,Pending,06-07-2019,05-09-2017,4962911.03,4868.16,,Renewed,Invalid,,,
POL104444,H1059,Meena,,Life,,,Bengaluru,,,,16-05-2018,3992567.13,17551.01,,Lapsed,,17-02-2024,383444.08,70.77
POL104731,H1627,Priya ,64,Motor,36127.47,263675.07,Mumbai,priya36@gmail.com,Pending,,02-03-2023,-5652.69,254.53,,Lapsed,,24-02-2020,,
POL101840,H1740, JOHN,-2,Home,104105.25,18403.34,Chennai,john34@gmail.com,Pending,"Dec 05, 2021",,-2304.42,6953.57,,,,15-02-2017,,
POL100162,H1332,,70,healthh,,106964.07,,user58@gmail.com,Approved,13-04-2018,12/28/2020,2999025.99,-1855.49,BEN327,Lapsed,Valid,08-06-2023,,9.43
POL101750,H1125,  raj,,Travel,102909.28,,  chennai ,raj36@yahoo.com,Not Filed,"Feb 12, 2024",,,1753.38,BEN734,Active,Valid,25-06-2019,,93.99
POL101643,H1830, JOHN,,,141018.83,,  chennai ,john28@ins.com,Rejected,09-11-2024,09/20/2018,,17049.95,,Active,,05-07-2021,,22.16
POL104169,H1873,kumar,72,Travel,109358.45,,Delhi,kumar2@gmail.com,Pending,"Dec 26, 2021",03-09-2016,4474347.44,2953.38,,Lapsed,Invalid,24-10-2024,394107.16,40.28
POL100100,H1414,,110,,,,Mumbai,user88@yahoo.com,,17-01-2021,,,-1520.4,BEN166,,,24-02-2024,36791.46,12.25
POL103777,H1664, JOHN,,Motor,186634.5,,Bengaluru,john5@gmail.com,,06-05-2020,27-12-2020,-5813.18,5128.99,BEN818,Active,Valid,,,29.69
POL102456,H1016,arun,101,Life,119283.75,404467.07,  chennai ,arun58@ins.com,Approved,"Apr 19, 2022",13-09-2016,,13471.21,BEN746,Expired,Invalid,27-08-2022,,24.98
POL103794,H1175,kumar,,,-3635.35,,Mumbai,,,20-08-2022,07-02-2018,2469996.56,12085.97,,Renewed,,"Nov 19, 2022",,
POL102482,H1596,  raj,19,Health,3498.68,474787,  chennai ,raj28@yahoo.com,Approved,"Sep 21, 2016",11-08-2018,,17900.37,,Expired,,04-03-2017,75800.41,5.5
POL100025,H1056,kumar,,Home,,527953.97,Chennai,kumar42@yahoo.com,,10-01-2016,17-09-2016,3106901.4,350.36,BEN348,Lapsed,,,,78.12
POL101382,H1192,Priya ,10,lifee,36278.89,795306.87,Hyderabad,priya72@gmail.com,Pending,,"Jan 15, 2021",-1827.76,18124.89,,Active,Valid,28-04-2022,255888.76,38.95
POL101346,H1571,kumar,,,76929.51,,Mumbai,kumar46@yahoo.com,Not Filed,,20-09-2017,,18896.96,,,Invalid,16-06-2020,,
POL103195,H1553,Priya ,72,Health,,623513.66,Mumbai,,Rejected,"Aug 05, 2018",09/25/2021,-8418.11,7798.37,,Active,,05-12-2018,92379.2,51.02
POL102450,H1594,Priya ,,healthh,193353.16,64281.73,Mumbai,priya87@gmail.com,Approved,02/24/2017,"Apr 01, 2020",2988252.29,8059.08,BEN642,Active,Valid,30-10-2016,298931.5,30.84
POL100993,H1386,  raj,72,Life,,44965.44,,,Approved,"Mar 30, 2018",,233774.77,-1477.35,BEN838,Lapsed,Valid,03-05-2016,,
POL102552,H1885,  raj,,Life,164616.31,,Chennai,raj99@gmail.com,,,25-02-2021,-8348.8,11605.27,,Lapsed,Invalid,,210331.57,
POL102401,H1369,  raj,10,Travel,7371.8,301310.72,Chennai,,,07-12-2020,06-06-2023,,10405.49,,Expired,Invalid,01-12-2018,,79.05
POL100043,H1149, JOHN,40,Motor,,760790.17,  chennai ,john88@yahoo.com,,,01/13/2017,,7674.78,,,,12-01-2020,236567.9,50.73
POL101737,H1244,kumar,18,healthh,,371507.85,Hyderabad,kumar26@gmail.com,Approved,"Mar 27, 2022",29-08-2021,,3282.78,BEN125,Expired,Invalid,02/13/2023,380426.89,27.16
POL102232,H1042,arun,108,Health,,,  chennai ,arun57@yahoo.com,Approved,,"Mar 19, 2018",,15500.59,BEN586,Lapsed,Invalid,,,43.13
POL101451,H1293,kumar,92,,37019.41,375056.08,Delhi,kumar42@gmail.com,Not Filed,09-10-2024,"Feb 18, 2025",,12341.96,,,,,70449.37,
POL100139,H1006,Meena,30,Travel,,78678.68,,meena54@gmail.com,,16-11-2021,"Nov 03, 2020",-5209.79,1547.42,,Active,Invalid,26-11-2018,,
POL102043,H1035,Meena,,Travel,32312.28,-1598.22,  chennai ,meena19@yahoo.com,Not Filed,06-06-2019,"Nov 14, 2019",905787.68,17963.76,,,Invalid,05-09-2018,209922.47,
POL103466,H1810, JOHN,,lifee,,,Chennai,john13@ins.com,Rejected,25-03-2022,,,5154.2,BEN816,,,,361218.6,73.31
POL103847,H1262,Priya ,,Life,128481.84,435354.42,Hyderabad,priya@gmail,Approved,30-12-2018,21-07-2017,-5331.8,11513.54,,Active,Invalid,02/14/2024,132236.37,
POL103194,H1128,Meena,,Home,83088.41,156062.66,Mumbai,meena62@yahoo.com,Pending,04-07-2019,,3133957.25,6859.75,BEN806,,Valid,15-09-2016,189783.27,
POL100248,H1150,  raj,103,Health,7749.7,39036.35,Hyderabad,raj51@gmail.com,,"Apr 12, 2019","Aug 03, 2020",4982733.29,14097.77,BEN526,Expired,Invalid,"Apr 06, 2019",,
POL101347,H1381,arun,,Home,60057.51,402041.18,Chennai,arun84@gmail.com,,28-08-2020,,,7798.52,,,,"Apr 19, 2021",67620.16,
POL101849,H1911,Meena,,healthh,95518.18,77484.02,Delhi,meena98@gmail.com,,07/23/2016,"Feb 20, 2023",1069581.12,4523.96,BEN506,,Valid,27-12-2019,382949.57,58.77
POL104933,H1378,arun,,healthh,80905.07,691078.85,Bengaluru,arun27@yahoo.com,,"Jul 05, 2016","Aug 06, 2018",,8426.99,BEN546,Expired,,,,
POL104527,H1529,arun,91,Home,,65228.26,  chennai ,arun68@gmail.com,Not Filed,04-10-2017,08-03-2021,-4937.35,15975.62,BEN406,,Valid,11-09-2016,,
POL104952,H1807,Meena,64,Motor,15606.96,,Chennai,meena91@gmail.com,,25-03-2019,02-01-2019,-971.94,17894.23,,Active,,06-05-2025,328705.81,66.41
POL102603,H1260, JOHN,,Motor,,7101.39,,,Rejected,14-10-2017,21-02-2025,-5901.67,-27.95,BEN446,,,02-07-2017,,67.65
POL101649,H1462,,93,healthh,,322008.06,Chennai,user97@gmail.com,Pending,04-04-2018,11/30/2017,,5920.48,,Lapsed,Invalid,02/26/2023,115589.81,53.24
POL104081,H1550,,,lifee,,317949.11,  chennai ,user97@gmail.com,,05/18/2019,,-3542.96,10392.03,,Renewed,,18-07-2020,,86.41
POL104261,H1138, JOHN,27,,,,,john1@gmail.com,Rejected,11-11-2019,20-03-2021,,16707.67,,Active,Valid,07/17/2017,374945.18,
POL102423,H1764,Meena,,lifee,42575.27,230796.57,Delhi,meena54@gmail.com,Not Filed,09-07-2022,08-03-2018,1748188.25,20.18,,Expired,Invalid,13-12-2016,31457.71,
POL102237,H1006,Meena,27,Home,1910.02,442019.04,Delhi,meena47@yahoo.com,Approved,18-03-2020,"Nov 17, 2019",,7459.28,,Lapsed,Valid,04-10-2025,398850.77,
POL104849,H1368,,29,Home,9087.27,289550.23,Mumbai,user47@gmail.com,,04-05-2017,,4552516.46,-629.66,,,,"Apr 23, 2018",6219.72,
POL103117,H1765,,,Motor,,51964.66,Mumbai,user78@ins.com,Not Filed,04/18/2025,"Mar 24, 2018",1952178.3,16018.34,BEN351,Active,,25-04-2018,180186.96,18.85
POL100770,H1840,kumar,,Life,,704926.99,Mumbai,kumar53@ins.com,Pending,14-10-2020,06-07-2016,-4594.43,9762.83,,Lapsed,Valid,31-05-2021,,58.39
POL100561,H1288,Meena,,Home,16280.55,3788.74,,meena@gmail,Approved,07-04-2016,24-02-2016,3099879.15,19044.96,,Renewed,,"Apr 24, 2023",357217.01,62.29
POL103723,H1612,arun,,Life,,580930.24,Delhi,arun87@gmail.com,Rejected,"May 25, 2020","Sep 06, 2017",2920854.73,10048.01,,,,11/21/2016,,
POL103934,H1195,arun,13,Travel,23960.02,466857.06,Mumbai,arun55@ins.com,,02-08-2024,08-04-2020,,15167.31,BEN662,Expired,,13-05-2017,,77.04
POL101505,H1575,Meena,78,Motor,34050.12,237185.5,Hyderabad,meena74@ins.com,Not Filed,09-08-2019,,4561013.49,5625.08,BEN653,Renewed,Invalid,01-07-2018,,
POL103529,H1288,,41,Motor,2050.32,,Mumbai,user42@yahoo.com,Not Filed,,27-01-2018,,17673.35,BEN286,Active,Valid,22-06-2024,,50.09
POL100518,H1613,arun,-5,healthh,65797.19,,Bengaluru,arun53@ins.com,Rejected,,28-06-2018,,6056.63,BEN941,,,14-08-2023,,
POL104813,H1692,Priya ,44,,48244.59,,Hyderabad,priya53@yahoo.com,Not Filed,22-02-2017,,-4752.75,9367.37,BEN978,Expired,,05/27/2023,356435.97,46.95
POL100778,H1137,,1,healthh,76162.3,24501.58,Hyderabad,user19@yahoo.com,,12-12-2019,"Feb 27, 2024",,4047.82,,,,12-02-2020,242988.78,
POL104412,H1414, JOHN,90,Travel,78370.36,127731.41,Hyderabad,john27@ins.com,Rejected,04-02-2019,02-07-2019,,-1491.03,BEN194,,,28-11-2022,243074.43,80.8
POL101915,H1515,kumar,24,healthh,47269.71,,  chennai ,kumar81@gmail.com,Not Filed,25-04-2024,25-06-2023,2201410.26,10185.78,,Renewed,,,,73.33
POL102088,H1886,Meena,60,lifee,199607.69,68362.17,,meena41@yahoo.com,Not Filed,20-05-2023,13-09-2020,-8102.26,2698.29,,Active,Invalid,22-10-2019,,
POL100283,H1828,,,,62629.93,128731.54,Chennai,user75@ins.com,Not Filed,"Oct 28, 2018",19-02-2019,,12637.09,BEN908,Active,Invalid,,316714.61,60.3
POL104150,H1995,  raj,,Life,31324.04,727010.14,,raj@gmail,Approved,,"Feb 07, 2016",-7797.9,13644.45,,Renewed,,"Sep 03, 2021",266144.62,97.55
POL102755,H1722,kumar,,Motor,167815.7,71672.9,,,Rejected,27-01-2016,,-7964.72,12908.22,,Renewed,,03-09-2024,138806.25,47.59
POL100708,H1347, JOHN,,Health,,,  chennai ,john52@yahoo.com,Pending,"May 14, 2024",03-03-2018,,18761.24,,Active,Valid,02-03-2018,334366.64,65.12
POL101663,H1705, JOHN,53,Life,73089.16,17470.82,Mumbai,john73@gmail.com,Rejected,26-12-2022,,,1001.91,,Lapsed,Invalid,31-07-2016,139643.57,
POL103247,H1973,Priya ,,,29001.92,128228.76,Hyderabad,priya54@ins.com,Rejected,07-09-2022,"Jan 03, 2019",,8501.88,,Active,Invalid,,283046.86,
POL100520,H1248,Priya ,36,healthh,,322593.04,,priya3@ins.com,Not Filed,16-08-2021,11/25/2016,3625134.91,2705.24,,Active,,13-02-2018,328814.77,94.55
POL101775,H1437,Priya ,31,Travel,90579.18,196186.56,Hyderabad,priya79@yahoo.com,Approved,,30-08-2019,,10620.72,,Expired,Valid,"Mar 30, 2019",58817.76,29.1
POL100759,H1167,arun,,Travel,,550613.6,Mumbai,arun73@gmail.com,Rejected,04-09-2020,17-08-2019,,5087.52,BEN881,Renewed,,"Jun 20, 2019",,25.83
POL103665,H1928,kumar,,healthh,183464.79,520180.59,,kumar58@ins.com,Pending,28-01-2017,06-07-2023,-3790.17,16384.59,,,,,,76.3
POL103540,H1788,Meena,,,106133.67,403254.14,  chennai ,meena13@gmail.com,Rejected,10-09-2019,10-12-2016,1102479.93,6043.41,BEN691,Lapsed,Invalid,03-07-2022,323851.14,6.75
POL104317,H1529,kumar,,Home,85787.35,49368.95,Mumbai,kumar79@gmail.com,Pending,25-07-2019,18-02-2025,-4334.6,5755.13,,Renewed,,,,
POL104117,H1062,,,,,98599.4,Hyderabad,user26@yahoo.com,Approved,"Nov 02, 2018","Jun 25, 2018",-8909.33,4418.9,,Lapsed,,04-11-2019,273782.03,
POL103553,H1081,Meena,76,Life,20785.4,276243.65,Hyderabad,meena86@ins.com,Pending,08/24/2022,,399390.32,7728.62,,Active,,14-04-2018,186075.02,22.11
POL100036,H1112,  raj,1,lifee,156946.86,,,raj9@gmail.com,Not Filed,02-02-2018,,,18799.14,,,,"Jan 14, 2017",,6.08
POL100026,H1337,kumar,54,healthh,161781.04,,  chennai ,kumar1@yahoo.com,,"May 09, 2021","May 04, 2020",-4815.61,14641.75,,Active,Invalid,06/21/2025,219687.86,43.81
POL100896,H1389,  raj,18,Motor,25380.84,94415.81,  chennai ,raj88@ins.com,,"May 08, 2018",08-09-2019,-5978.92,15207.61,,,,22-05-2020,,63.14
POL102863,H1100,  raj,52,,,417240.9,Bengaluru,raj80@ins.com,,"Jun 29, 2017",14-11-2024,4963058.6,12872.66,BEN353,Active,Invalid,13-01-2023,,10.94
POL100085,H1187, JOHN,,healthh,117267.29,317750.82,,john22@gmail.com,Rejected,29-08-2022,06-07-2025,,17041.49,,Expired,Invalid,"Jul 19, 2020",385531.64,40.91
POL104587,H1791,arun,,Travel,33734.93,,Bengaluru,arun14@yahoo.com,Approved,,04/18/2019,2624823.22,-1850.66,,,,"Jan 07, 2023",,
POL103686,H1109,arun,4,Motor,3076.85,418724.79,Chennai,arun92@ins.com,,02-02-2022,03/25/2022,,19731.37,,Lapsed,,22-09-2020,154085.97,
POL102881,H1710,arun,59,lifee,20927.54,403137.55,Delhi,arun12@gmail.com,,,11-12-2020,-6592.02,18686.11,BEN521,Renewed,,,,
POL103384,H1814,Priya ,,Motor,17672.31,162033.37,Mumbai,priya30@ins.com,Not Filed,18-05-2016,,-8159.75,13057.79,,Expired,Invalid,12-04-2019,16269.84,78.38
POL103749,H1270,Priya ,26,healthh,100498.78,,Bengaluru,priya56@ins.com,Approved,"Dec 17, 2024",12-08-2020,-5546.52,18579.84,,Expired,Invalid,18-02-2023,28014.21,
POL104016,H1946,kumar,,Life,62976,295389.48,  chennai ,kumar41@gmail.com,Approved,"Jan 23, 2017",08-09-2017,,8590.56,,Active,,26-05-2016,,
POL101738,H1068,Priya ,55,lifee,,493461.73,Delhi,priya56@ins.com,Approved,08-07-2018,01-04-2022,-9823.82,-1354.21,,,,,,35.58
POL102127,H1939,arun,,,68844.76,,Delhi,arun59@ins.com,Pending,,,-8577.13,13145.87,,Lapsed,,02/15/2024,,34.19
POL100875,H1344,kumar,19,Home,,,Mumbai,kumar82@ins.com,Rejected,05/13/2024,07-01-2017,-3764.11,18004.57,,Active,Valid,16-12-2022,257201.7,38.33
POL100147,H1362,Priya ,41,Travel,20366.82,,Mumbai,priya46@ins.com,Approved,24-10-2020,26-02-2023,-3365.76,-1854.28,,Active,,07/23/2017,248266.99,89.81
POL101700,H1412,,,Motor,66221.77,,Hyderabad,user30@yahoo.com,,01/29/2021,,,10736.73,,,,"Oct 20, 2017",,78.41
POL101093,H1745,  raj,,,74474.53,6988.84,Hyderabad,raj15@yahoo.com,Rejected,19-03-2023,,2881937.59,6958.88,BEN397,Expired,,11-10-2018,177447.89,59.57
POL102112,H1827,Meena,52,Life,2662.73,,Mumbai,meena99@yahoo.com,,"Jan 28, 2025",02-01-2025,2317940.18,10235.24,,,,,,
POL101850,H1141, JOHN,13,healthh,30429.95,,Delhi,john42@ins.com,Approved,01-09-2016,11-04-2018,-3419.76,9515.58,BEN810,Lapsed,Valid,04-11-2025,,
POL100927,H1348,arun,56,Home,85949.13,239293.81,,arun70@ins.com,Rejected,"Sep 18, 2023",15-04-2023,,8640.27,,,,,287247.62,80.27
POL100527,H1962,  raj,49,Travel,,,Bengaluru,raj63@gmail.com,,15-04-2017,,1093750.14,4388.82,BEN141,Expired,,,1983.61,78.02
POL101262,H1037, JOHN,,Health,118646.7,781213.24,Bengaluru,john5@yahoo.com,Pending,10/16/2020,23-10-2017,1748459.22,9911.56,,,Valid,21-05-2021,,
POL103929,H1297,  raj,106,Life,49109.95,248638.34,  chennai ,raj27@yahoo.com,Pending,04-07-2016,,-1696.54,4402.86,,Renewed,Invalid,,,
POL103565,H1379,kumar,,healthh,38687.96,88126,Chennai,kumar30@ins.com,Rejected,"Oct 10, 2016",,-2839.66,19307.06,BEN526,Renewed,,07/16/2020,,
POL102948,H1477,kumar,81,lifee,89396.21,376783.77,Delhi,,Not Filed,13-11-2022,,3009896.98,4836.07,,,Invalid,,289831.74,
POL100799,H1143,kumar,65,Motor,195738.5,625922.25,  chennai ,kumar42@yahoo.com,Rejected,16-06-2021,,4957900.46,16533.86,,Renewed,Invalid,06-12-2020,239139.17,13.87
POL102613,H1414,arun,47,Life,83765.95,77450.83,Chennai,arun80@ins.com,Not Filed,,28-12-2023,,1952.84,,,,,91878.27,
POL103274,H1053,arun,,healthh,107034.21,,  chennai ,arun84@ins.com,Pending,,01-05-2023,-43.15,1238.47,,Lapsed,,,,0.44
POL104767,H1890,  raj,45,Life,48496.66,474626.47,Chennai,raj86@gmail.com,Not Filed,"Feb 15, 2024",24-03-2022,4434413.8,18153.74,BEN410,,,06-10-2022,205583.71,97.17
POL104602,H1225,Meena,20,,29115.44,136712.68,,meena93@gmail.com,,27-12-2018,01/27/2018,3329149.49,-1620.14,BEN906,,Invalid,"Apr 25, 2021",,
POL100381,H1182,arun,77,lifee,21771.11,,Bengaluru,arun2@ins.com,Not Filed,04/14/2025,,1014698.6,70.39,,,Valid,,109211.13,64.17
POL100485,H1743,kumar,77,lifee,57958.45,321184.89,Mumbai,kumar5@ins.com,Approved,,10/23/2017,4217632.78,6416.59,,Active,,"Jun 06, 2023",,
POL104755,H1962,,105,lifee,30409.93,421185.48,Delhi,user94@ins.com,Pending,01/17/2020,"Jul 24, 2017",2123567.22,-97.74,BEN335,,,"May 06, 2018",174753.73,47.24
POL102328,H1552,Meena,107,,34175.36,208841.37,Hyderabad,meena57@ins.com,,02/16/2018,19-03-2017,,14000.04,,,Invalid,24-10-2016,,
POL101701,H1897, JOHN,-1,Home,121350.24,172370.3,Bengaluru,john37@gmail.com,Pending,"Jul 26, 2023",06-09-2018,-6082.49,-647.03,,,,"Jan 21, 2020",,14.14
POL103395,H1187,Priya ,60,,,37540.72,Hyderabad,priya81@yahoo.com,Pending,,15-12-2023,,2832.1,,Expired,Valid,,,
POL101102,H1447,kumar,74,Home,-2901.43,,  chennai ,kumar49@gmail.com,,"Dec 16, 2018","Jul 29, 2018",-40,-594.72,,,Invalid,18-06-2024,,
POL100596,H1422, JOHN,,,41635.25,312202.61,Hyderabad,john26@gmail.com,,09-04-2019,02-03-2024,,-1218.52,BEN440,Expired,,,265595.13,
POL103830,H1474, JOHN,30,Travel,177912.33,582283.05,Bengaluru,john50@ins.com,,30-07-2021,21-01-2022,-7436.46,19798.5,,Renewed,,01-10-2024,262577.41,46.54
POL104801,H1306,arun,63,Home,43489.45,,  chennai ,arun70@ins.com,Not Filed,07-10-2020,"May 10, 2024",,8999.88,,Lapsed,,"Jan 21, 2017",183238.93,41.19
POL101594,H1180,,,Health,150904.98,404487.53,Hyderabad,user23@yahoo.com,Approved,"Sep 10, 2017",,,876.29,,Expired,,01-09-2016,,55.2
POL100492,H1008,Priya ,104,Motor,,21311.12,,priya46@yahoo.com,,17-10-2024,16-09-2018,,-1143.27,BEN696,Active,Valid,12-03-2022,315817.07,82.42
POL101795,H1703,  raj,,Life,,448619.66,Hyderabad,raj82@yahoo.com,,08-03-2019,,,3864.47,,Renewed,,05/13/2019,,51.77
POL102626,H1308, JOHN,19,Life,-2528.91,,  chennai ,john78@ins.com,,20-04-2016,"Oct 10, 2018",,2342.73,,Expired,Valid,08/19/2016,345383.74,28.68
POL100579,H1618,Meena,83,Life,,,Delhi,meena58@gmail.com,Not Filed,"Jun 01, 2023",08/18/2024,-2361.91,-518.69,BEN128,Active,Invalid,10/16/2020,,9.23
POL101802,H1911,  raj,58,lifee,174282.08,338458.49,Chennai,raj15@ins.com,Rejected,07-06-2024,,-4014.19,17589.61,BEN587,,Valid,04-10-2018,,10.46
POL102655,H1950, JOHN,-3,Travel,,,Chennai,john38@ins.com,,"Sep 06, 2020",,3472238.67,1066.19,,Expired,Invalid,02-09-2017,80952.59,
POL100606,H1905,  raj,,lifee,101735.45,444964.07,Hyderabad,raj15@ins.com,Rejected,19-06-2020,29-03-2021,,2158.99,BEN817,Active,Invalid,07-07-2024,,52.23
POL100839,H1752,  raj,20,healthh,9092.89,595757.79,Chennai,raj44@gmail.com,Pending,21-07-2024,"Aug 20, 2019",-5993.56,2464.2,,,Invalid,28-12-2018,128107.3,
POL104227,H1187, JOHN,53,Motor,,,Mumbai,john2@yahoo.com,Rejected,,,,12458.55,,Expired,,"Aug 05, 2024",38395.04,99.5
POL100642,H1766, JOHN,46,,32266.52,,Bengaluru,john34@yahoo.com,,"Apr 17, 2025",06-05-2023,,13231.83,BEN936,Expired,,09/14/2018,,30.47
POL104622,H1934, JOHN,40,Motor,,120887.22,Delhi,john37@yahoo.com,Rejected,06-05-2021,"Apr 27, 2024",1893787.49,1431.73,,,,"Dec 08, 2019",,16.8
POL104484,H1816,Meena,48,,,,  chennai ,meena95@yahoo.com,Approved,"Jan 28, 2024",06/14/2016,771753.75,10862.91,BEN537,Expired,Invalid,15-11-2018,153937.83,
POL102468,H1657,kumar,66,Motor,76643.69,570798.48,  chennai ,kumar14@yahoo.com,,11-09-2020,"Feb 19, 2020",,15582.34,,Renewed,Valid,06/20/2016,134724.54,40.95
POL103796,H1641,arun,60,,,363880.99,Mumbai,arun41@ins.com,Rejected,"Jan 05, 2022",28-03-2016,,-831.98,BEN357,Expired,,18-04-2025,355222.1,35.61
POL101829,H1994,,27,Motor,,431120.09,Mumbai,,,"Aug 19, 2017","Mar 25, 2017",3684372.48,65.61,,Lapsed,Invalid,29-04-2017,,34.01
POL104235,H1818,Meena,40,,,,  chennai ,meena19@yahoo.com,Pending,12/14/2022,,,7086.71,,,Invalid,"Aug 04, 2024",75930.47,3.31
POL102721,H1551,arun,31,Life,,,Hyderabad,arun44@gmail.com,Rejected,23-03-2016,08-09-2018,-565.16,9712.65,,Lapsed,,08-08-2018,,
POL103413,H1104,Priya ,120,Motor,34772.55,483058.4,  chennai ,priya43@gmail.com,,22-06-2017,18-08-2023,4967792.39,15625.26,BEN963,,,,,
POL102137,H1041, JOHN,,Home,78825.95,133074.23,Hyderabad,john72@gmail.com,Rejected,02-03-2020,,-3491.77,2453.73,,Active,,,355527.07,76.61
POL104026,H1172,  raj,99,Travel,,,,raj67@ins.com,,22-10-2021,,,-855.65,,Expired,Valid,,106400.62,95.26
POL104428,H1474, JOHN,54,Health,15460.95,,  chennai ,john79@ins.com,Approved,10-12-2017,08/15/2016,-8694.48,8948.13,,Renewed,,17-05-2022,,97.58
POL101981,H1114,,,lifee,,437376.2,Bengaluru,user89@yahoo.com,,05/31/2023,06-06-2024,4025059.63,16189.88,BEN962,,Valid,"Nov 18, 2018",353099.59,10.64
POL100048,H1283,kumar,28,Travel,162271.99,,Chennai,kumar7@yahoo.com,,,,,13177.67,BEN459,Expired,Invalid,05/13/2025,10888.96,71.03
POL103266,H1411, JOHN,54,healthh,116668.64,,Delhi,john10@gmail.com,Approved,17-10-2022,27-01-2020,1423788.17,7254.16,,,,"Jul 02, 2018",,
POL103134,H1442,Priya ,63,healthh,,,Delhi,priya4@gmail.com,Rejected,"Apr 01, 2021","Nov 26, 2023",,-1962.66,,,Valid,04-12-2021,236786.49,
POL101178,H1354,arun,,Life,,,Hyderabad,,,,,3966525.53,3936.25,BEN409,Active,Valid,,4809.85,
POL103790,H1447,kumar,86,lifee,,,Hyderabad,kumar22@gmail.com,Approved,,01-11-2021,657765.41,-1658.01,,Lapsed,Invalid,29-04-2024,363651.27,
POL100397,H1785,,,Travel,80726.9,315137.83,,user41@yahoo.com,,,"Jul 25, 2023",1164241.1,4298.24,BEN560,Expired,,11/16/2019,1334.95,
POL101542,H1380,arun,,healthh,12206.25,401326.43,Hyderabad,arun64@yahoo.com,Rejected,,21-08-2021,,7898.21,,,Valid,31-03-2020,306729.85,43.89
POL102968,H1126,Priya ,43,Life,9448.65,108392.72,Delhi,priya47@gmail.com,Not Filed,,,3763165.04,13806.73,BEN495,Expired,,"Aug 13, 2021",144123.67,
POL104557,H1705,Priya ,,Life,,,Delhi,priya96@gmail.com,Not Filed,01-05-2023,,2345357.27,6459.65,BEN385,Expired,,11-07-2018,,
POL100450,H1997,Priya ,36,Travel,,,Mumbai,priya38@yahoo.com,Not Filed,,07/14/2025,1130378.23,14179.75,BEN643,,,04-04-2016,,6.16
POL100930,H1827,,26,Health,,61601.35,Hyderabad,user5@gmail.com,,05-01-2020,11-05-2022,-7681.72,18716.1,BEN347,Expired,Invalid,,,25.22
POL103902,H1758,Priya ,77,lifee,,280403.05,Mumbai,,Approved,,24-05-2016,-4209.86,6671.86,BEN303,Renewed,Valid,11-05-2022,200906.88,
POL103558,H1303,Meena,49,Motor,,,Delhi,meena60@ins.com,,07/28/2016,11/30/2018,-1846.3,11839.91,BEN506,Expired,Valid,"Mar 26, 2018",,36.13
POL104782,H1144,arun,36,healthh,73991.64,125671.16,Chennai,,,08/25/2022,,,9745.36,BEN825,Renewed,,08/23/2021,,34.84
POL100394,H1443,arun,,Travel,5358.71,375699.31,Delhi,arun36@yahoo.com,,27-04-2016,,2023419.65,3998.95,BEN516,Active,,17-06-2020,109907.46,59.91
POL104608,H1377,,85,Home,,,,user95@ins.com,Approved,,27-11-2016,4714356.27,18424.9,BEN977,Lapsed,,22-11-2019,,66.9
POL104688,H1590, JOHN,13,lifee,107595.99,40458.91,Mumbai,john89@gmail.com,Rejected,02-04-2018,21-12-2023,,13200.5,,,,"Mar 10, 2018",161036.21,
POL103872,H1193, JOHN,48,Motor,54086.53,338303.24,Mumbai,john57@gmail.com,,14-08-2023,04-07-2020,,-1615.25,,Active,Valid,02/28/2020,,
POL101936,H1584,kumar,106,healthh,180787.71,,Chennai,kumar34@yahoo.com,Not Filed,12/30/2016,12/16/2023,,10201.3,,,Valid,"Aug 25, 2020",32073.36,65.29
POL101437,H1997,arun,57,Home,,447182.44,Chennai,arun13@ins.com,Pending,15-10-2020,13-11-2017,,17028.89,BEN700,Lapsed,Valid,"Feb 01, 2024",,33.8
POL104750,H1378,arun,99,,51612.44,235366.89,Delhi,arun44@yahoo.com,,31-03-2018,22-11-2019,-287.84,331.71,BEN757,Active,Invalid,25-02-2025,125279.98,
POL103030,H1458,Meena,,Life,158744.51,70397.72,  chennai ,meena@gmail,Pending,12-08-2022,"Nov 24, 2017",,16208.66,BEN672,Lapsed,,,,11.45
POL104689,H1808,Priya ,38,lifee,159267.74,,Mumbai,priya14@yahoo.com,Approved,,10-07-2021,-4950.5,-548.59,,Renewed,Invalid,"Oct 18, 2018",,
POL104768,H1963, JOHN,52,Motor,29530.05,788282.55,Bengaluru,john52@yahoo.com,Pending,"Aug 09, 2024",04-09-2022,4627854.68,13480.36,,,Valid,01/21/2023,,
POL104741,H1388,kumar,,Travel,29070.94,280816.33,  chennai ,kumar36@yahoo.com,Not Filed,01-12-2017,"May 25, 2017",,11332.55,,Expired,,,240410.45,32.51
POL101913,H1054, JOHN,63,,117748.11,219352.93,Delhi,john21@ins.com,Rejected,,,1435517.79,6764.89,,Active,,06/18/2023,386413.89,
POL102255,H1159,Priya ,88,lifee,,31813.32,Chennai,priya25@yahoo.com,Approved,01-11-2020,01/20/2024,,8490.57,BEN378,Lapsed,,"May 18, 2020",,
POL104211,H1481,kumar,32,,43797.07,,Bengaluru,kumar41@gmail.com,Not Filed,18-11-2017,23-02-2019,-7451.23,13986.08,BEN398,Expired,,"Feb 16, 2016",185884.02,
POL100114,H1007,Meena,,Health,93756.38,510678.77,,meena39@ins.com,Pending,,19-09-2017,-1945.7,6890.17,,Expired,Valid,"Aug 09, 2017",398987.64,90.69
POL100088,H1526,  raj,,Life,,,,raj87@gmail.com,Not Filed,10-12-2019,,3180389.81,7943.82,BEN748,Renewed,,04/15/2018,181878.26,
POL102254,H1194,,89,Travel,79865.74,269274.97,Hyderabad,user43@yahoo.com,Rejected,15-11-2017,29-01-2024,1164903.92,17095.88,,Lapsed,,25-12-2022,186200.69,3.61
POL103245,H1372,  raj,18,Health,57671.37,,Bengaluru,raj61@yahoo.com,Approved,,04/24/2016,-1014.76,7799.61,BEN834,Active,,22-05-2020,,46.4
POL103050,H1881, JOHN,12,Travel,87185.3,764148.93,Mumbai,john44@yahoo.com,Rejected,,24-11-2023,2757244.63,13308.2,BEN864,Lapsed,,"Feb 26, 2017",,38.15
POL101181,H1941,arun,,lifee,117888.14,,Delhi,arun95@ins.com,Not Filed,09-04-2022,28-01-2021,216302.34,16840.25,,Lapsed,Valid,21-02-2023,1542.11,
POL104831,H1493,  raj,,Motor,58943.9,488269.68,Hyderabad,,Rejected,22-08-2022,11-09-2024,-9412.76,1390.91,,,,16-08-2022,,
POL101538,H1038, JOHN,39,Motor,138261.97,147165.71,Bengaluru,john85@gmail.com,Not Filed,"Jan 31, 2022",,-5068.31,13205.65,,Active,Invalid,08/24/2020,,
POL103220,H1097, JOHN,70,,,,Chennai,john81@yahoo.com,Not Filed,27-12-2017,29-05-2019,,9489.9,,,Valid,06/22/2025,342949.46,50.18
POL100948,H1872,arun,88,lifee,,363852.15,Chennai,arun78@yahoo.com,,"Sep 18, 2023",,4052944.65,11104.22,BEN571,Lapsed,Invalid,09-09-2023,277092.16,
POL102975,H1315,Priya ,-1,,129681.13,576108.5,Mumbai,priya20@yahoo.com,Rejected,20-06-2021,10-02-2018,,11143.97,,Renewed,,07/28/2025,,51.95
POL103747,H1988,  raj,,Travel,65191.87,,Chennai,raj12@ins.com,Not Filed,"May 11, 2022",,3978759.19,10160.71,BEN226,Lapsed,Valid,03-08-2024,13820.42,57.02
POL104362,H1327, JOHN,56,Home,5103.71,97671.36,  chennai ,john23@gmail.com,,04/22/2021,23-12-2024,,9079.45,,Expired,,"Jul 31, 2016",215944.06,
POL101322,H1664,kumar,107,Motor,,,  chennai ,kumar2@gmail.com,Pending,04/23/2020,31-01-2017,-4454.22,2875.38,BEN304,,,23-09-2020,,39.8
POL102787,H1856,kumar,,lifee,,,Mumbai,kumar96@yahoo.com,Rejected,28-05-2023,"Dec 28, 2017",-4879.02,1391.68,,,Valid,,335942.77,
POL102726,H1692,  raj,58,healthh,-51.13,,Mumbai,raj92@yahoo.com,,07-06-2021,"Apr 15, 2020",-3094.76,19315.98,,Expired,,11-03-2024,,
POL101508,H1544,Priya ,80,Life,9901.8,40713.12,Mumbai,priya81@yahoo.com,Approved,,10-10-2019,,-997.68,BEN257,Expired,Valid,03/28/2025,312394.21,87.56
POL102068,H1997,  raj,53,Health,43644.23,,Delhi,raj97@ins.com,Rejected,06/29/2018,19-06-2021,4166140.49,-1358.63,,Active,Invalid,"Feb 26, 2025",343142.79,38.31
POL101864,H1283,kumar,112,Life,152517.83,460934.12,Hyderabad,kumar@gmail,,"Dec 21, 2022",,4747440.12,3996.45,,Active,Valid,,,10.58
POL100868,H1427, JOHN,30,Health,,246258.01,  chennai ,john91@gmail.com,Not Filed,10-02-2017,20-04-2023,,1699.59,,Lapsed,,11-10-2018,297938.57,10.34
POL100096,H1883,arun,,lifee,,456973.83,,arun54@yahoo.com,Rejected,10/21/2017,12-09-2023,-8805.99,17842.7,BEN283,,Valid,"Mar 21, 2024",27570.58,86.6
POL102169,H1919,Priya ,65,Motor,52328.11,230033.03,Delhi,,,27-06-2021,09/15/2020,,19994.36,BEN941,Renewed,Valid,"Nov 04, 2017",,19.08
POL100634,H1797,arun,,healthh,53112.12,310243.09,,arun1@yahoo.com,Not Filed,28-03-2021,,3066945.52,13527.96,,Expired,,05/15/2020,,
POL102247,H1818,Priya ,29,Health,71449.67,89002.95,Mumbai,priya96@yahoo.com,Not Filed,23-06-2024,28-05-2020,,-1814.41,BEN886,Expired,,12/18/2017,,
POL100220,H1553,Meena,,Health,73644.12,,Hyderabad,meena91@ins.com,Not Filed,"May 26, 2024",09-09-2023,,10514.81,,,,"Nov 06, 2017",,50.67
POL102751,H1687,  raj,20,,,224936.13,Bengaluru,raj49@yahoo.com,Approved,26-07-2024,06-05-2019,,3260.68,,Lapsed,Valid,08-03-2022,387573.04,56.1
POL102999,H1090,Meena,116,Health,,727330.86,,meena79@ins.com,,01/21/2021,"Jul 18, 2023",-971.82,18978.97,,Lapsed,Valid,"Jul 12, 2024",,
POL103875,H1078,Meena,29,healthh,,97176.65,Mumbai,meena25@ins.com,Rejected,16-11-2021,"Jun 22, 2022",,9583.31,,,,"Dec 10, 2021",259919.71,
POL102792,H1125,  raj,71,lifee,,,Bengaluru,raj45@gmail.com,,"Aug 12, 2022",,,-1932.91,,,Invalid,16-06-2016,353900.68,60.76
POL103520,H1843,Priya ,78,Travel,,259434.44,Bengaluru,priya93@ins.com,Approved,"Feb 10, 2017",02/20/2024,-6408.33,4826.69,,,Invalid,15-02-2021,47874.28,
POL102084,H1567,arun,53,Home,134451.99,489224.73,Bengaluru,arun32@yahoo.com,,,24-07-2023,,18583.72,,Renewed,Invalid,05/28/2025,1324.37,
POL100304,H1282,Priya ,93,Motor,,456088.42,  chennai ,priya13@ins.com,,,01/19/2017,,9738.27,BEN257,Expired,Invalid,"Feb 08, 2017",220198.27,89.16
POL103097,H1772,Meena,46,,2465.87,,Mumbai,meena23@ins.com,Pending,11-02-2020,27-07-2021,,9272.52,BEN183,,,05-02-2025,79968.92,
POL104216,H1860,arun,82,,,141934.55,Chennai,arun@gmail,Rejected,23-01-2016,"Jul 19, 2017",,-1109.27,,Expired,,,132686.54,
POL101851,H1083,  raj,,Home,138555.12,,Hyderabad,raj17@ins.com,,20-02-2024,21-10-2016,3707694.11,15680.66,BEN651,Lapsed,,11-05-2023,,
POL102066,H1126,kumar,,healthh,6879.85,381277.31,  chennai ,kumar58@ins.com,Pending,12/22/2022,27-07-2023,2410103.29,12773.57,,Renewed,,12-02-2016,,
POL102712,H1764,Priya ,69,lifee,185091.7,287209.94,Hyderabad,priya38@gmail.com,Rejected,"Jul 11, 2016",,,6772.39,,Lapsed,Invalid,16-12-2022,254903.32,30.7
POL104205,H1715, JOHN,42,Health,6608.43,,  chennai ,john30@gmail.com,,07/21/2021,26-02-2023,-2087.22,-99.75,BEN422,Lapsed,,,,89.51
POL101096,H1795,kumar,,Life,,728569.6,Mumbai,kumar26@ins.com,Rejected,03-01-2019,09-11-2018,,8921.6,BEN752,Active,,04/13/2021,384152.91,55.57
POL103436,H1187, JOHN,,Life,,718489.05,  chennai ,john45@gmail.com,,09/26/2018,"Mar 01, 2020",-2405.26,3566.52,,,Valid,,3958.22,57.47
POL100046,H1725,arun,66,lifee,67176.58,,,arun3@gmail.com,Rejected,06-02-2021,18-02-2018,,2983.95,BEN240,Active,,25-02-2024,,
POL103211,H1610,Meena,52,Health,,480870.34,,meena44@gmail.com,,,09/27/2019,,8549.89,,Active,Valid,,,
POL101145,H1015, JOHN,20,Home,,415062.41,Mumbai,john38@gmail.com,Not Filed,09-09-2017,09/27/2022,,529.57,BEN116,,,"Sep 27, 2019",,24.22
POL100612,H1427,,95,healthh,,62710.7,Delhi,user37@gmail.com,Rejected,09-07-2018,"May 23, 2025",,13066.87,BEN719,,Invalid,,,30.23
POL103502,H1508,  raj,71,Life,,61368.79,  chennai ,raj5@gmail.com,,10-03-2020,,1822255.77,10455.32,BEN931,,Valid,29-01-2017,,
POL103852,H1046,  raj,52,,12833.1,623517.27,  chennai ,raj27@gmail.com,,04-08-2017,,4303362.23,18319.15,,Active,,,110168.37,
POL102533,H1350,Priya ,,,47575.35,338030.95,  chennai ,priya64@ins.com,Rejected,,03/14/2017,4901333.63,13868.81,,Expired,,02/26/2021,6967.27,
POL100717,H1520,  raj,,Health,,711736.77,  chennai ,raj@gmail,,,10-06-2017,3316231.61,4938.91,,Active,Invalid,29-10-2024,,
POL101494,H1581,Priya ,,healthh,69392.17,,Delhi,priya90@gmail.com,Approved,"Dec 28, 2021","Jan 11, 2019",-9056.62,8797,BEN397,Active,,02-02-2022,,
POL103110,H1965,arun,129,Motor,,397123.57,Hyderabad,,,"Dec 17, 2017",02-08-2023,3032085.25,11978.44,,Expired,Invalid,03-10-2016,,17.83
POL100595,H1882,,24,Motor,,296824.22,Chennai,,Not Filed,01/26/2019,10-05-2016,4392419.98,10359.04,,Lapsed,Invalid,23-10-2023,318979.5,
POL100589,H1924,  raj,,healthh,,723514.61,Delhi,raj91@ins.com,Rejected,06-04-2018,"Dec 27, 2017",-8994.28,15994.79,,,,09-02-2020,,
POL100522,H1282, JOHN,77,Life,133103.95,547896.1,Mumbai,john98@gmail.com,Pending,,07-03-2018,,6683.84,BEN327,Active,Valid,20-04-2020,284522.21,
POL102750,H1379,Priya ,,healthh,27007.17,714015.34,Mumbai,priya49@gmail.com,Rejected,13-03-2017,,,19704.5,,Renewed,,"Dec 23, 2022",344280.42,
POL103142,H1508,arun,126,,44655.36,58955.59,Chennai,,Pending,"Jul 01, 2022","Jan 19, 2019",-4403.55,15514.3,BEN347,,,19-01-2018,,77.64
POL101588,H1116,  raj,,Home,132235.6,,Chennai,raj@gmail,Approved,22-12-2016,12-06-2020,2711955.93,14428.25,BEN404,Renewed,Invalid,10-05-2022,,
POL104735,H1610,  raj,115,Motor,30785.73,594393.71,Chennai,,Approved,28-02-2024,"Jan 22, 2019",-3540.5,8522.47,,Renewed,Invalid,"Oct 28, 2019",304594.57,98.88
POL104571,H1110,arun,,lifee,,,Hyderabad,arun75@yahoo.com,Pending,22-02-2020,01-05-2025,-7805.62,19273.36,,Renewed,Invalid,04/17/2017,230025.42,
POL100078,H1633, JOHN,58,Home,71311.88,119192.9,Chennai,john57@gmail.com,Rejected,10-02-2019,27-01-2021,-5690.2,10204.28,BEN517,Active,Valid,02/29/2020,221687.92,
POL103067,H1676,Priya ,,Travel,,215115.95,,priya35@ins.com,Rejected,04-08-2023,,,-75.77,,Renewed,Invalid,26-11-2021,,
POL104877,H1535,kumar,,lifee,31858.41,248039.7,Delhi,kumar5@yahoo.com,Pending,21-04-2022,"Jul 17, 2021",-4932.9,14207.82,BEN858,,,,57402.57,76.3
POL101068,H1119,arun,85,Motor,,182761.68,,arun61@ins.com,Approved,08/22/2016,"Sep 30, 2019",2013715.04,13589.01,BEN645,,,01/25/2023,128381.16,
POL104496,H1246, JOHN,,healthh,176161.36,640998.35,Mumbai,john34@gmail.com,Not Filed,07-05-2024,10-04-2023,,19381.04,BEN224,Lapsed,Invalid,"Nov 02, 2016",192716.04,89.14
POL103267,H1018,  raj,,lifee,,,Delhi,raj25@yahoo.com,Pending,06-04-2020,10/14/2021,-4493.86,7694.69,,Renewed,,10-11-2018,,
POL103246,H1596,  raj,47,Home,128823.91,,Mumbai,raj3@yahoo.com,Approved,08/15/2019,03-02-2021,4380849.7,419.41,,,,10-09-2022,57288.14,58.74
POL103614,H1978,arun,,Health,,,Delhi,arun30@gmail.com,,09-12-2019,"Mar 08, 2021",,-470.89,,,,01/19/2025,118622.24,8.34
POL104902,H1939,arun,79,Travel,,146787.86,,,Pending,,"May 26, 2021",,13952.16,,Active,Valid,05-12-2023,,
POL102780,H1473, JOHN,63,Travel,110714.39,101049.79,Chennai,john9@ins.com,,24-02-2025,12/30/2024,2616389.05,303.62,,,,27-10-2022,101365.36,
POL100030,H1259,Meena,41,Life,10018.22,,  chennai ,meena91@ins.com,Not Filed,"Jun 29, 2019",06-10-2024,,8218.4,BEN697,Lapsed,Valid,04-02-2017,,
POL103116,H1904,Priya ,9,Home,63472.34,218182.99,Hyderabad,priya16@ins.com,Not Filed,,"Mar 21, 2025",1324079.13,10326.78,,Active,Valid,"Nov 13, 2022",,89.39
POL104176,H1981,arun,,,100391.57,284441.7,Mumbai,,Rejected,22-10-2021,09-10-2021,-2113.85,5015.69,,Lapsed,,11/28/2017,,
POL101217,H1728,Meena,11,healthh,24898.28,115703.57,  chennai ,meena68@yahoo.com,Rejected,25-09-2016,"Nov 07, 2024",,12629.35,BEN793,,Invalid,07-07-2019,,
POL102552,H1885,  raj,,Life,164616.31,,Chennai,raj99@gmail.com,,,25-02-2021,-8348.8,11605.27,,Lapsed,Invalid,,210331.57,
POL104680,H1616,Priya ,,,41550.72,,Delhi,priya@gmail,,"May 27, 2021",29-06-2017,-4084.47,11419.41,,Renewed,,"Sep 23, 2023",,7.45
POL101874,H1472, JOHN,75,,28741.26,364324.1,Delhi,,Pending,01-01-2018,,,12565.96,BEN883,Renewed,Invalid,11-12-2023,107631.3,67.74
POL103282,H1234,kumar,20,Motor,,,Bengaluru,kumar98@gmail.com,Pending,01-11-2018,,-2828.72,3705.89,BEN124,Active,,06/22/2025,47076.47,
POL104630,H1948,kumar,50,healthh,90971.82,647099.35,Hyderabad,kumar54@ins.com,Not Filed,21-09-2016,02-04-2016,,850.92,BEN642,,,"Aug 12, 2020",308382.19,
POL101618,H1276,  raj,26,Travel,66479.32,,Hyderabad,raj21@gmail.com,Approved,23-11-2017,28-08-2024,-7375.72,1165.6,BEN330,Renewed,,,30121.25,
POL101910,H1447,,129,Motor,,780409.89,Delhi,user19@gmail.com,,"May 07, 2018",01-03-2018,-2374.34,-748.76,,Expired,,10/19/2017,,35.07
POL100415,H1016, JOHN,77,Travel,1422.76,,Chennai,john95@yahoo.com,Rejected,05/23/2020,,,1842.02,BEN631,,Invalid,08/23/2016,,
POL103290,H1670, JOHN,,,104460.7,,  chennai ,,Pending,09-03-2022,23-09-2017,63597.18,11565.66,BEN975,,,"Nov 12, 2017",210849.61,
POL101683,H1851,arun,,,13966.42,578583.08,Bengaluru,arun98@ins.com,,18-09-2016,"Sep 25, 2019",,17623.27,BEN338,Renewed,,"Aug 24, 2019",181658.58,
POL101593,H1476,,39,healthh,88972.42,,Mumbai,user97@gmail.com,Not Filed,12-12-2021,05/18/2025,,4470.34,,Active,Valid,,237265.24,32.02
POL103486,H1355,,,Travel,48348.26,,,user59@ins.com,Pending,"Mar 12, 2021",03-11-2021,3512020.79,6696.09,BEN163,Lapsed,Invalid,14-07-2018,,
POL102590,H1702,,,healthh,167157.79,,Hyderabad,user63@gmail.com,Approved,,"Jul 09, 2016",,-690.86,,Renewed,Invalid,"Apr 06, 2019",21332.48,
POL103093,H1559,,,Health,86983.67,259825.05,  chennai ,user18@yahoo.com,,"May 29, 2023",,-1550.98,-1249.08,BEN352,Active,Valid,"Aug 08, 2017",,95.06
POL101763,H1587,arun,,Life,28198.82,,Chennai,arun85@yahoo.com,Rejected,03-12-2019,,-2528.54,12602.51,,Active,,"Feb 24, 2025",70759.53,
POL103022,H1027,arun,71,Life,129376.34,,Mumbai,arun49@ins.com,Approved,03-01-2022,03/31/2025,-2.46,14746.01,,,Invalid,"Feb 12, 2021",,
POL102585,H1120,kumar,,,,363357.74,Chennai,kumar6@yahoo.com,,02-11-2023,"May 23, 2022",3508011.18,8823.89,,Active,,09/28/2018,302103.26,
POL103013,H1434,,100,Travel,,188559.4,Bengaluru,user92@yahoo.com,Approved,"Aug 18, 2016",03/28/2017,3442777.46,18439.49,,Expired,Valid,09-07-2022,352130.23,
POL101957,H1784,Priya ,47,Life,69805.03,193370.04,Bengaluru,priya25@ins.com,Rejected,,"Apr 07, 2021",2643202.04,16896.09,BEN195,Lapsed,,11/16/2020,158711.71,85.81
POL103532,H1088,Meena,26,Health,183341.27,,Chennai,meena@gmail,Approved,29-10-2017,,,3378.62,,Active,Invalid,24-08-2022,31574.96,76.62
POL101696,H1617,Priya ,52,Travel,143511.62,105125.54,  chennai ,priya68@ins.com,Rejected,,19-09-2018,-7896.06,7541.03,BEN651,Renewed,,06-04-2019,,33.26
POL104200,H1165,arun,,Life,30616.06,379014.91,Delhi,arun77@yahoo.com,Rejected,03-12-2016,,,10713.81,BEN520,Active,,09-05-2023,,81.03
POL103005,H1221,Priya ,,lifee,86505.19,6115.33,Chennai,priya30@gmail.com,Rejected,,02/14/2016,-3019.58,16655.28,,,,,300884.44,44.92
POL100752,H1586, JOHN,,,,697587.59,,john1@gmail.com,Pending,16-08-2021,03-04-2017,-9263.28,4626.55,,Renewed,,12-01-2019,86432.73,
POL102291,H1233,kumar,,lifee,28589.61,,Chennai,kumar65@yahoo.com,Not Filed,,06-03-2021,,17374.21,,Lapsed,Valid,,128737.66,15.95
POL104390,H1652, JOHN,,Health,37146.01,229616.92,Chennai,john59@yahoo.com,Pending,09-11-2023,15-09-2017,,1759.72,,,,,,
POL101677,H1770,,43,healthh,,251273.99,Chennai,,Approved,,29-03-2021,,6524.51,,,Valid,,,
POL102328,H1552,Meena,107,,34175.36,208841.37,Hyderabad,meena57@ins.com,,02/16/2018,19-03-2017,,14000.04,,,Invalid,24-10-2016,,
POL104299,H1524,Meena,,Home,15011.88,795112.31,  chennai ,meena40@gmail.com,Rejected,08-12-2022,08-12-2017,-753.02,19686.23,,Renewed,Valid,07/25/2022,,
POL104295,H1546,,39,lifee,8910.53,122701.65,  chennai ,user35@ins.com,,"Nov 25, 2022",,-7856.06,16174.42,,Renewed,Valid,05-07-2019,,
POL100354,H1277,  raj,5,,99058.87,,Chennai,raj@gmail,Pending,,,-3180.59,-1601.91,BEN593,Renewed,,25-07-2022,171887.46,
POL101064,H1509,  raj,120,Motor,7895.63,103140.87,Mumbai,raj26@gmail.com,Pending,04-11-2021,"Oct 28, 2016",4164154.49,14392.75,,Lapsed,,24-05-2025,,
POL103389,H1635,Meena,31,Motor,6913.51,265803.32,Mumbai,meena33@yahoo.com,Approved,,08/22/2020,-1639.66,-1894.15,,,,12-10-2021,,32.78
POL104589,H1070, JOHN,30,Health,58858.06,,Delhi,john35@gmail.com,Rejected,05-02-2024,05/29/2021,-8358.64,-1566.43,BEN582,Renewed,Valid,11-09-2024,,
POL103870,H1340, JOHN,,,11843.94,488956.03,Hyderabad,john83@ins.com,Pending,11/28/2016,03/16/2020,-8040.09,-883.52,,,,"Mar 02, 2019",,
POL102336,H1907,arun,103,Life,76577.19,776516.33,Delhi,arun65@ins.com,Not Filed,16-04-2025,,-8401.48,11663.42,BEN177,Renewed,,12/18/2019,324403.23,16.23
POL102941,H1896,kumar,,Life,21433.44,255402.18,Bengaluru,kumar84@yahoo.com,,19-02-2017,19-05-2025,3565410.31,11002.4,,Lapsed,,,,71.28
POL104097,H1354,arun,100,Life,,88682.98,Mumbai,arun29@ins.com,Pending,,16-10-2022,-1906.8,-904.3,,Lapsed,,,,
POL101475,H1424, JOHN,11,Health,6768.1,,,john18@ins.com,Rejected,"Jun 12, 2024",11/23/2024,3520643.67,7448.74,BEN165,,Valid,25-09-2022,304337.48,73.74
POL104249,H1823,Meena,,healthh,19518.74,491840.39,Bengaluru,,Not Filed,"Nov 03, 2022",,,14707.33,BEN921,Lapsed,Invalid,29-07-2024,281187.17,
POL104992,H1012, JOHN,76,Life,41368.46,104972.4,Bengaluru,john40@yahoo.com,Approved,10-07-2018,06-12-2019,-4005.66,6761.75,,Active,Valid,02-06-2023,325834.12,84.54
POL101307,H1820,  raj,29,,98230.8,398155.49,,raj71@ins.com,Rejected,16-03-2017,"Nov 10, 2021",,7622.33,,Lapsed,Valid,"Jul 02, 2020",,
POL104595,H1120,Priya ,57,lifee,34644.69,80489.77,Mumbai,priya45@yahoo.com,Rejected,,04/25/2020,,13283.36,,Expired,,,320304.17,
POL100002,H1175,Meena,,healthh,92576.42,,Mumbai,meena52@gmail.com,Approved,26-06-2020,,-6853.22,8983.09,,Expired,,11-04-2017,98651,74.7
POL102097,H1263,arun,32,Life,20081.39,,Mumbai,arun57@yahoo.com,,04/16/2023,"Dec 20, 2023",2395042.99,7213.58,,Lapsed,Invalid,09-05-2022,,9.03
POL102615,H1148,kumar,27,Travel,,280434.06,Chennai,kumar60@ins.com,,,05-09-2024,2996471.72,9742.17,,Renewed,,16-08-2017,370819.69,
POL101067,H1318,Priya ,,healthh,161207.51,400667.51,  chennai ,priya17@gmail.com,Pending,09-12-2016,,,14477.68,,Expired,,10/23/2017,,12.83
POL104568,H1175,,83,Health,44372.39,89595.76,  chennai ,user69@gmail.com,Approved,09-12-2023,01-03-2016,-6752.98,10287.78,BEN517,,Valid,12-12-2021,,
POL100180,H1536, JOHN,78,Motor,37063.36,,Delhi,john77@ins.com,Rejected,"Jan 27, 2021",09-10-2023,-2338.2,4874.58,,,Invalid,02/24/2019,80222.2,27.66
POL100146,H1979, JOHN,,,152843.27,,Bengaluru,john82@ins.com,,07-05-2016,08/27/2021,-6469.04,-1786.09,,Expired,,21-12-2020,159572.25,
POL100629,H1728,arun,,,31264.09,608824.82,Hyderabad,arun40@ins.com,Not Filed,04-04-2018,"Mar 15, 2022",,3652.49,BEN438,Active,,25-07-2018,,
POL102808,H1977,arun,82,Health,71390.27,638994.17,Chennai,arun@gmail,,07-10-2024,11-02-2022,,19932.88,BEN593,,,,109954.56,
POL100401,H1099, JOHN,76,,149263.01,232710.12,,john5@ins.com,Pending,,12/24/2017,-1198.29,5979.93,,,Invalid,,253557.83,71.31
POL102461,H1092,Meena,,lifee,11886.71,365750.81,Chennai,meena57@ins.com,,"Oct 12, 2019",14-04-2020,-5662.5,-1511.5,,Active,Invalid,11-09-2021,,7.41
POL101104,H1575,  raj,,lifee,8756.29,507947.09,Delhi,raj34@ins.com,Not Filed,07-01-2023,05-01-2025,,3617.92,,Expired,,06-09-2017,,
POL102907,H1872,,39,Life,,614678.58,Bengaluru,user43@gmail.com,Not Filed,03/26/2022,01-10-2025,,-689.6,,Renewed,Invalid,"Aug 18, 2017",301015.96,
POL102654,H1843,Priya ,47,,17917.28,,Chennai,priya8@gmail.com,Rejected,"Mar 21, 2022",12-08-2021,-7247.06,17047.72,,,,"Jan 06, 2017",,
POL101449,H1500,,42,Health,112049.9,382394.74,  chennai ,user34@ins.com,,19-07-2016,10-03-2024,996406.71,9403.99,BEN976,Expired,,"Sep 13, 2016",,64.09
POL104068,H1291, JOHN,49,healthh,188944.08,362812.52,Bengaluru,john25@ins.com,Not Filed,"Nov 28, 2017",18-12-2021,,-1796.75,,Lapsed,,,104198.63,
POL100172,H1251,Meena,23,healthh,,147829.52,  chennai ,meena55@gmail.com,,26-05-2018,,-5364.21,7937.36,,Active,Invalid,,,39.31
POL103652,H1199, JOHN,,healthh,,389769.82,Hyderabad,john71@gmail.com,,26-11-2024,18-12-2023,-1264.58,7599.04,,Expired,,09-08-2017,28470.09,
POL100667,H1052,Priya ,,,61115.67,,Delhi,priya78@gmail.com,Approved,"Jan 26, 2023",01-03-2017,-2493.87,4583.47,,Active,,27-06-2025,,52.31
POL104187,H1122,  raj,33,Motor,186652.84,,Mumbai,raj50@yahoo.com,Rejected,27-04-2020,,,3788.4,BEN600,,,,,63.6
POL102275,H1260,arun,,Life,,11410.76,Chennai,arun9@ins.com,,"Oct 14, 2023",09/21/2017,,-1856.19,,Lapsed,Valid,27-02-2021,314655.56,35.93
POL101813,H1745,arun,7,Life,,,Mumbai,arun17@gmail.com,Pending,11-01-2021,04-02-2023,3251373.74,14880.74,,Lapsed,,"Jul 20, 2017",,
POL104420,H1367,,,,64409.3,640000.81,Delhi,user45@yahoo.com,Approved,,09-03-2017,-3956.78,13288.09,BEN243,Renewed,Invalid,,221605.52,
POL102523,H1996, JOHN,57,Life,,,Delhi,,,31-07-2021,10/31/2023,1772013.26,15836.27,BEN481,,Invalid,"Jun 03, 2025",,
POL101916,H1784, JOHN,50,Travel,93249.01,454381.97,,,,"Jun 04, 2016",11-06-2025,-2786.09,15463.95,BEN392,,Invalid,"Jul 11, 2018",214023.75,
POL103682,H1945,  raj,60,lifee,49428.75,687638.86,Mumbai,raj29@gmail.com,Rejected,02-01-2024,06-06-2016,2489437.74,8996.99,BEN144,,,06-04-2018,,
POL102535,H1672,arun,55,healthh,111045.44,261003.06,Bengaluru,arun58@yahoo.com,Approved,"Feb 10, 2024","Apr 12, 2020",,4233.26,,Active,Invalid,17-01-2024,,
POL100494,H1215,Priya ,37,Motor,,,Mumbai,priya43@yahoo.com,Rejected,,10-09-2021,,18457.21,,,,10-06-2023,,36.42
POL102690,H1287,Meena,,Home,,796757.31,,meena48@gmail.com,Not Filed,19-11-2023,03-03-2025,,2434.63,,Expired,,14-06-2023,,
POL103299,H1823,kumar,48,healthh,,621260.82,Mumbai,,,"Apr 21, 2016","Apr 20, 2024",,19238.37,,Active,,04-07-2025,,
POL104694,H1514,Meena,45,Home,95274.88,361928.67,Bengaluru,meena96@gmail.com,Pending,03-09-2019,26-02-2023,2342442.17,16109.6,,,Invalid,,156742.05,
POL102028,H1435,,,Life,,181918.59,Chennai,,,,06/13/2017,-8273.43,3819.41,,Lapsed,,04-06-2025,83613.33,
POL100775,H1607,,0,Travel,,59523.56,Hyderabad,user@gmail,Pending,13-03-2024,30-08-2017,,-1209.95,,Lapsed,,,251074.95,5.56
POL104142,H1878,arun,,Home,18503.11,,Bengaluru,arun58@gmail.com,Not Filed,06-09-2020,12/16/2023,,3032.55,BEN112,,Invalid,31-05-2018,,
POL102896,H1234,kumar,31,Health,,760003.57,  chennai ,kumar61@ins.com,Not Filed,01/25/2018,,,16681.24,BEN764,Active,Invalid,18-06-2021,132823.07,
POL101004,H1264, JOHN,57,,,481398.97,Hyderabad,john10@yahoo.com,Rejected,"Jun 11, 2024","Mar 10, 2022",-3903.12,19900.24,,Expired,Invalid,02-07-2021,97105.15,
POL102251,H1289,,18,Life,5834.78,,Delhi,user29@yahoo.com,Rejected,,09/26/2021,1259394.71,6247.27,BEN539,Renewed,,06-12-2020,,
POL104615,H1445, JOHN,,,,506007.49,Hyderabad,john1@ins.com,Not Filed,20-09-2021,,-2481.36,15230.41,,Expired,Valid,03-07-2020,388643.11,
POL100411,H1503, JOHN,26,Health,,,Hyderabad,john25@ins.com,,"Nov 16, 2016",09-04-2019,-1106.44,1348.52,BEN438,Expired,,"Jun 24, 2020",211085.59,88.94
POL100258,H1529,,6,Home,183270.26,,Hyderabad,user29@yahoo.com,Not Filed,28-10-2022,02-01-2024,,11771.88,BEN199,Renewed,,20-04-2019,237012.31,
POL100900,H1053,kumar,35,Life,99232.87,,Delhi,kumar86@gmail.com,Approved,,,,5243.96,,,,,234745.37,
POL103598,H1192,Priya ,,healthh,,,Bengaluru,priya73@ins.com,,"Dec 29, 2020",27-10-2022,4271585.65,7818.25,BEN343,Renewed,,19-09-2024,,77.23
POL104385,H1843,  raj,-5,Motor,,,Mumbai,raj70@ins.com,,"Nov 21, 2021","Jul 28, 2021",-5830.73,4564.45,BEN593,Active,,,,
POL101606,H1309, JOHN,,Health,36063.21,84338.13,,john56@ins.com,Not Filed,21-05-2018,06/27/2022,-7734.83,-1563.55,,,Invalid,"Nov 08, 2022",,49.82
POL103819,H1304,arun,22,Travel,132459.5,252579.75,Hyderabad,arun30@yahoo.com,,"Apr 19, 2016",,-7637.74,13825.26,BEN294,Lapsed,Invalid,17-03-2023,229066.67,
POL101664,H1792,,,,30674.97,,  chennai ,user15@ins.com,Pending,"Nov 05, 2016","Jun 01, 2023",412464.07,12783.79,BEN593,Active,,14-06-2021,,
POL101523,H1731,Priya ,80,lifee,194501.37,797924.26,,priya95@gmail.com,Not Filed,12/24/2018,21-12-2016,-4626.44,17100.41,,Lapsed,Invalid,"Feb 05, 2025",27645.91,
POL101415,H1345,arun,,Life,,189248.84,  chennai ,arun16@gmail.com,,"Apr 20, 2017",03-09-2018,4325881.58,18917,BEN442,Renewed,Invalid,22-04-2019,128791.06,
POL101469,H1285,Priya ,,Motor,27633.09,,Chennai,priya84@ins.com,,"Jul 06, 2025",12-12-2018,,17185.85,,Active,,"Apr 07, 2025",,
POL100791,H1099,arun,,healthh,56744.42,203273.08,,arun55@yahoo.com,,21-08-2024,09-05-2016,4626263.72,18725.45,,,Invalid,17-04-2018,,
POL100530,H1440,kumar,70,Life,197954.64,510392.77,Chennai,kumar28@gmail.com,,23-06-2018,,-6742.22,11252.8,,Expired,Invalid,,302804.88,82.8
POL100897,H1954,  raj,17,lifee,14345.65,468491.28,Delhi,raj71@yahoo.com,Not Filed,19-02-2016,04-06-2023,-9694.94,12542.18,,,,,,
POL102354,H1075,kumar,,healthh,82850.71,,Chennai,kumar26@yahoo.com,,"Mar 15, 2017",,4775375.62,17345.51,BEN347,Renewed,Valid,,,97.46
POL103289,H1356,Meena,44,healthh,,,  chennai ,meena73@ins.com,Not Filed,11/14/2022,"Jul 09, 2018",1223398.06,9873.08,BEN458,,Valid,,,80.6
POL104495,H1489,Priya ,40,,184525.34,596310.78,Delhi,priya31@ins.com,,,05-04-2020,,11547.15,,Active,,11-08-2024,,
POL104641,H1614,Meena,45,,144664.94,425782.17,Chennai,meena90@gmail.com,Approved,"Jul 02, 2023",05-09-2024,1294473.86,12373.27,,,,08-02-2021,191733.16,63.7
POL100965,H1747,kumar,82,Travel,11335.35,,Delhi,kumar@gmail,Approved,04/19/2022,,,6463.99,,Expired,,05-08-2019,382897.95,64.76
POL102514,H1651,kumar,51,Health,,734138.23,  chennai ,kumar@gmail,,20-04-2016,24-12-2021,,8072.6,BEN699,Active,Invalid,,,
POL100833,H1772,kumar,,lifee,37412.04,,  chennai ,kumar55@ins.com,Pending,16-06-2021,,,9773.76,,Expired,Valid,"Dec 01, 2021",,
POL103583,H1065,  raj,76,Home,41116.35,,Mumbai,raj6@yahoo.com,Pending,24-09-2023,,-4585.17,10427.94,,Expired,,16-05-2016,397604.67,
POL101395,H1079, JOHN,,lifee,74478,137771.63,Delhi,john64@yahoo.com,Pending,"Mar 31, 2018",03-11-2019,-9609.8,17008.47,,Renewed,Invalid,18-07-2022,,92.16
POL102829,H1937,arun,,Travel,,729712.67,  chennai ,arun23@gmail.com,,11-03-2025,"May 03, 2020",4329743.86,15391,,Lapsed,Valid,"Mar 09, 2019",,
POL101433,H1238,Meena,71,,111848.91,,Chennai,meena5@ins.com,,"Sep 08, 2019",10/26/2022,-4016.14,18980.65,BEN333,Active,Invalid,"Nov 24, 2023",142722.02,
POL100790,H1451,kumar,106,Travel,5612.34,29887.27,,kumar11@gmail.com,Pending,,28-03-2022,1656633.75,3034.48,,Renewed,Invalid,01-07-2021,,
POL101784,H1918,Meena,,Travel,111384.31,368109.32,Hyderabad,meena60@yahoo.com,Not Filed,08-05-2017,04-05-2017,,7343.78,,Active,Invalid,07/31/2023,359883.99,
POL102598,H1481,arun,90,Life,,268158.8,Mumbai,arun87@gmail.com,Rejected,"Sep 08, 2017","Oct 28, 2018",,13463.68,,Lapsed,Invalid,03-07-2016,,7.91
POL100780,H1632,Meena,,Home,31462.37,,Delhi,,Not Filed,04-07-2016,23-06-2019,-637.91,15452.13,BEN971,Expired,,,,32.43
POL103761,H1872,Priya ,45,Travel,,,Chennai,priya60@yahoo.com,Rejected,14-07-2020,,-6756.22,18998.95,,,Valid,20-07-2016,316993.15,
POL101179,H1336,  raj,,,124067.96,280452.19,Chennai,raj61@ins.com,Rejected,12-09-2016,08-10-2019,2809210.56,18627.41,,Renewed,,02-06-2021,,
POL101108,H1112, JOHN,109,Life,,,Mumbai,john51@ins.com,Pending,22-04-2021,15-01-2022,2038445.6,5474.56,,Expired,,"Dec 03, 2024",130345.3,14.98
POL102199,H1144,Priya ,,healthh,155739.72,334053.07,Chennai,priya16@gmail.com,Rejected,09-12-2021,03-07-2017,903756.98,3159.09,,,Invalid,,,43.53
POL102851,H1740,Meena,122,,10457.11,,Delhi,meena@gmail,Pending,"May 18, 2023",03/18/2017,,7328.39,,Expired,Invalid,"Aug 06, 2024",,
POL104387,H1108,Priya ,77,Home,,,Hyderabad,priya93@gmail.com,Not Filed,"Feb 10, 2020",08-04-2023,2810857.63,3168.61,,Renewed,Invalid,10-08-2016,,64.9
POL101144,H1961,Meena,,Motor,,,,,Pending,21-02-2024,12-02-2019,157237.5,8878.78,BEN169,Expired,,"May 25, 2018",42260.01,36.71
POL103659,H1020, JOHN,,Motor,43820.53,,Mumbai,john35@yahoo.com,Approved,23-08-2016,30-07-2025,4630049.84,15526.45,,Lapsed,,25-04-2016,287624.7,
POL100132,H1171,,-4,Travel,,414374.34,  chennai ,user10@yahoo.com,,02-03-2025,08-03-2018,,-388.54,,,Valid,,328647.73,40.76
POL102476,H1634,kumar,25,healthh,-2089.17,101826.34,Hyderabad,kumar98@ins.com,Approved,17-01-2017,"Dec 21, 2021",-5288.3,7823.64,BEN542,Expired,,12/20/2019,,65.49
POL102435,H1287,Meena,,Motor,,135437.63,Hyderabad,meena27@ins.com,Rejected,"Jan 25, 2017",28-02-2020,-1443.39,9301.23,,Active,,01/15/2017,,
POL104966,H1476,,49,Motor,115346.15,125968.44,,,,01-06-2025,08-08-2019,180139.53,306.78,,Active,Valid,04/28/2018,,61.34
POL102913,H1252, JOHN,120,Health,191646.21,,Hyderabad,john90@gmail.com,Approved,,,,5604.15,,Renewed,,02-01-2025,207636.3,76.1
POL104229,H1041,Meena,,Life,,,Delhi,meena25@yahoo.com,,10-12-2018,09-12-2020,-7409,9570.45,,Active,Invalid,"Jul 07, 2019",368359.93,60.27
POL101972,H1059, JOHN,32,Home,25025.36,297040.95,Chennai,john4@yahoo.com,Approved,"Feb 09, 2019",09-01-2017,1562603.08,19379.57,,,Invalid,27-07-2024,336153.33,
POL102417,H1950,Meena,16,Life,49262.68,155543.97,Delhi,meena36@ins.com,Approved,15-07-2020,,,7290.57,BEN201,,,"May 12, 2025",,
POL100607,H1702, JOHN,19,Health,98142.24,275300.56,Hyderabad,john60@yahoo.com,Not Filed,24-03-2018,29-01-2016,-4832.36,-892.43,,Expired,,,,6.72
POL103908,H1676,kumar,54,Travel,,195428.35,,kumar11@yahoo.com,Approved,"Dec 18, 2020",05-09-2025,,19109.16,,Expired,,,,
POL102867,H1341,Meena,86,lifee,,,Bengaluru,meena58@yahoo.com,Rejected,,,,11474.25,,Expired,Valid,15-05-2018,205730.37,89.19
POL102319,H1925,,97,Motor,38311.33,514462.86,,user89@gmail.com,,21-07-2023,"Nov 10, 2019",-2716.07,5974.48,,Active,,,263473.92,
POL103430,H1327,Meena,39,Motor,,365037.62,Bengaluru,meena49@yahoo.com,Approved,"May 23, 2021",30-07-2016,,8901.1,,Expired,,,188524.58,8.37
POL102880,H1376, JOHN,66,healthh,,258904.8,Bengaluru,,,,29-03-2020,3105968.05,16151.97,,Lapsed,Valid,"Jan 21, 2018",,
POL104470,H1697,kumar,,healthh,50688.17,387194.27,  chennai ,kumar56@yahoo.com,Rejected,10/23/2019,,-9234.69,14130.77,BEN226,Expired,,09-06-2019,376232.22,
POL100619,H1956,,,lifee,,,Hyderabad,user53@ins.com,Pending,"Aug 21, 2018",16-10-2024,-889.73,16203.13,,,,12-02-2022,,2.46
POL101015,H1894, JOHN,,Home,100554.35,215617.16,Mumbai,john80@ins.com,,25-07-2025,02/14/2023,-6697.06,8235.39,,Active,Valid,"Aug 30, 2021",,67.74
POL102013,H1335,Priya ,,Life,123926.75,341514.6,Mumbai,,Pending,18-11-2021,"Aug 23, 2024",-8145.44,4612.31,BEN361,Expired,Valid,,369669.51,
POL103480,H1297,arun,37,Motor,,632994.53,,arun78@gmail.com,Rejected,"Nov 13, 2018",15-09-2024,3807863.79,3062.87,,Lapsed,,22-09-2020,149028.88,43.09
POL100702,H1828,arun,-2,Life,,359847.58,Hyderabad,arun52@yahoo.com,Pending,15-06-2025,,-7673.27,-4.27,,Active,Valid,09/15/2018,364833.59,
POL101551,H1815, JOHN,81,healthh,,,Mumbai,john41@ins.com,Pending,,,-82.16,3532.35,BEN379,,Invalid,25-09-2022,,30.43
POL101296,H1776,Meena,,,69472.27,484060.18,Mumbai,meena9@yahoo.com,,12/16/2020,"May 19, 2017",-5270.79,19729.37,,,Invalid,27-06-2016,88045.81,
POL101952,H1047,arun,75,,38618.36,,Chennai,arun90@gmail.com,Rejected,23-07-2019,16-07-2024,2582547.66,5030.64,BEN244,,,08-03-2022,66077.51,97.18
POL102827,H1365,,66,lifee,91310.12,,Chennai,user98@yahoo.com,Pending,,08-03-2016,-9418.57,17063.13,BEN589,,Invalid,,145703.55,
POL102723,H1348,arun,,Travel,23342.3,,Hyderabad,arun67@gmail.com,Not Filed,"Sep 15, 2018","Apr 03, 2017",,1821.57,,Renewed,Invalid,,312692.82,
POL100421,H1102,  raj,46,Motor,105868.42,685927.63,Delhi,raj54@gmail.com,Not Filed,05-06-2022,25-01-2021,,3529.24,,Lapsed,Invalid,,,5.92
POL102363,H1816,Priya ,,Life,79564.7,,Chennai,priya32@yahoo.com,,,28-04-2020,,7281.63,BEN818,Active,,,,57.65
POL103914,H1516, JOHN,3,healthh,,60653.77,Hyderabad,john50@ins.com,,10/17/2023,11-02-2021,810827.24,-1455.43,,Active,,29-09-2022,291196.64,
POL104632,H1508,kumar,44,lifee,22679.77,,  chennai ,kumar27@yahoo.com,Rejected,28-09-2018,07/18/2020,,2589.02,,,,15-05-2020,,
POL101487,H1954,Meena,20,Travel,94186.41,222295.41,Delhi,meena69@ins.com,Rejected,03/28/2018,04-12-2020,,3802.24,,Expired,Valid,"May 14, 2021",,2.35
POL103065,H1425,kumar,56,Home,197634.03,91985.89,Bengaluru,kumar53@yahoo.com,Rejected,,10/13/2023,,6995.09,BEN174,Active,,26-12-2024,189080.19,26.67
POL100610,H1735,Priya ,34,Health,80675.38,98520.73,  chennai ,,,,06-11-2020,4677768.5,5828.9,BEN698,,Invalid,16-06-2019,,
POL103362,H1101,Priya ,98,lifee,79726.29,175129.68,  chennai ,priya4@yahoo.com,Pending,"Apr 10, 2020",08-02-2020,-7232.11,16033.2,BEN252,,,,,
POL102085,H1035,kumar,62,Health,9610.71,74257.62,Hyderabad,kumar55@gmail.com,Approved,12-01-2022,07/18/2017,,10351.51,,Active,Invalid,"Nov 23, 2022",,
POL100474,H1074,Meena,49,healthh,,661520.39,Chennai,meena4@ins.com,,08/25/2019,"Oct 13, 2024",,14469.39,,,,20-07-2016,96536.24,
POL100559,H1384,Priya ,42,lifee,198886.25,33008.79,,priya28@yahoo.com,,,,-2207.81,8924.28,BEN117,Expired,,25-10-2023,,42.39
POL103883,H1847,,67,Home,69235.22,,Bengaluru,user47@gmail.com,Pending,08-06-2018,03-03-2018,-4304.26,5713.39,BEN577,Expired,Invalid,06/20/2025,,65.34
POL104058,H1308,arun,53,,88192.27,188074.82,Chennai,arun@gmail,,,,2476978.34,5342.5,BEN965,,Valid,03/15/2022,38039.19,
POL104866,H1294,kumar,,lifee,154616.49,238161.86,Chennai,kumar69@yahoo.com,Rejected,"May 29, 2019",12/22/2019,,14615.01,BEN785,,,03-12-2019,244139.52,29.8
POL101923,H1507,Meena,,,,,Chennai,meena9@yahoo.com,Approved,25-01-2023,12/29/2018,3224113.78,14923.84,BEN820,Expired,,19-01-2024,,98.31
POL103500,H1248,Priya ,57,Travel,35761.19,,  chennai ,priya16@gmail.com,Not Filed,"Jan 13, 2025",27-02-2025,-521.28,8352.27,,Expired,Valid,,294816.82,65.2
POL101980,H1078,kumar,,Life,70862.57,381212.41,Chennai,kumar87@yahoo.com,Not Filed,02-01-2024,05/13/2021,,7954.43,,Active,Invalid,"Oct 26, 2024",,94.48
POL101579,H1895,  raj,,Motor,146491.98,13947.44,Chennai,raj52@yahoo.com,,"Mar 21, 2020",,2939345.02,13308.29,,,,01-11-2023,,34.77
POL102681,H1766,kumar,4,lifee,1193.53,415594.77,Bengaluru,kumar42@gmail.com,,,17-03-2017,-9646.01,16766.12,,Renewed,Invalid,12/25/2022,,61.94
POL101987,H1138,  raj,28,Life,,189283.04,Hyderabad,raj9@gmail.com,Approved,06/16/2019,"Aug 09, 2018",-56.63,15406.62,,,Valid,"Aug 01, 2018",,12.44
POL102192,H1868,Meena,42,Motor,,579216.08,  chennai ,meena22@ins.com,,"Oct 03, 2023",,-9022.61,6299.74,,Active,Valid,06-09-2017,37256.44,29.34
POL104738,H1912,arun,68,healthh,,621842.54,Bengaluru,arun9@gmail.com,Approved,14-10-2019,,-1106.24,4658.99,,Active,,03-06-2023,,
POL100508,H1014,kumar,26,,66307.81,156743.83,Bengaluru,kumar57@ins.com,Approved,06-06-2024,"Apr 12, 2018",-135.07,9213.35,BEN248,Lapsed,,,,27.18
POL104526,H1727,  raj,,,198715.17,,,raj14@gmail.com,Rejected,"Oct 27, 2017",,-6915.87,4728.67,BEN725,,,03-07-2017,56806.56,82.53
POL104062,H1997,Meena,23,Travel,110959.2,9863.07,Delhi,meena45@ins.com,Not Filed,,02-09-2023,2989837.46,5961.09,BEN334,Lapsed,,"May 26, 2020",,
POL102430,H1575,  raj,76,Health,11693.82,288565.21,Mumbai,raj97@yahoo.com,Not Filed,,,1299295.93,17970.22,BEN146,Renewed,,31-08-2016,,69.04
POL104605,H1329,,127,lifee,5891.01,301712.21,,user46@ins.com,Rejected,,24-04-2024,-7466.06,14740.96,,Active,Valid,09-02-2018,,
POL103191,H1378,,24,,,14459.33,  chennai ,user5@gmail.com,Pending,"Apr 21, 2022",02-04-2022,,1529,,,Invalid,24-06-2024,67262.84,
POL101499,H1288,Meena,-3,,92339.3,783615.32,Bengaluru,meena25@yahoo.com,Approved,,24-06-2018,3421685.68,10538.28,BEN358,,Valid,31-01-2022,,
POL102906,H1368,Meena,52,Life,,128423.71,  chennai ,meena6@yahoo.com,Not Filed,,27-06-2023,,5033.67,BEN406,,,24-02-2024,,83.14
POL101139,H1656,,44,Home,,,Delhi,user64@gmail.com,Pending,10-10-2023,04-07-2025,1561905.03,5946.91,BEN991,Active,,"Apr 13, 2023",,
POL103784,H1391,Priya ,35,Travel,,217868.42,Delhi,priya22@gmail.com,Pending,04/17/2025,15-12-2018,1045557.64,7203.1,BEN887,,Valid,18-11-2023,,95.74
POL104344,H1976,arun,,Life,69733.91,459582.52,Mumbai,arun13@yahoo.com,Approved,06-11-2018,24-07-2024,-952,5796.17,,,Invalid,"Mar 23, 2022",66547.58,74.08
POL102801,H1854,,115,Health,43107.27,264387.63,,user15@yahoo.com,,09-06-2025,"Jul 12, 2017",-6086.25,16054.74,,Expired,Invalid,24-11-2021,195724.94,
POL101305,H1516,  raj,32,,,,Hyderabad,raj32@gmail.com,Not Filed,"Sep 18, 2016",30-12-2017,2867633.96,9071.39,,Active,Valid,10-09-2016,110976.56,66.18
POL103198,H1354, JOHN,-1,lifee,48870.38,630424.51,Hyderabad,john6@gmail.com,Not Filed,,11-01-2022,-2914.24,19344.09,,Expired,Invalid,27-08-2024,,
POL101927,H1196, JOHN,40,Health,7219.96,,Delhi,john4@gmail.com,Pending,"May 25, 2019",10-04-2021,3362695.51,8413.95,,,Invalid,31-12-2016,203004.38,85.29
POL101457,H1053,,81,Life,8226.16,390426.54,,user72@ins.com,Rejected,12/23/2016,"Mar 31, 2020",,-1182.74,BEN675,Renewed,Invalid,12/25/2018,219399.58,50.38
POL100769,H1345,Meena,101,Home,135075.14,,Mumbai,meena39@gmail.com,Approved,,,,1161.85,BEN968,Expired,,,,
POL101990,H1817,arun,,healthh,9389.18,,Mumbai,arun48@ins.com,Approved,,"Feb 26, 2024",,961.52,,Lapsed,Valid,,183816.24,
POL102345,H1568,,114,Home,64687.9,90025.74,Delhi,user66@yahoo.com,,15-01-2023,14-04-2023,,12023.57,BEN591,Active,Invalid,01-11-2024,,
POL101302,H1250,arun,,healthh,43796.5,252706.94,Bengaluru,arun57@yahoo.com,Pending,17-03-2024,16-10-2019,1150187.49,7776.26,BEN492,,Valid,,302381.54,33.21
POL103306,H1363,Meena,40,Motor,,,Delhi,,,"Mar 14, 2025",,,7347.78,,Renewed,,,,13.36
POL100218,H1674,  raj,16,healthh,,,Chennai,raj26@yahoo.com,Not Filed,12-08-2024,16-02-2017,4198640.2,14825.97,,,,"Jun 09, 2025",142438.92,98.75
POL101133,H1436,Meena,79,Life,,457042.96,Mumbai,,,,10-04-2019,,13960.28,,,Invalid,10-05-2021,260320.27,24.94
POL100004,H1780,Priya ,31,Home,,381255.4,  chennai ,priya77@gmail.com,Not Filed,05-11-2021,06-06-2025,4649038.15,3267.95,,Active,Valid,"Sep 06, 2024",,12.84
POL100438,H1117,arun,35,Motor,17152.99,340452.8,Bengaluru,arun73@gmail.com,Approved,22-04-2017,"Jun 08, 2019",,10204.5,BEN609,Expired,Valid,"Jul 11, 2018",,22.86
POL100019,H1651,Meena,97,,86332.25,282935.46,Chennai,meena80@yahoo.com,Not Filed,"Jan 10, 2016",05-08-2023,,16690.92,BEN320,,,27-12-2022,,
POL100249,H1466,kumar,38,lifee,183947.96,83820.61,Chennai,kumar40@gmail.com,Rejected,01/26/2022,"Nov 17, 2019",-8571.31,7278.65,,Expired,Invalid,"Mar 12, 2024",834.3,
POL103227,H1309,,64,,99457.71,760837.08,Delhi,user63@gmail.com,Approved,07-03-2016,"Aug 15, 2021",,2693.63,,Lapsed,,"Sep 28, 2017",,9.27
POL103190,H1239,arun,17,Life,59953.38,335550.51,Hyderabad,arun64@yahoo.com,,05-10-2024,"May 10, 2025",403960.28,14742.43,,,,01/14/2025,,40.01
POL104655,H1912,Meena,54,Motor,1349.43,19426.79,Chennai,meena4@yahoo.com,,16-04-2017,,1406703.34,10449.91,,,,15-04-2022,319817.81,63.88
POL100101,H1946,Meena,,Life,73459.53,167846.47,Bengaluru,meena@gmail,,,21-07-2020,-5011.08,8538.68,,Renewed,Invalid,"Feb 11, 2023",,
POL102484,H1092,Priya ,26,Travel,38702.01,408693.56,Bengaluru,priya54@ins.com,Approved,,07/21/2024,1000464.64,15900.41,BEN497,,,,,
POL103139,H1172,  raj,79,Life,,126105.89,Delhi,raj96@yahoo.com,,24-10-2022,,610648.99,19352.96,,Expired,Invalid,,241503.8,
POL100609,H1748,Priya ,129,healthh,95677.57,,,priya2@ins.com,Approved,01-09-2016,17-01-2018,,2818.39,BEN234,,,"Nov 27, 2017",,
POL103605,H1091, JOHN,38,Motor,111788.25,351400.46,Mumbai,,Approved,02/20/2022,06/25/2018,-7164.25,19008.04,,Renewed,,10-06-2024,312462.88,
POL101309,H1002,,42,Life,53153.62,168679.41,,user55@yahoo.com,Approved,"May 21, 2016","Aug 07, 2019",851321.87,5391.39,BEN523,Renewed,,"Dec 26, 2019",148557.38,56.41
POL101154,H1060,  raj,54,Home,189285.74,178743.79,Mumbai,raj64@yahoo.com,Rejected,,"Nov 20, 2017",3643248.13,11298.93,,,,"Jul 03, 2021",,
POL104517,H1995,  raj,113,healthh,96976.97,,Chennai,,,06-05-2016,"Mar 02, 2022",4128381.6,5426.3,,Expired,Invalid,09-07-2021,,
POL101488,H1479, JOHN,,lifee,71035.76,145307.11,Chennai,john18@gmail.com,Approved,03-09-2022,"Jun 30, 2022",-8589.36,2451.09,,,Invalid,06-03-2024,,
POL103660,H1513,Meena,,Life,,340073.07,Bengaluru,meena47@ins.com,Not Filed,08-11-2024,13-08-2016,,-1238.92,BEN358,,Invalid,03/27/2022,28046.47,96.68
POL100734,H1934,Meena,66,Motor,69526.91,,Bengaluru,meena1@gmail.com,,"Aug 26, 2019",01/14/2019,3333452.21,17426.62,,Active,Valid,"Nov 09, 2021",260196.55,
POL102967,H1269,Priya ,30,Motor,181336.28,706176.54,Delhi,priya@gmail,Not Filed,30-06-2016,02-11-2016,-1498.54,714.95,,,,"Jan 13, 2023",367774.4,86.04
POL101781,H1218,  raj,19,Life,34946.48,,Bengaluru,raj61@gmail.com,Approved,31-08-2022,"Jun 16, 2021",3187531.76,4725.3,,Active,Invalid,19-05-2018,219917.81,
POL103550,H1939,arun,38,,82201.78,378204.46,Chennai,arun43@ins.com,Rejected,05-05-2019,14-04-2018,,15486.3,BEN723,Renewed,Valid,25-05-2018,,87.63
POL100467,H1839,kumar,62,healthh,,226827.04,  chennai ,kumar@gmail,,22-03-2025,"Sep 27, 2023",764559.97,3320.33,,Expired,Valid,01-12-2019,,
POL104149,H1516,Priya ,13,Life,114708.36,,Chennai,,Approved,30-06-2025,,318036.3,12035.33,BEN436,,Valid,07/30/2017,,
POL103063,H1423,Meena,,Health,140737.83,27239.31,Delhi,meena10@ins.com,,"May 07, 2022",01-05-2021,2542971.06,2504.69,,Renewed,Valid,08-07-2018,149950.53,10.95
POL104936,H1925, JOHN,60,Life,70479.45,442789.26,Delhi,john51@ins.com,Rejected,,,3987549.34,-1429.45,,,Invalid,28-07-2016,,
POL104494,H1446,Meena,46,healthh,72735.78,,Hyderabad,meena36@ins.com,Rejected,27-12-2023,31-01-2024,,-1268.57,,Lapsed,,,114605.31,97.38
POL103945,H1864,,123,Motor,,,Delhi,,,,17-03-2016,,2971.12,,Expired,,03/26/2018,313504.6,
POL101110,H1814,Priya ,53,lifee,28546.67,559194.63,Delhi,priya57@yahoo.com,Rejected,16-03-2021,08-03-2022,,-1294.52,BEN377,Renewed,,"Feb 09, 2017",299950.47,62.81
POL102017,H1742,Meena,,Travel,,658409.69,Chennai,meena34@yahoo.com,Not Filed,11-01-2016,04-07-2021,-8225.9,5470.36,,Expired,,,,
POL100585,H1610,arun,76,Home,73666.44,212792.48,Hyderabad,arun98@yahoo.com,,04-02-2017,12/22/2020,-6854.98,13467.71,,Active,,"Apr 16, 2024",272409.5,
POL103543,H1553,arun,,Life,,618385.28,  chennai ,arun89@yahoo.com,Not Filed,01-07-2018,05-06-2024,-415.07,7348.62,BEN727,,Invalid,,,77.12
POL103293,H1861,  raj,49,Life,21283.28,,,raj7@ins.com,,11/17/2024,,306580.97,5342,,Renewed,Valid,,222631.22,
POL102718,H1709,Meena,78,healthh,78141.62,335593.83,Delhi,meena75@gmail.com,Approved,01/23/2023,"Jun 30, 2021",-6032.28,16373.25,,Lapsed,Valid,"Dec 05, 2019",,
POL101805,H1316,,,Home,43603.46,,Delhi,user86@gmail.com,Pending,08/29/2016,07-11-2022,4175674.68,18640.97,BEN712,,,"Mar 29, 2024",,14.48
POL104898,H1527,  raj,41,Health,37694.44,140656.28,Delhi,raj19@ins.com,Rejected,"Feb 24, 2020","May 25, 2019",4888943.86,13168.85,,Renewed,,15-11-2016,108639.69,74.64
POL104996,H1437,Meena,,Travel,,,Bengaluru,meena48@yahoo.com,,,12-09-2022,-9615.49,3999.15,,Expired,,"May 13, 2020",31333.84,
POL103269,H1320, JOHN,85,lifee,33901.89,,Mumbai,john65@yahoo.com,Pending,"May 01, 2020","Sep 17, 2021",2555438.65,-1718.3,,,,01-08-2019,,
POL103054,H1177,arun,74,Travel,,,Hyderabad,arun59@ins.com,Rejected,,07/22/2016,,577.01,,Active,Valid,02/21/2022,357643.86,31.01
POL104139,H1110,arun,64,healthh,,,,arun62@yahoo.com,,"Mar 10, 2016",,-8880.59,5562.31,BEN374,,Valid,09/21/2017,30997.52,35.94
POL103297,H1907,arun,,healthh,30273.5,521598.97,Hyderabad,arun97@ins.com,,"May 23, 2018",10-11-2020,-2126.03,7456.01,,Active,Invalid,20-03-2024,117439.03,15.36
POL100756,H1240,,,Motor,58467.37,224454.87,Mumbai,user52@ins.com,Pending,19-03-2018,05/23/2018,-9371.12,6033.65,,Expired,Valid,14-01-2016,,
POL102749,H1735,Priya ,,Health,37104.69,,Hyderabad,priya92@yahoo.com,,"Dec 30, 2023","May 04, 2025",1615261.19,9694.39,BEN599,Lapsed,,05-08-2016,,
POL100284,H1484,,,lifee,134781.3,470495.52,Bengaluru,user46@gmail.com,Approved,16-06-2023,"Mar 30, 2016",,-1435.03,,Lapsed,Invalid,07-08-2023,180767.23,
POL102163,H1113, JOHN,,Health,156470.68,283010.6,Mumbai,john93@ins.com,Rejected,,04-07-2021,,19131.8,BEN862,Lapsed,,,,
POL104162,H1962,kumar,113,,,467360.9,  chennai ,kumar@gmail,,"Jun 02, 2021",10/21/2019,-5491.65,5238.35,BEN689,Active,,,,11.4
POL100042,H1427, JOHN,24,lifee,30234,,Bengaluru,john76@gmail.com,,26-01-2017,"Aug 25, 2020",,5327.51,BEN272,,Valid,,203980.82,
POL103234,H1902,kumar,,healthh,,,,kumar65@ins.com,,"Sep 11, 2023","Apr 04, 2021",2251947.59,2087.22,,Lapsed,,04-12-2021,,
POL100635,H1563, JOHN,,Motor,41035.87,,Mumbai,john34@gmail.com,Pending,29-03-2021,02-10-2022,-3367.14,10747.8,,,,,,55.22
POL100430,H1448,kumar,106,Life,,238313.22,Mumbai,,Rejected,30-12-2021,09/19/2018,-526.49,-1393.31,,Renewed,Invalid,"Jun 05, 2023",86081.66,30.98
POL100080,H1440,,,Travel,93197,145724.08,,user32@gmail.com,Not Filed,06/19/2025,"Jun 20, 2025",,11028.99,BEN658,,Valid,"Sep 19, 2024",,43.85
POL102313,H1055,Priya ,67,Motor,38836.61,,Mumbai,priya25@yahoo.com,,"Aug 25, 2024",,4868222.44,15997.58,BEN280,Active,Valid,,9763.43,
POL104397,H1728,kumar,,Motor,123704.33,,,kumar86@gmail.com,,"Jul 05, 2023",19-03-2023,-6491.48,4091.77,,,Valid,07/31/2023,86395,
POL104644,H1003,Priya ,69,Health,121318.36,,  chennai ,priya43@gmail.com,Approved,07/27/2024,,1152812.36,17645.58,BEN813,,Invalid,19-01-2016,55459.12,42.84
POL100193,H1340,arun,61,,,486293.02,Chennai,arun28@yahoo.com,,17-05-2024,"Mar 28, 2017",,-450.93,,Renewed,Valid,"May 12, 2019",,93.29
POL104259,H1934,  raj,30,Health,27391.81,482463.7,Hyderabad,raj47@ins.com,,"May 06, 2020",,3438689.4,4499.83,BEN634,Expired,Invalid,"Oct 22, 2021",260061.82,
POL102883,H1358,Priya ,5,Life,86996.47,,Chennai,priya70@yahoo.com,,04/22/2017,"Jun 19, 2023",3530545.71,18274.64,BEN506,Active,Valid,,43610.9,23.86
POL100782,H1627, JOHN,,Travel,173063.83,,Hyderabad,john85@gmail.com,Pending,30-08-2021,,-4404.4,2584.3,BEN138,,Valid,12/24/2023,223684.23,
POL104193,H1152, JOHN,42,Home,,352718.4,Chennai,john@gmail,,18-05-2017,29-10-2017,-166.48,14832.29,,,,01-11-2022,214009.06,77.93
POL103174,H1888,kumar,19,Travel,,182409.66,Chennai,kumar5@yahoo.com,Not Filed,04-04-2023,09-11-2024,,6640.04,,,Invalid,08-02-2019,169187.3,
POL100137,H1228,,,Health,50465.64,482000.13,,user58@ins.com,Pending,,,-322.64,14104.1,BEN467,Expired,,29-11-2022,25144.46,
POL104508,H1062,arun,,Motor,136820.65,,Bengaluru,arun63@gmail.com,Approved,05-02-2021,09-09-2022,,115.39,BEN720,Lapsed,Valid,"Oct 06, 2019",,
POL100733,H1298,Priya ,44,Travel,,151243.45,Hyderabad,priya46@yahoo.com,,"Jul 14, 2024","Aug 22, 2020",,-602.79,,Renewed,Invalid,14-08-2017,,95.86
POL102689,H1648,arun,51,Home,134965.9,,  chennai ,arun60@gmail.com,Rejected,,,171903.24,4696.29,,Expired,,"May 06, 2025",249837.37,
POL102759,H1915,Meena,28,,,424862.34,Delhi,meena19@gmail.com,,09-05-2020,03/28/2021,-520.72,11835.82,,Active,,"Apr 27, 2018",,
POL100946,H1365, JOHN,24,Home,124980.23,447680.48,,john40@ins.com,Approved,,,,895.11,,Active,,,,84.45
POL100735,H1669,Meena,18,Travel,,,Bengaluru,meena@gmail,Approved,13-06-2023,14-12-2017,-4605.79,12093.68,BEN986,Renewed,Invalid,"Jul 24, 2018",,60.06
POL102859,H1862,Meena,104,lifee,174301.23,256470.39,Hyderabad,meena45@gmail.com,Approved,"Feb 25, 2017","Jun 29, 2020",-7376.28,10589.35,,,Valid,,,53.27
POL102675,H1029, JOHN,112,healthh,132352.32,43443.02,Hyderabad,john23@yahoo.com,Approved,,08/30/2022,-1637.76,12097.6,,,Valid,24-12-2024,,79.92
POL103511,H1151,kumar,77,healthh,22824.7,,Bengaluru,kumar78@yahoo.com,,,14-06-2021,-6415.06,4306.42,,Expired,,,165041.07,81.96
POL103298,H1834,Priya ,62,,84012.65,57449.07,Delhi,priya38@ins.com,Pending,21-04-2022,04-04-2020,,3452.51,,Renewed,,03-02-2023,355643.49,88.34
POL102170,H1450,,22,Life,,57946.9,Mumbai,user68@gmail.com,Rejected,"Jun 24, 2019",03-02-2023,1328953.56,-993.24,BEN309,Expired,,05-06-2020,283762.49,12.03
POL101693,H1974, JOHN,29,healthh,106273.65,255601.29,Delhi,john23@ins.com,Pending,,04-11-2017,875982.02,9026.56,,,Invalid,"Dec 01, 2017",146819.64,53.13
POL102858,H1191,Meena,76,Travel,5064.14,267550.21,Hyderabad,meena43@ins.com,Not Filed,"Mar 18, 2019",06-07-2018,-842.46,2557.61,,Lapsed,Valid,20-02-2025,,48.68
POL104392,H1901,  raj,,Health,22490.96,478353.82,Hyderabad,raj69@ins.com,Not Filed,,"Jan 02, 2025",-5252.93,1377.19,BEN820,Active,Valid,06-08-2021,122578.91,11.08
POL104358,H1747,Priya ,31,healthh,106185.92,732040.77,Delhi,priya57@yahoo.com,Pending,12-11-2021,22-02-2019,4133349.02,15214.79,BEN839,Renewed,,09/19/2021,,38.91
POL104153,H1410,kumar,,Home,133457.32,,Mumbai,kumar14@gmail.com,,,03-11-2024,,18706.32,,,,07/22/2017,,
POL101405,H1586,Meena,64,Home,41861.93,,,meena37@ins.com,Rejected,10/18/2022,31-12-2022,,9310.47,,,Invalid,09-05-2022,,59.09
POL101753,H1568,arun,42,Health,70578.3,234942.74,,arun95@gmail.com,,10-10-2016,12-01-2020,1406447.38,10475.88,,,,07-01-2024,318562.85,
POL101674,H1768,kumar,58,lifee,,111414.29,  chennai ,kumar89@ins.com,Not Filed,18-10-2020,,-5622.17,12743.5,,,,01-09-2019,,2.97
POL103125,H1324,Meena,66,Health,93408.6,702241.15,Chennai,meena25@yahoo.com,Not Filed,14-04-2018,14-08-2016,-8755.19,17921.66,,,Invalid,"Mar 17, 2017",,21.05
POL101294,H1859,Meena,22,lifee,,698284.2,,meena32@yahoo.com,Not Filed,03/30/2018,06-04-2023,,14839.28,,,,"Feb 09, 2017",,33.46
POL103813,H1309,Meena,,Health,40545.24,441792.82,Bengaluru,meena23@yahoo.com,Approved,,09-04-2021,-7410.75,1439.17,,,,04-06-2025,,
POL104491,H1101,arun,34,healthh,,789657.34,Mumbai,,Rejected,07/17/2021,"Jan 28, 2018",-5709.09,15223.53,BEN424,Renewed,Invalid,,,
POL100105,H1789,Meena,41,lifee,,509915.65,Mumbai,meena45@gmail.com,Pending,22-06-2020,09/19/2016,,13249.87,,Active,Valid,22-11-2020,154374.84,96.91
POL103487,H1176,,114,Life,66597.17,,Bengaluru,user11@yahoo.com,Approved,01-10-2021,,3495017.91,17606.47,,,Valid,,135443.41,10.81
POL102229,H1079,Priya ,102,Travel,97814.42,355330.29,Delhi,priya@gmail,,03/22/2017,"Apr 14, 2018",3430187.62,-1262,,,Valid,12-09-2024,205502.39,10.23
POL104292,H1870,Priya ,,Health,60012.72,768969.06,  chennai ,priya68@yahoo.com,Rejected,"Mar 25, 2016","Jun 15, 2016",-8965.78,6129.8,,,Invalid,08/28/2022,,17.83
POL100874,H1934,Priya ,,lifee,1934.39,75401.82,Delhi,priya71@gmail.com,Pending,19-09-2019,31-03-2021,3480979.91,-1838.9,,Renewed,,08/21/2018,,11.8
POL104878,H1599, JOHN,73,lifee,,,Mumbai,john67@gmail.com,Approved,01-12-2016,04/25/2020,2999614.33,15539.14,,Active,,05-03-2020,,23.33
POL102173,H1233, JOHN,27,Life,116159.29,337360.06,Delhi,john68@yahoo.com,Pending,"Jun 24, 2020","Nov 28, 2021",-5790.46,13454.69,BEN179,Lapsed,,29-08-2022,356821.76,
POL103330,H1243, JOHN,70,,28461.61,416168.11,  chennai ,john78@ins.com,,05/29/2023,08/19/2017,-409.72,-1862.22,,,,11/17/2021,,
POL104769,H1900,kumar,58,healthh,,199556.59,Mumbai,,,04-12-2018,,,1907.73,,,,"Aug 15, 2022",,53.64
POL102914,H1783,  raj,75,lifee,169378.6,,,raj41@gmail.com,Not Filed,11-09-2024,,-3356.7,16837.36,,Renewed,,,,
POL101898,H1001,  raj,28,,3700.6,376445.41,Bengaluru,raj16@ins.com,Pending,06-08-2023,17-09-2018,-4912.85,14783.81,BEN751,Lapsed,,01/25/2024,,
POL101836,H1484,,,Travel,,441073.85,Mumbai,user84@gmail.com,Rejected,25-05-2024,04/24/2016,-4180.34,19352.02,BEN987,Active,,27-02-2024,290827.65,67.9
POL104421,H1188,Meena,77,Travel,55600.84,,Hyderabad,meena94@yahoo.com,Pending,"Apr 25, 2021",21-12-2022,1842673.71,11939.9,,,,12-09-2020,381309.48,38.99
POL101077,H1621,arun,120,lifee,,61008.02,Delhi,arun@gmail,Rejected,04-01-2021,25-11-2021,-7488.86,1438.24,,,Valid,31-05-2025,1014.32,9.72
POL102790,H1111, JOHN,,,88829.19,605735.55,Delhi,,Not Filed,"Apr 19, 2024",23-11-2023,-25.61,417.16,,Renewed,,,,
POL104977,H1949,  raj,31,Travel,73733.57,398886.44,Delhi,raj41@gmail.com,Not Filed,,,,7001.3,BEN514,Renewed,Valid,,172759.46,
POL102727,H1640, JOHN,,Health,,25333.42,Bengaluru,john36@yahoo.com,Pending,11/29/2021,,,17522.65,BEN479,Renewed,,05-01-2016,93342.42,70.45
POL100679,H1201,kumar,,,,72102.65,  chennai ,kumar@gmail,Not Filed,20-09-2018,,,12395.67,BEN275,Active,Valid,25-07-2017,216214.35,56.64
POL103627,H1933,  raj,92,Life,120688.65,140614.04,  chennai ,raj87@ins.com,,28-09-2022,"Jan 21, 2019",1219866.89,17082.15,,Expired,,17-09-2017,133333.73,49.64
POL104248,H1707,Priya ,34,Life,52687.05,204676.48,Delhi,priya90@ins.com,,23-07-2021,17-11-2020,,7087.87,,,Valid,25-01-2021,251191.48,
POL103201,H1112,  raj,64,healthh,,494286.94,Mumbai,raj14@yahoo.com,Rejected,"Sep 24, 2023","Jun 20, 2020",,18418.11,,Expired,,20-09-2017,,
POL100959,H1692,Meena,56,,,,Delhi,,Approved,13-05-2016,04-08-2024,-8891.36,11936.74,BEN419,Lapsed,Valid,05-06-2024,,
POL100470,H1691,,,Health,46586.41,400653.84,,user16@yahoo.com,,"Oct 03, 2022",20-04-2019,,-1124.04,,Renewed,Valid,18-04-2024,,19.91
POL100621,H1354, JOHN,,Motor,3165.5,145122.06,  chennai ,john48@yahoo.com,Rejected,27-07-2018,13-06-2025,-8492.24,14958.87,BEN553,,Invalid,,,0.14
POL102696,H1165, JOHN,91,healthh,118144,,Mumbai,john48@yahoo.com,Approved,12-12-2021,19-08-2024,-9197.73,5321.02,,,Valid,08-03-2025,342247.84,
POL101717,H1560, JOHN,,Health,5271.49,,Delhi,john32@gmail.com,,02/22/2022,13-01-2020,149348.8,11486.49,,,Valid,"Feb 19, 2023",273952.69,99.37
POL102141,H1137, JOHN,94,lifee,9454.24,350454.24,Mumbai,john26@yahoo.com,Approved,,"May 01, 2018",754521.71,9251.77,BEN503,Active,Valid,,,68.63
POL103364,H1172,Meena,95,Home,,,Mumbai,meena37@yahoo.com,Approved,"Aug 01, 2018",03/30/2017,,3004.64,,,,01-02-2019,120340.87,74.02
POL103011,H1547, JOHN,,lifee,,,Delhi,john84@yahoo.com,Rejected,30-06-2022,,4518125.12,6692.36,,,,02/16/2018,,73.96
POL101521,H1062,kumar,26,Health,82748.29,422901.72,  chennai ,kumar44@yahoo.com,Approved,28-07-2018,10/25/2024,,19470.08,,Renewed,Valid,23-06-2017,,15.77
POL101427,H1974,kumar,50,Life,54079.96,,,kumar59@gmail.com,Approved,24-05-2021,06-09-2020,-1498.86,18704.78,BEN865,Expired,,08-08-2021,331772.51,93.72
POL104400,H1098, JOHN,,Life,176361.18,316790.05,Chennai,john54@yahoo.com,Pending,02-02-2021,02-09-2021,,4793.74,,Lapsed,Valid,06-03-2019,,10.84
POL100271,H1007,Priya ,,Travel,102800.58,288066.38,Chennai,priya59@gmail.com,,01/29/2022,"Jan 26, 2021",,7131.16,,,,"Mar 25, 2018",,
POL100099,H1788,Meena,22,Motor,,,Bengaluru,meena16@ins.com,Pending,10/24/2024,,249632.55,1263.12,BEN828,Lapsed,,,19580.25,
POL102217,H1640,  raj,,Motor,93565.86,494841.37,Delhi,raj55@gmail.com,Rejected,16-10-2023,01/21/2020,,15556.99,,Renewed,Valid,"Jan 14, 2025",,80.08
POL102966,H1746,Priya ,,lifee,,,Chennai,priya70@yahoo.com,Pending,,12-01-2020,1922558.91,3013.22,,Renewed,Valid,08-08-2016,234304.42,
POL100017,H1867,kumar,89,healthh,88249.16,,,kumar42@ins.com,,14-06-2019,13-03-2018,-3023.34,8227.69,,Expired,Invalid,20-04-2023,,
POL103764,H1181, JOHN,48,healthh,,76237.27,Mumbai,john59@yahoo.com,Approved,04-07-2024,"Feb 15, 2023",-2618.71,10038.75,BEN689,Expired,,01/13/2024,,
POL101568,H1426, JOHN,,Home,106116.82,,Chennai,john14@ins.com,Rejected,11-12-2022,"Nov 16, 2017",,11386.25,,Expired,,,,5.88
POL101733,H1624,kumar,60,Home,,75360.3,Mumbai,kumar91@yahoo.com,Not Filed,26-07-2016,"Mar 17, 2020",,14645.07,BEN624,,Valid,07/17/2020,,31.7
POL102042,H1443,  raj,4,Home,99145.33,,Bengaluru,raj3@yahoo.com,Not Filed,,28-04-2018,2073081.98,10342.09,BEN580,,Valid,25-07-2021,,6.94
POL103101,H1508,kumar,,lifee,,504426.21,Mumbai,kumar43@ins.com,,"Feb 16, 2023","Jan 06, 2019",-134.94,14352.52,,Expired,,21-11-2016,127772.26,
POL103375,H1470,  raj,91,,,717151.91,Mumbai,raj66@gmail.com,,06-09-2017,,3048566.03,15156.48,,Renewed,Invalid,"Oct 27, 2019",,50.76
POL101665,H1857,Priya ,,Travel,,272679.11,Bengaluru,priya9@gmail.com,Pending,,"Sep 28, 2016",4408408.18,17513.63,,,Invalid,27-12-2020,348701.32,
POL101995,H1582,,,,275.82,,Hyderabad,,Rejected,"Aug 10, 2022",,,17727.62,BEN951,,,24-08-2022,,
POL101582,H1506,arun,65,healthh,,435037.57,  chennai ,arun69@yahoo.com,Rejected,"Jul 08, 2022",,4260845.8,8157.1,,Lapsed,Valid,,268022.52,64.61
POL102716,H1345,,68,Motor,107953.07,,  chennai ,user52@yahoo.com,,25-12-2019,10-02-2021,2805571.46,218.05,,Lapsed,,03/23/2025,,80.75
POL102557,H1050,arun,39,Life,95942.8,,Delhi,arun21@gmail.com,Rejected,05/17/2023,02-10-2019,4003984.1,1876.05,BEN388,,,10-10-2017,,
POL104639,H1920,Meena,32,Health,,,Bengaluru,meena45@yahoo.com,Not Filed,26-05-2024,"Dec 19, 2021",3124508.72,17817.6,,,,05/21/2018,,
POL100247,H1362,arun,,Home,112349.23,402693.78,Hyderabad,arun86@yahoo.com,,06-02-2025,01/14/2025,-3330.78,10600.85,,Renewed,Invalid,22-03-2020,,82.28
POL100745,H1099,arun,,,35272.1,,Bengaluru,arun85@ins.com,Approved,09-06-2021,09/26/2017,-2557.89,11147.65,,Expired,,09-04-2021,,
POL102747,H1642,Priya ,,healthh,85936.97,482325.28,Chennai,priya79@yahoo.com,Not Filed,01-09-2019,07-12-2022,,13401.44,,,Invalid,23-05-2023,348150.55,
POL101764,H1860,kumar,,Motor,,,Delhi,kumar51@yahoo.com,,10-05-2017,23-08-2022,,19483.78,,Lapsed,,,154813.05,10.17
POL100427,H1876,  raj,,,,55740.3,Delhi,raj72@gmail.com,,,06-02-2021,,54,,,,08-11-2019,58306.18,53.28
POL104416,H1683,,,Health,22280.01,210540.15,Chennai,user10@yahoo.com,Approved,23-09-2019,,,10395.6,BEN840,Active,Valid,,,87.54
POL103716,H1834,Priya ,38,Life,97241.72,,Chennai,priya83@gmail.com,,04/18/2020,09-03-2021,2915213.9,3074.91,BEN710,Active,,,183521.82,
POL101507,H1300,Meena,79,Life,-4042.9,88451.81,,meena89@gmail.com,Not Filed,28-12-2023,,4696824.05,13160.11,,,,"Oct 20, 2018",115538.05,
POL100153,H1478,,64,Motor,45926.07,281992.24,,user45@gmail.com,,21-11-2024,07-07-2024,2237208.51,1425.79,BEN110,,Invalid,02-09-2020,,68.78
POL104704,H1124,Priya ,,Motor,97478.08,609394.16,Chennai,,Pending,,"Oct 13, 2017",,8177.09,,Renewed,,02-01-2022,67101.74,70.45
POL104076,H1606,arun,52,,70659.15,,  chennai ,arun85@ins.com,Rejected,"Jul 10, 2016","Mar 23, 2023",102181.63,5471.04,,,Valid,03/22/2023,114094.34,
POL102407,H1115,arun,129,Life,,535934.88,Chennai,arun97@yahoo.com,,,"Sep 30, 2021",,15223.59,,Lapsed,,"May 20, 2021",,21.87
POL100010,H1873, JOHN,,Life,13921.19,,,john57@yahoo.com,,"Apr 08, 2025",,-9247.56,17886.43,BEN658,Lapsed,Invalid,"Apr 19, 2022",50978.21,
POL102044,H1398,Priya ,,Home,185875.16,312312.49,Bengaluru,priya90@ins.com,,31-05-2020,10/13/2018,765721.82,-1455.8,,Active,Invalid,"Feb 13, 2022",265422.83,
POL104581,H1461,arun,22,Health,153714.3,791101.49,Mumbai,arun47@yahoo.com,Not Filed,05-03-2020,,,11131.64,BEN469,Lapsed,Valid,"Aug 17, 2017",,
POL100825,H1074,Priya ,,lifee,,246713.85,  chennai ,priya86@yahoo.com,,03-11-2016,09/21/2019,-275.34,10479.23,BEN978,Lapsed,Valid,,,
POL101363,H1884,Priya ,104,Travel,42655.08,,  chennai ,priya40@gmail.com,,25-12-2016,,4813957.46,2324.01,BEN469,Active,,,,
POL100807,H1939,kumar,,Home,,355845.14,Mumbai,kumar84@gmail.com,Not Filed,01/21/2022,10-06-2022,1332003.23,-1503.78,BEN143,Lapsed,,13-07-2020,,98.68
POL103024,H1119,Meena,55,Life,,309209.21,Delhi,meena48@ins.com,Rejected,18-03-2022,,,-1508.43,BEN982,Renewed,Invalid,19-02-2025,,18.18
POL103986,H1601,,87,healthh,68947.62,,Bengaluru,user38@ins.com,Not Filed,,"Feb 18, 2016",,-272.23,BEN877,,Invalid,19-02-2020,281867.23,73.8
POL104941,H1007,Meena,42,Health,129250.63,,Hyderabad,meena82@yahoo.com,Rejected,"May 28, 2020","Nov 01, 2024",969154.3,1103.28,BEN979,,,15-02-2021,,14.13
POL100921,H1189,arun,122,Home,106848.03,,Hyderabad,arun6@ins.com,,13-08-2018,"Jan 08, 2023",4232505.64,3647.46,,Lapsed,Valid,,245149.75,
POL102031,H1128,Meena,67,Health,110668.27,60480.4,  chennai ,meena43@gmail.com,Approved,18-11-2023,,-7752.59,15778.25,,,,09-11-2017,7603.34,76.09
POL100829,H1536,  raj,,Home,,213911.1,Bengaluru,raj88@ins.com,Rejected,09-06-2023,,-8969.72,12205.98,,Renewed,,10/13/2019,,
POL104277,H1255,  raj,49,Life,13952.11,,Chennai,,Not Filed,25-02-2022,12/16/2020,-1294.3,14868.06,,Renewed,,"Jun 11, 2017",277550.57,24.55
POL103548,H1959, JOHN,,Home,58495.51,590047.31,,john47@gmail.com,Approved,19-10-2019,"Sep 18, 2024",4912144.07,18336.8,,Renewed,Valid,,330424.63,
POL103523,H1567,Meena,75,Life,,758598.82,Bengaluru,meena82@gmail.com,,27-03-2019,03-09-2018,,-40.12,BEN697,Lapsed,Valid,"Dec 10, 2019",285706.33,32.18
POL100945,H1919,,48,Travel,,117784.26,Chennai,user25@yahoo.com,Not Filed,17-08-2023,31-12-2022,1246551.21,18148.8,BEN509,Expired,Invalid,25-04-2017,,
POL101572,H1809,Meena,57,lifee,37076.7,,  chennai ,meena93@yahoo.com,Rejected,12-03-2024,10-05-2022,,10178.15,,,,30-04-2021,,0.24
POL102340,H1976,  raj,81,Health,112953.48,181914.61,Hyderabad,raj79@gmail.com,Not Filed,07-07-2024,29-02-2016,,18214.36,BEN358,Lapsed,Invalid,07/31/2017,,
POL100962,H1171,kumar,110,Health,139078.73,,Chennai,kumar@gmail,Approved,,,2059929.62,15309.72,,Expired,,21-12-2024,155398.97,2.13
POL101257,H1215,Meena,37,lifee,,261368.43,Delhi,meena53@yahoo.com,Pending,15-05-2017,,,5319.4,,,,12-07-2023,,
POL101636,H1566, JOHN,68,Health,,,Hyderabad,john17@gmail.com,Approved,"Aug 08, 2016","Feb 13, 2023",-2809.66,5432.7,BEN936,Renewed,Invalid,,,88.86
POL100843,H1490,kumar,85,Travel,24000.66,418401.51,Chennai,kumar82@ins.com,Not Filed,"Sep 29, 2023",17-03-2023,2981016.46,7569.59,,,Valid,,,44.75
POL103377,H1159, JOHN,86,Motor,82274.25,762852.93,Delhi,john65@yahoo.com,,,,-6374.86,5180.29,,,Invalid,07-04-2023,,
POL100420,H1123,Meena,,Home,,,Bengaluru,meena66@ins.com,Pending,04-10-2019,22-05-2018,-2554.04,11220.6,,,Valid,,,
POL101711,H1981, JOHN,5,lifee,181020.95,,Hyderabad,john48@ins.com,Approved,03-08-2025,05/19/2016,-4565.02,14419.38,,,Valid,,254282.19,45.41
POL102546,H1636,Meena,,Life,39553.87,,,meena89@ins.com,Not Filed,"Apr 28, 2021",10/13/2021,,3420.96,,,,"Jul 27, 2020",,82.93
POL102464,H1885,Priya ,90,Motor,70789.23,,,priya68@ins.com,Rejected,23-06-2018,"Jun 23, 2019",,5047.93,BEN872,,,02-08-2017,,
POL102668,H1637,kumar,,Health,55394.18,,Mumbai,kumar94@ins.com,Not Filed,22-01-2018,"Sep 29, 2023",-9096.87,5915.95,,Renewed,Invalid,10/21/2018,145005.01,
POL104787,H1026,Meena,118,Health,172709.42,319027.02,Hyderabad,meena28@gmail.com,Rejected,05-06-2022,,870111.06,2599.34,,Expired,Invalid,07-02-2023,,
POL104023,H1058,arun,57,Home,125553.18,470811.08,Bengaluru,arun89@gmail.com,Not Filed,26-09-2016,05/29/2019,,16380.68,BEN611,Renewed,Invalid,28-10-2024,,86.46
POL103845,H1646,kumar,33,healthh,48530,320452.9,Bengaluru,kumar16@gmail.com,Approved,28-06-2020,03-09-2020,,12687.13,,,,"Feb 13, 2024",,
POL100360,H1624,Meena,,Motor,47891.43,63611.24,Mumbai,meena7@ins.com,Approved,25-02-2016,26-12-2017,-1394.3,4981.36,,Expired,Valid,06-09-2017,,67.84
POL101531,H1958,kumar,21,lifee,,596689.35,Mumbai,kumar36@yahoo.com,Not Filed,04/15/2023,"Aug 26, 2021",2767666.83,12311.57,,Lapsed,,27-11-2024,,
POL103061,H1060,Meena,,lifee,,266336.66,,meena70@yahoo.com,,,10-02-2017,,10923.99,,,Valid,"Apr 29, 2025",,
POL100846,H1457,Meena,62,,62832.71,,Chennai,meena20@gmail.com,,08-05-2017,25-07-2020,-6085.75,-1205.16,BEN381,,Valid,"Jun 25, 2020",264627.06,
POL100941,H1613,Priya ,28,Home,,,Bengaluru,priya15@gmail.com,Pending,28-05-2016,"Jan 12, 2019",1588158.65,19120.04,,,Valid,19-09-2022,253653.76,
POL104326,H1828,,95,Travel,188986.07,116456.15,Delhi,user59@yahoo.com,Pending,23-06-2024,"Dec 28, 2022",,18774.35,BEN183,,,09-10-2019,346584.12,
POL100253,H1275,arun,77,healthh,3376.19,183161.07,Hyderabad,arun32@yahoo.com,,20-10-2019,01/30/2021,-5540.18,9009.51,BEN901,Lapsed,Invalid,27-09-2019,215014.25,96.14
POL101892,H1597,Meena,,Life,83961.13,10885.6,Bengaluru,meena51@gmail.com,Rejected,,10/25/2023,819687.18,7676.58,,Renewed,,02-12-2020,277249.58,
POL104481,H1848, JOHN,,,,,Mumbai,john56@gmail.com,,07-02-2019,05-01-2025,,-1140.92,BEN630,Expired,Invalid,,,20.9
POL100468,H1794,  raj,,,189957.59,5284.23,Delhi,raj39@gmail.com,,,"Nov 01, 2023",-4066.64,8809.34,,Lapsed,,24-06-2020,102312.87,86.12
POL103577,H1900, JOHN,103,Home,,,Chennai,john91@yahoo.com,,"Mar 03, 2021",14-09-2017,-4195.49,2744.16,,Active,,04-06-2024,115507.75,30.6
POL103713,H1115,Meena,-4,Motor,9549.28,353362.59,Bengaluru,meena55@ins.com,Rejected,18-01-2020,24-04-2024,-3989.41,678.9,,,,02/25/2019,104019.38,
POL102185,H1393,arun,,,193062.84,723598.07,Mumbai,arun55@gmail.com,Not Filed,28-09-2022,,,4703.14,BEN341,,,12-10-2018,,
POL103493,H1552,kumar,32,Life,77928.33,,  chennai ,kumar69@gmail.com,Not Filed,"Jul 07, 2020",,-4105.14,9350.35,,Expired,Valid,28-05-2025,59021.51,
POL103513,H1034,Meena,41,lifee,,81349.35,Bengaluru,meena40@gmail.com,Rejected,,,,14134.19,,Expired,Invalid,"Apr 03, 2024",,78.96
POL104404,H1362, JOHN,109,Health,,,Bengaluru,john56@yahoo.com,,23-06-2017,"Dec 31, 2018",,12621.58,,Lapsed,,12-10-2020,160986.79,65.5
POL102888,H1212,kumar,121,healthh,197797.15,,Bengaluru,kumar79@gmail.com,Not Filed,"Feb 08, 2021",,-201.11,17365.75,BEN317,,Invalid,,,
POL101490,H1921,arun,,Travel,182136.16,,  chennai ,arun2@gmail.com,Approved,"Oct 29, 2017",,2081481.95,7222.06,,Active,,"Mar 09, 2023",354548.91,87.49
POL103985,H1886,  raj,,Motor,43339.24,520729.54,  chennai ,raj7@ins.com,,05/25/2025,03-12-2016,,2721.92,BEN287,Expired,Valid,11-03-2023,,
POL101116,H1201,Priya ,69,Motor,34800.21,531917.63,  chennai ,priya7@ins.com,Rejected,,"Dec 03, 2022",,17380.71,BEN202,,,"Mar 15, 2019",258991.82,
POL101899,H1793,arun,,Travel,,193140.56,Bengaluru,arun73@yahoo.com,Not Filed,,07-05-2018,1781567.97,18285.41,,Expired,Valid,,,14.86
POL103122,H1196,Priya ,47,Home,73955.13,564485.97,Delhi,priya2@yahoo.com,,"Mar 06, 2016",30-03-2018,728694.16,10033.94,,Renewed,Invalid,"Oct 03, 2019",308718.11,90.94
POL104204,H1439,Priya ,61,Life,98403.56,,Mumbai,priya46@gmail.com,,07-01-2016,06/23/2018,-5612.51,14214.36,,,Invalid,14-04-2024,266501.42,
POL104839,H1867,Meena,23,,126322.83,,Chennai,meena55@ins.com,Rejected,09-02-2016,12-08-2023,3656899.65,10759.64,,Active,Valid,"Jul 16, 2020",,
POL104686,H1405,Priya ,,healthh,72482.02,41870.35,Chennai,priya65@gmail.com,Pending,28-05-2016,08-05-2017,,7870.4,,,,"Apr 30, 2016",187380.73,4.42
POL103439,H1881,kumar,58,lifee,27393.72,629950.96,Chennai,kumar@gmail,,06-10-2018,"Mar 30, 2020",,16658.23,BEN776,Expired,Valid,14-03-2018,305846.06,
POL101838,H1635,  raj,18,healthh,,158399.87,Mumbai,raj52@gmail.com,,"Jun 09, 2024",03-03-2022,-8676.94,11223.75,,Lapsed,Invalid,04/13/2022,,83.6
POL101844,H1436,kumar,,Home,-311.55,,Hyderabad,kumar43@yahoo.com,Not Filed,05-07-2022,13-05-2021,4454208.74,19575.14,BEN266,Renewed,,01/31/2022,,38.75
POL103338,H1389,  raj,,Home,46558.35,685797.73,Hyderabad,raj52@ins.com,,11/30/2023,"Jul 29, 2023",3177434.92,7005.99,,Active,Invalid,,111976.19,
POL103654,H1057,,19,lifee,76296.97,321601.77,Bengaluru,,,05/17/2017,,953002.52,6290.93,,,Valid,10/27/2021,,
POL102018,H1126,arun,,Life,83465.93,226609.85,Mumbai,arun28@ins.com,,"Nov 13, 2021","Dec 05, 2024",,4817.78,,Renewed,Valid,11-05-2022,296974.46,
POL102272,H1662,,43,Motor,,,Chennai,user30@yahoo.com,Not Filed,09-04-2017,"Jan 10, 2017",-8524.34,4059.52,,Active,Invalid,01-01-2021,258481.49,
POL101616,H1042,Priya ,,Health,68443.57,,Delhi,priya97@yahoo.com,,15-06-2024,"Sep 30, 2016",,16303.27,,,Invalid,15-11-2017,,
POL101189,H1276,kumar,42,Travel,46929.64,330031,Chennai,kumar94@yahoo.com,Not Filed,06-05-2024,,-6215.72,6708.82,,Renewed,,,386787.63,97.19
POL101888,H1294,Priya ,12,Life,1947.65,,Chennai,priya71@gmail.com,Rejected,02/14/2020,22-06-2022,-583.36,7536.03,,Renewed,Invalid,19-12-2017,,95.27
POL100345,H1437,kumar,,Life,182074.45,66185.33,  chennai ,kumar17@yahoo.com,,,05-05-2023,,6864.73,,,,19-07-2024,33863.64,
POL101645,H1038,kumar,,Motor,,67469.44,Bengaluru,kumar55@gmail.com,Rejected,16-10-2022,23-11-2022,4402177.16,4072.99,BEN121,Renewed,,"Nov 26, 2024",,22.23
POL103104,H1013,Priya ,62,Motor,,,Bengaluru,priya28@yahoo.com,,21-05-2020,23-05-2017,2932109.49,16869.6,BEN879,Active,Invalid,07-07-2022,,22.75
POL101988,H1150,Priya ,,lifee,99025.8,301934.87,Chennai,priya93@ins.com,Not Filed,"Jan 11, 2022",04/19/2019,,7282.29,,Expired,Invalid,30-12-2024,,
POL101573,H1366, JOHN,35,Travel,,1756.44,,john32@yahoo.com,,"Aug 24, 2021",15-08-2023,,3974.46,BEN203,,,19-02-2019,,
POL101458,H1835,kumar,,Travel,159611.79,203613.81,Bengaluru,kumar84@yahoo.com,Rejected,02-03-2024,07-08-2020,-4309.89,-916.79,,Lapsed,Valid,"Aug 19, 2022",237465.41,64.44
POL100995,H1056,Meena,36,Travel,128735.39,141374.01,Delhi,meena95@yahoo.com,,"Feb 17, 2020",16-05-2020,,6805.05,BEN254,,Valid,06-02-2018,,
POL103805,H1258, JOHN,,Travel,,70225.7,Hyderabad,john79@yahoo.com,,"Aug 04, 2018","Apr 01, 2019",-6267.95,3363.74,,Lapsed,,"Jan 08, 2021",,9.11
POL104106,H1718,Priya ,78,healthh,174780.43,647318.3,  chennai ,priya@gmail,Pending,06/25/2020,19-09-2019,383387.2,14671.71,,,,09-08-2020,,99.08
POL103857,H1077,,67,healthh,,326428.84,,user39@ins.com,,,"Sep 27, 2020",-396.99,2731.15,,Renewed,,,,20.35
POL103295,H1667, JOHN,,healthh,,38874.76,Mumbai,john71@yahoo.com,Not Filed,,"Mar 02, 2016",,739.27,BEN102,Lapsed,,05/23/2018,,30.67
POL102034,H1547,kumar,52,Life,32378.06,198169.28,Bengaluru,kumar90@gmail.com,,04/16/2024,01-10-2019,,14736.71,BEN394,,,,78549.53,58.78
POL102128,H1207,  raj,33,lifee,22106.86,558611.99,,raj48@yahoo.com,,"Jan 01, 2023","May 01, 2023",1180160.68,431.22,BEN629,Renewed,Invalid,"May 07, 2024",246920.83,
POL103223,H1011,kumar,82,lifee,,173827.82,Hyderabad,kumar80@gmail.com,Pending,21-11-2023,"Jan 28, 2023",-3034.37,-94.89,,Renewed,Valid,10-08-2024,35954.51,50.58
POL101894,H1467,kumar,110,Motor,,,Bengaluru,kumar9@gmail.com,Rejected,05/19/2019,13-02-2016,-5330.41,4546.1,,,,03-03-2023,24958.24,32.03
POL104671,H1977,Meena,118,Health,,,Delhi,meena20@gmail.com,Approved,,16-03-2020,,108.98,BEN741,,,11/14/2016,,20.26
POL101928,H1102, JOHN,,Travel,,323924.82,Hyderabad,john45@yahoo.com,Rejected,"Sep 18, 2020",03/30/2017,-3738.04,3117.66,BEN336,Lapsed,Valid,13-04-2016,,66.64
POL101355,H1405,kumar,,healthh,96635.83,26815.78,,,,19-03-2025,24-12-2020,3354558.4,5763.89,,Lapsed,Valid,,270014.86,
POL101063,H1300,  raj,,Life,78340.64,306873.51,Bengaluru,raj50@ins.com,,,"May 27, 2024",2205161.93,11128.81,,Renewed,,"Jun 01, 2023",,39.58
POL104812,H1723,Priya ,28,Home,,202751.59,Bengaluru,priya87@ins.com,Pending,10/23/2022,,4725354.75,204.85,,Active,Valid,"Jul 07, 2023",275544.67,
POL103288,H1276,Priya ,,lifee,91622.36,77111.78,  chennai ,priya79@gmail.com,Not Filed,07-07-2023,"Nov 18, 2018",-9108.33,214.85,BEN280,,Valid,09/20/2024,,
POL104450,H1544,kumar,-2,Travel,62034.79,448462.4,  chennai ,kumar37@yahoo.com,Approved,,04/29/2019,,5235.29,,,,08-07-2021,204865.19,7.07
POL104949,H1338,arun,29,Health,52332.6,598408.96,  chennai ,,,"Oct 20, 2023",28-07-2022,,-233.04,,Renewed,Invalid,"Mar 25, 2025",,
POL100999,H1408,,28,Health,195306.34,,,user@gmail,,"Aug 06, 2021","Mar 30, 2023",,-1132.99,,Active,Valid,"May 24, 2017",,
POL102385,H1535,,,healthh,137498.59,188807.87,Delhi,user86@gmail.com,,13-03-2024,12/18/2021,3808909.5,-1884.23,,Expired,,13-02-2022,154467.29,
POL100095,H1801,,,Motor,87409.28,,Delhi,user9@gmail.com,,,13-05-2025,,8991.42,BEN680,Lapsed,Invalid,11/29/2020,,
POL101713,H1240,,,,36377.43,,Mumbai,user17@ins.com,,01-03-2023,"May 01, 2021",945976.83,9228.19,,,Valid,,,
POL100804,H1316,,,,928.66,442294.55,Chennai,user59@yahoo.com,Rejected,01-12-2024,26-06-2021,,14997.36,BEN722,Renewed,,,147400.96,29.46
POL102182,H1302,  raj,26,Life,167412.1,358722.03,Chennai,raj70@gmail.com,Not Filed,04-03-2017,,411046.1,3397.71,BEN969,,,11-06-2016,28198.07,
POL100324,H1888,arun,,healthh,67104.44,,Mumbai,arun71@yahoo.com,Pending,,"Mar 10, 2017",-1549.08,12966.2,,,Valid,20-11-2021,,
POL104726,H1031,Meena,99,Life,43992.71,614700.46,Chennai,meena13@yahoo.com,,04-09-2022,15-12-2020,-450.75,5333.39,,Lapsed,Valid,18-02-2017,,
POL101772,H1437, JOHN,,healthh,,399931.96,Delhi,john60@ins.com,Approved,10/21/2019,03-09-2016,3475426.04,4781.33,BEN855,Lapsed,,06-04-2022,133939.32,71.83
POL102927,H1984, JOHN,,Health,172083.01,433886.06,Hyderabad,john60@yahoo.com,,02-08-2025,24-01-2024,4762663.22,16173.87,,,Valid,06-04-2024,,53.65
POL101728,H1661,arun,63,healthh,95142.41,,,arun78@ins.com,Pending,03-09-2019,"Nov 11, 2017",,13537.8,BEN502,Lapsed,,06-11-2021,,20.76
POL100913,H1420,Priya ,45,Home,86028.12,200223.59,Bengaluru,priya94@gmail.com,,,"May 26, 2019",-1933.63,3402.25,BEN397,,,01/30/2019,,
POL101112,H1891,arun,-5,healthh,153069.12,16502.42,Mumbai,arun96@gmail.com,Not Filed,25-06-2017,30-08-2019,-6589.91,17224.13,,,Invalid,24-09-2018,368170.29,9.25
POL102647,H1496,Priya ,76,,143871.43,404280.47,Delhi,,,10-08-2021,20-10-2020,3725902.65,17150.23,,Expired,,"Apr 08, 2017",,61.77
POL103455,H1002,Meena,44,Travel,70854.11,345005.06,  chennai ,meena74@yahoo.com,Pending,17-07-2018,05-05-2021,4456160.23,17525.95,,Renewed,Valid,27-05-2021,,
POL104991,H1144,,73,Home,137340.42,443168.3,Hyderabad,user93@yahoo.com,Pending,,28-03-2019,357607.21,10857.87,,,Invalid,06-07-2018,3026.97,
POL100881,H1908,  raj,,Travel,37109.77,786623.1,Chennai,raj36@gmail.com,Approved,12/15/2016,"Jul 10, 2019",,8658.4,BEN418,Expired,,15-05-2025,318161.92,
POL101452,H1889,  raj,128,Travel,30172.21,,Bengaluru,raj67@yahoo.com,Approved,07/30/2018,17-06-2025,-3791.79,856.9,,,Invalid,,,43.22
POL102273,H1169,Priya ,33,healthh,,,,priya31@yahoo.com,Approved,16-04-2024,06-03-2017,-1411.62,73.42,BEN314,,Valid,02-03-2021,22123.16,
POL103591,H1319, JOHN,,Life,34081.09,,Chennai,john37@yahoo.com,,"Jul 14, 2017",08/18/2019,,6196.24,,,,07-02-2016,69670.16,
POL101786,H1855,arun,,Home,34229.81,583988.92,Mumbai,arun24@ins.com,Rejected,,24-10-2019,,12128.37,BEN244,,Invalid,10/14/2023,,
POL104573,H1711, JOHN,101,Motor,,,Delhi,john@gmail,Pending,,22-03-2016,1079754.12,1763.75,BEN290,Lapsed,,"Dec 13, 2023",,72.57
POL103846,H1306,Priya ,42,,173493.92,59387.01,Chennai,priya20@yahoo.com,Approved,25-06-2022,13-02-2023,,12478.31,,Lapsed,,30-12-2024,361465.91,93.95
POL102989,H1638,,,healthh,,335909.27,Delhi,,Not Filed,,"Feb 20, 2023",3224719.27,1597.69,BEN961,,,,28353.31,90.22
POL101345,H1152,arun,56,Health,,,Bengaluru,arun98@yahoo.com,Approved,09-02-2018,08/21/2024,-4232.28,16310.28,,,Valid,06-11-2022,,
POL100863,H1404, JOHN,81,Motor,,,,john54@ins.com,Not Filed,18-03-2025,,-8934.48,6837.95,,Renewed,Invalid,25-03-2025,148902.11,
POL104764,H1676,arun,34,,,406186.29,Bengaluru,arun10@ins.com,Not Filed,16-10-2023,07/29/2023,,-1109.92,BEN455,Expired,,,288923.41,3.23
POL102196,H1936,Priya ,59,Travel,28708.91,89323.73,Delhi,,Not Filed,30-08-2023,30-09-2018,1179522.04,18023.16,BEN481,,,10-02-2022,327153.38,
POL100092,H1393, JOHN,104,Travel,8882.75,478804.24,  chennai ,john@gmail,,04/17/2024,14-04-2021,-4904.77,6618.52,BEN761,Expired,,"Aug 31, 2023",45097.47,
POL103688,H1292,arun,,Health,55523.64,,Mumbai,,Pending,12/27/2023,17-04-2018,,712.09,BEN743,Lapsed,,"Jun 12, 2025",,25.72
POL104923,H1485,  raj,105,Life,44585.88,233842.32,Bengaluru,raj35@yahoo.com,Approved,,17-02-2019,-141.55,19855.49,BEN228,Active,Invalid,"Oct 19, 2016",37164.43,
POL100830,H1412,Meena,,,17547.92,18045.85,Chennai,meena85@ins.com,Not Filed,,,,8642.12,,Active,Valid,03/26/2016,206382.76,42.43
POL103463,H1005,kumar,50,healthh,39929.98,5825.37,Hyderabad,kumar47@gmail.com,Pending,27-10-2018,07/19/2019,4295800.43,9178.2,BEN475,Expired,,,1378.44,
POL104303,H1001,,82,Home,,,,user66@gmail.com,Not Filed,03-09-2018,,1986497.89,2990.31,,Lapsed,Valid,,,86.8
POL103693,H1605,kumar,,,76974.93,,Chennai,kumar14@ins.com,,18-11-2016,26-03-2023,1434790.66,2879.36,BEN560,,Valid,02-06-2022,276225.1,
POL102978,H1275,,92,Life,,496406.16,,user76@yahoo.com,,,20-03-2023,-6127.77,-1126.41,BEN298,Active,Invalid,08-06-2024,167677.7,7.19
POL102406,H1681,  raj,51,Life,,,  chennai ,raj44@ins.com,,19-05-2020,09-06-2019,1288815.73,16107.52,,Expired,Invalid,23-11-2016,,
POL104225,H1281,kumar,,lifee,41625.57,576350.06,Bengaluru,kumar27@ins.com,,,05-06-2022,,9228.47,BEN170,Expired,,"Nov 02, 2017",,
POL104017,H1657,arun,10,Life,86133.88,166818.12,Bengaluru,arun27@gmail.com,Approved,04-03-2025,04-06-2017,-3767.77,11264.96,,,Invalid,,353415.85,18.83
POL104974,H1025,arun,40,Motor,,,Chennai,arun28@gmail.com,,16-12-2020,,,9375.18,,Renewed,,08-08-2024,,25.11
POL101357,H1284,kumar,,Motor,31176.93,,  chennai ,kumar31@gmail.com,,03-10-2022,04-12-2023,4711544.57,14883.32,,,Invalid,,183023.4,
POL102138,H1746, JOHN,26,Home,38725.1,130050.08,Bengaluru,john98@gmail.com,,07-09-2020,08-02-2022,,7054.4,,Renewed,Invalid,12-08-2022,72094.26,90.74
POL102067,H1971,  raj,24,,,542845.5,Bengaluru,raj43@yahoo.com,Rejected,27-05-2021,02/27/2024,3165869.41,10323.1,,Expired,Valid,25-04-2017,,
POL101385,H1024,kumar,35,lifee,155731.71,248360.69,,kumar10@gmail.com,Rejected,09-12-2021,12-12-2021,983225.64,-226.34,,,,04/21/2020,5383.49,
POL100214,H1572,Meena,,,,738344.85,,meena77@yahoo.com,Rejected,14-02-2018,04-06-2023,,831.72,BEN810,,Invalid,04-05-2024,,98.11
POL104766,H1754,,,healthh,67241.76,416530.54,Bengaluru,user41@gmail.com,,11-04-2023,,,3380.09,,Active,Valid,12-10-2017,,35.73
POL101066,H1656,,14,,,543135.71,Hyderabad,user39@ins.com,Pending,02-04-2022,25-10-2020,,40.05,,,Valid,,,96.01
POL103977,H1252,Meena,46,,76213.4,,  chennai ,,Pending,,"Feb 18, 2023",,12829.38,,Lapsed,,10/21/2021,,
POL104386,H1680,  raj,,Home,,214172.79,Bengaluru,raj15@ins.com,Approved,,"May 08, 2020",2322889.22,18114.59,,Lapsed,Valid,18-06-2018,,
POL104194,H1816,Priya ,117,Life,17756.31,,Delhi,priya@gmail,Not Filed,"Jul 31, 2025","Dec 25, 2023",,11965.5,BEN164,Expired,Valid,07/30/2025,185039.28,92.37
POL102548,H1656,arun,,healthh,,209917.39,  chennai ,arun98@yahoo.com,Pending,05-07-2025,05-03-2024,,-1234.72,,Renewed,,07-07-2018,,
POL104382,H1939, JOHN,22,,98691.17,470373.96,Hyderabad,john86@gmail.com,,11-09-2024,"Apr 25, 2017",3184843.55,5842.19,,,Invalid,,,84.45
POL100118,H1602, JOHN,37,Home,45864.67,168917.58,Mumbai,john46@ins.com,Pending,"Apr 08, 2016",09-01-2022,,2646.19,,,Invalid,27-02-2021,,37.52
POL102553,H1053,arun,67,Home,4090.96,,,,Rejected,,29-01-2020,-120.38,3254.36,,Expired,,,19797.19,97.13
POL104935,H1831, JOHN,7,Motor,140671.79,,Bengaluru,john81@ins.com,Not Filed,29-03-2024,,,18759.27,,Renewed,Valid,"Feb 21, 2018",,99.05
POL104181,H1072,Priya ,72,Life,63735.48,499880.88,Bengaluru,priya90@gmail.com,Not Filed,"Jan 08, 2019",08-10-2017,2352008.85,637.7,BEN558,,,22-04-2024,256986.95,16.5
POL104417,H1964,arun,11,Travel,,304068.05,  chennai ,arun4@ins.com,Pending,"Jun 10, 2017","Nov 08, 2022",-9882.18,11651.56,,Lapsed,Valid,16-07-2019,,99.17
POL102784,H1056,,,lifee,43732.86,372996.89,Mumbai,user80@gmail.com,Approved,"Sep 23, 2024",11-11-2024,,10225.87,BEN503,,Invalid,"Feb 10, 2016",363622.59,27.5
POL104525,H1563,,,,,516832.29,Hyderabad,user78@yahoo.com,Rejected,"Jun 16, 2023",10/20/2017,-9453.23,18643.93,BEN116,Renewed,Invalid,29-01-2024,12554.1,33.07
POL103082,H1070,  raj,25,Motor,,327993.09,Mumbai,raj@gmail,,10/24/2018,23-01-2022,1919834.42,7415.88,,Active,,17-08-2018,,
POL100957,H1034,Meena,,Health,47626.72,254982.06,Delhi,meena@gmail,Pending,08/16/2017,,788417.57,2210.64,BEN172,Renewed,Invalid,"Dec 31, 2020",30723.77,
POL103023,H1916,Meena,25,lifee,,,Bengaluru,meena20@ins.com,Pending,10-12-2018,,2681414.33,17629.82,BEN906,Expired,,03/21/2017,,
POL100165,H1513,kumar,,Travel,,498539.38,Mumbai,kumar56@gmail.com,,,19-06-2022,607022.86,5662.77,,,Valid,03-02-2023,67702.11,61.62
POL103497,H1680, JOHN,,,16371.02,,Delhi,john47@gmail.com,,06/13/2020,09-01-2024,-2257.86,6834.86,,,Invalid,22-04-2018,328999.9,
POL100201,H1382,Priya ,42,lifee,,20836.15,Mumbai,priya54@ins.com,Rejected,19-06-2020,09/17/2023,-2104.53,18960.72,,,Invalid,12-10-2018,164678.46,
POL104009,H1709,kumar,52,Home,46037.28,168820.26,Delhi,kumar48@ins.com,Approved,28-01-2023,24-09-2016,,220.86,,Expired,Invalid,11/29/2019,117906.85,17.32
POL100238,H1741,kumar,,Motor,8282.94,203750.73,Hyderabad,,Not Filed,14-03-2024,17-01-2024,-5228.8,6912.02,,,,02-01-2020,247399.75,69.07
POL101977,H1950, JOHN,30,lifee,169196.84,,,john53@ins.com,Rejected,,,,12109.05,,,Valid,04-08-2024,,16.31
POL104973,H1522,,41,healthh,,,Mumbai,user36@yahoo.com,Rejected,03/18/2023,26-11-2020,4962173.84,15714.29,BEN396,Active,Valid,03/23/2017,,
POL100031,H1287,kumar,32,Travel,57438.37,441928.43,Mumbai,kumar43@yahoo.com,Not Filed,01-04-2017,09-09-2018,-3232.41,9902.07,,Lapsed,Invalid,,146198.05,
POL100552,H1179,arun,112,,72966.19,,Delhi,arun73@yahoo.com,Pending,"Sep 04, 2020",04-07-2025,4778942.77,12459.44,BEN699,,,17-02-2024,,
POL102713,H1491, JOHN,55,Travel,,649893.78,Chennai,john8@yahoo.com,Not Filed,21-02-2016,08-01-2024,810783.96,13817.96,BEN377,Renewed,,08-07-2022,10285.54,20.02
POL101991,H1339,  raj,32,Travel,53748.14,44761.21,,raj61@ins.com,,09-03-2022,,,15151.15,BEN133,,,,24566.67,
POL100798,H1362,,52,Health,78270.35,,Mumbai,,Pending,"Sep 21, 2017",26-09-2016,,15050.34,BEN891,Active,,,245417.83,
POL104580,H1989,,54,Life,91481.84,,  chennai ,user23@ins.com,Rejected,"Sep 24, 2020","Jan 19, 2020",999070.07,-1436.05,,Renewed,Invalid,17-01-2024,,
POL104628,H1397,Meena,68,lifee,,201172.63,Bengaluru,meena82@gmail.com,,20-10-2018,07-12-2016,,-242.98,,,,"May 12, 2016",76873.55,38.88
POL104515,H1041,,,Motor,98752.06,69176.73,Delhi,user11@yahoo.com,Rejected,10/16/2018,"Jun 02, 2020",1433023.97,3458.15,,Expired,Invalid,20-06-2018,,
POL103469,H1974,  raj,,Motor,86422.53,373454.08,,raj52@yahoo.com,Rejected,30-07-2020,12-03-2017,-4008.55,14119.08,BEN929,,,04-08-2018,270247.47,
POL101819,H1664, JOHN,51,healthh,,,  chennai ,john65@yahoo.com,Rejected,,11/26/2021,-1055.41,1254.83,,Lapsed,,07-02-2023,,39.39
POL103037,H1812,,,Motor,110912.42,,Mumbai,user51@yahoo.com,Not Filed,17-04-2025,"Mar 22, 2019",,2047.39,,Expired,Valid,30-09-2017,14934.18,67.04
POL104504,H1926,  raj,121,Life,47609.51,390671.45,  chennai ,raj90@yahoo.com,Approved,,24-01-2019,335841.48,7982.22,,Expired,,13-12-2017,,
POL101644,H1003,  raj,127,Home,50521.29,,Mumbai,raj47@gmail.com,,,,,-903.3,BEN410,,Invalid,"Oct 16, 2016",306094.5,29.09
POL102720,H1815,,66,Health,163846.79,733292.54,Chennai,user@gmail,Approved,02-06-2025,"Jun 19, 2017",683091.41,1546.54,,Expired,Valid,11-08-2019,160019.92,
POL101907,H1812,kumar,,Home,11824.74,,  chennai ,kumar64@gmail.com,Rejected,05-06-2022,29-01-2017,-5759.28,12091.28,,Lapsed,Valid,"Dec 22, 2024",,
POL101280,H1582, JOHN,,lifee,12297.72,161456.01,Mumbai,john5@yahoo.com,Pending,11/25/2017,06/14/2024,,12857.24,,,,,,
POL101399,H1037,Meena,,Life,,32800.19,Delhi,meena42@gmail.com,Rejected,01/17/2017,30-09-2018,-9039.14,17124.34,,Expired,,04-05-2020,,
POL102671,H1304,kumar,72,Travel,27275.4,99544.99,Hyderabad,kumar58@yahoo.com,Approved,,,-7321.32,13644.69,,Expired,,01-10-2019,,92.35
POL102039,H1273, JOHN,58,Motor,,71186.38,Bengaluru,john5@ins.com,,07-02-2024,01-02-2020,4123642.57,1234.19,,,Invalid,04-01-2021,,
POL100048,H1895, JOHN,21,Home,12194.4,723771.5,Chennai,john58@gmail.com,Approved,"Sep 20, 2022",17-10-2020,2012447.13,19879.56,BEN483,Active,,15-03-2018,335670.52,
POL104000,H1383,Priya ,,,2935.88,67424.35,  chennai ,priya48@ins.com,Approved,29-04-2019,,423309.71,18751.44,,Lapsed,,26-06-2025,,30.13
POL101254,H1014,kumar,26,Life,75716.97,,,kumar82@yahoo.com,Approved,"Mar 16, 2022","Sep 20, 2022",2250307.53,3147.67,,Expired,Valid,"Jan 06, 2020",305583.74,45.51
POL104575,H1220, JOHN,76,Travel,,345415.51,  chennai ,john@gmail,Rejected,"Jan 12, 2016",10-07-2019,,16279.18,BEN308,,Invalid,24-03-2017,,11.65
POL104914,H1650,  raj,,Home,50437.44,,Mumbai,raj5@yahoo.com,Pending,11/28/2021,21-08-2016,4318262.62,17281.98,,Expired,,,155750.65,97.42
POL103263,H1894,  raj,,Travel,,143094.76,,raj60@yahoo.com,Pending,,"Aug 01, 2022",-286.08,-1350.41,,,Invalid,,,1.68
POL100366,H1378,  raj,,,31228.06,755538.32,Bengaluru,raj68@yahoo.com,,"Aug 29, 2023",08-07-2022,,18977.3,,,Invalid,"Nov 09, 2020",207653.99,9.95
POL102162,H1716, JOHN,22,lifee,,723827.03,Chennai,john60@ins.com,Pending,,06-11-2023,,7654.12,BEN703,Lapsed,Invalid,"Sep 08, 2021",,
POL103979,H1025,,21,,113432.6,403220.73,  chennai ,user19@gmail.com,,,23-07-2024,-6010.78,2482.89,,Active,,01-03-2016,138600.33,
POL101378,H1886,kumar,16,Life,,548688.5,  chennai ,kumar69@ins.com,Approved,"Dec 28, 2019","Nov 24, 2023",2790305.1,19426.21,,Renewed,Valid,,250052.82,
POL102838,H1434,arun,,Home,175114.94,89458.2,Mumbai,arun69@gmail.com,Approved,,28-03-2023,,3535.17,BEN332,,Valid,23-07-2019,20069.4,
POL102843,H1496,,,Life,47178.48,,Delhi,user97@gmail.com,Rejected,25-08-2016,03-03-2019,-2583.7,15172.61,,,,,,53.36
POL100740,H1595, JOHN,119,Life,19006.53,306496.03,Hyderabad,john@gmail,Not Filed,"Feb 19, 2022",11-11-2024,-513.72,10834.95,BEN281,Lapsed,,,,
POL102944,H1835, JOHN,73,Life,136014.88,185408.32,Bengaluru,,Approved,01/26/2016,23-03-2024,-4072.73,-1682.62,,Renewed,Invalid,02/24/2017,,
POL103144,H1886,kumar,42,Home,30463.65,,  chennai ,kumar86@yahoo.com,Pending,11-03-2022,"Feb 18, 2021",-997.1,9576.02,,Renewed,,"Apr 29, 2025",,
POL101919,H1644,kumar,83,Motor,59170.76,,Chennai,kumar96@gmail.com,Rejected,"Sep 01, 2022",12/19/2020,3581670.14,-914.09,,,,,,
POL103183,H1136,kumar,82,lifee,55163.2,675436.02,  chennai ,kumar@gmail,Rejected,04/26/2019,,1395621.21,8918.02,,Expired,,07-07-2016,,
POL103241,H1801,kumar,,Life,,729709.45,  chennai ,kumar34@ins.com,Rejected,31-01-2023,16-02-2020,3215127.8,10762.08,BEN674,Lapsed,Invalid,25-08-2021,,43.53
POL102268,H1638,Priya ,62,healthh,27501.27,145992.98,Hyderabad,priya51@ins.com,,,17-03-2021,4665983.93,-1858.83,BEN975,,,"Mar 25, 2021",,
POL100514,H1532,  raj,,Motor,59629.82,451671.37,Mumbai,raj36@gmail.com,Rejected,,13-11-2021,,2317.93,,,,16-01-2019,,
POL102198,H1216,,126,Motor,82453.57,86652.58,Mumbai,user44@yahoo.com,Not Filed,23-04-2021,23-06-2020,-1364.63,887.49,,Expired,Invalid,"Aug 25, 2020",,12.16
POL101739,H1200,,,Health,30959.14,152579.27,Delhi,user82@ins.com,Pending,06-02-2017,08/18/2017,-1692.78,12518.87,BEN842,,,,227250.44,59.61
POL101431,H1368,kumar,80,lifee,123442.53,,Delhi,kumar79@yahoo.com,,07-03-2024,,-2403.04,18591.59,BEN880,,Valid,30-05-2018,,46.04
POL102763,H1479,  raj,,Motor,94539.46,531977.55,,raj20@yahoo.com,Pending,20-06-2020,"Jan 25, 2022",-7810.36,9932.72,BEN355,Expired,Valid,"Jun 21, 2023",,
POL101699,H1434,Priya ,,Health,,220122.03,Bengaluru,priya68@yahoo.com,Rejected,,08-06-2017,3089851.01,-216.64,,Lapsed,Valid,"Jan 24, 2025",95287.24,
POL104725,H1573, JOHN,85,,195495.13,254743.5,Bengaluru,john81@gmail.com,Approved,"Aug 29, 2018",02-10-2025,4653116.18,11390.23,,Active,,"Oct 23, 2017",178734.09,81.67
POL104903,H1121,Priya ,,Health,149044.54,277422.37,Mumbai,priya@gmail,Not Filed,28-11-2020,06/19/2022,3986443.55,13637.11,BEN251,,,,353584.74,1.43
POL101128,H1984, JOHN,42,Health,53324.5,,  chennai ,john39@ins.com,Pending,28-09-2021,,-3533.98,4758.92,,,,"Aug 30, 2018",145594.85,
POL104191,H1321,kumar,,Health,5403.54,280531.84,Chennai,kumar92@ins.com,,"May 01, 2016","Mar 21, 2016",-2542.69,16084.12,,,Invalid,"Jun 25, 2023",,78.38
POL103990,H1949,Priya ,60,Life,23119.96,,Chennai,priya38@yahoo.com,,10-01-2017,"Jul 24, 2022",,3285.75,,Expired,,27-09-2016,237929.95,
POL103143,H1146,,,,,365351.6,Bengaluru,user3@yahoo.com,Pending,29-12-2018,04-04-2019,,12848.81,BEN402,,,,20374.93,
POL103001,H1205,arun,30,,,638907.09,  chennai ,arun82@yahoo.com,,"Jul 25, 2016",07-01-2022,1453393.03,14037.37,BEN932,Active,,,,48.78
POL104288,H1403,Meena,32,,,,Delhi,meena69@yahoo.com,Pending,,11-12-2017,4317632.73,17371.07,BEN235,Renewed,Invalid,,,
POL102910,H1897,Meena,33,Home,,29087.12,,meena30@yahoo.com,,11-05-2021,16-03-2023,572858.46,16376.58,,Lapsed,,,196088.64,
POL101633,H1476,,,,,242656.57,,,,06-04-2017,19-12-2021,-8278.29,-888.74,BEN619,Expired,Valid,10-09-2023,112770.18,
POL101809,H1106, JOHN,109,healthh,53419.93,38760.02,Mumbai,john21@ins.com,Not Filed,19-05-2022,"Jun 17, 2022",,9510.07,,Lapsed,,15-01-2018,,
POL103957,H1756,Meena,102,Travel,182825.78,186333.75,Bengaluru,meena69@gmail.com,,28-03-2025,09/15/2017,153454.37,514.72,,Active,Invalid,"Oct 17, 2017",207687.4,23.66
POL100503,H1728,arun,85,Health,69319.09,,Mumbai,arun11@ins.com,Approved,02/17/2025,02/20/2024,-4497.92,18085.41,,,,,,
POL103494,H1466,arun,64,Travel,8587.02,480692.6,Hyderabad,,Rejected,06-10-2024,"Mar 24, 2016",-9479.71,-1329.67,,,,27-09-2016,,
POL101695,H1293,,,Motor,24825.16,1220.45,Mumbai,user8@gmail.com,Approved,09-04-2025,20-02-2024,-6838.75,9619.91,,Lapsed,Valid,"Jun 20, 2018",,59.78
POL104067,H1535,Meena,,Home,123992.74,157659.43,Delhi,meena47@gmail.com,Rejected,05-02-2021,23-06-2018,-6869.38,18093.63,BEN858,Renewed,Invalid,22-02-2025,145581.28,
POL102236,H1743,kumar,,,103346.11,414997.32,Bengaluru,kumar30@ins.com,,30-08-2018,"Sep 11, 2023",,13932.27,,Renewed,Invalid,,,20.23
POL101553,H1463,Priya ,50,Home,32056.55,,  chennai ,priya79@gmail.com,Not Filed,"Nov 23, 2022",26-05-2019,-4916.95,1437.82,,,Invalid,"May 30, 2017",120693.57,
POL100923,H1068,Meena,68,Motor,,,Chennai,meena97@ins.com,,,"Oct 01, 2020",,1114.42,,Expired,Invalid,05-04-2020,218094.55,
POL103818,H1160,Meena,,Life,45293.08,467658.92,,meena53@ins.com,,,,,5259.52,,,Invalid,"Mar 12, 2018",,
POL102315,H1387,  raj,,Home,,,  chennai ,raj39@gmail.com,Not Filed,21-04-2025,04-12-2019,476847.77,2193.79,BEN476,Expired,,11-01-2016,31671.97,9.05
POL104018,H1115,Meena,44,Travel,20072.05,657020.42,  chennai ,meena4@gmail.com,,"Oct 17, 2022","Dec 31, 2021",2022250.96,7153.38,BEN201,,Invalid,15-10-2016,,
POL104822,H1594,Priya ,,Home,130512.73,,,,Pending,28-11-2019,"Mar 29, 2022",3796384.22,11483.67,BEN549,,,03/21/2024,,97.45
POL103102,H1794,kumar,,healthh,30274.39,,,kumar31@gmail.com,Not Filed,21-05-2025,"Dec 10, 2019",,-81.69,,,Invalid,09-06-2021,387994.05,0.28
POL100396,H1765,Meena,,lifee,,498014.47,Hyderabad,meena3@gmail.com,,"Mar 06, 2023",04-01-2020,1907657.46,11356.68,BEN970,Active,,12-07-2016,,
POL103715,H1433,arun,33,Motor,6996.81,290421.18,Bengaluru,arun89@yahoo.com,,18-01-2023,,,5332.43,,Renewed,Invalid,,,
POL101657,H1135,  raj,39,healthh,22208.66,47899.21,Chennai,raj10@yahoo.com,Approved,"Nov 14, 2024",,-7313.91,461.84,,Renewed,,,207264.75,
POL102415,H1577,arun,78,Life,84416.38,243739.33,  chennai ,arun52@gmail.com,,09/16/2016,,,1400.75,,Renewed,,02-12-2020,124238.9,83.82
POL104137,H1175, JOHN,,lifee,174940.86,560224.5,,john92@gmail.com,Approved,,24-01-2023,,12978.87,,Expired,,20-05-2016,256740.61,
POL100268,H1767,Priya ,47,,,93923.28,Bengaluru,priya72@ins.com,Rejected,12-07-2025,,-6944.28,-1787.01,,Lapsed,,17-07-2018,167658.93,76.28
POL102356,H1416,,27,Health,48869.85,336599.53,Chennai,user29@gmail.com,Pending,30-05-2022,13-07-2016,-1017.31,1680.92,,,Valid,24-10-2017,84994.16,
POL103380,H1261,,,lifee,41760.19,119588.69,  chennai ,user54@yahoo.com,Rejected,"Aug 01, 2023",27-03-2020,2158018.14,14761.32,,Lapsed,,,,66.02
POL104132,H1305,  raj,17,Travel,178957.96,208821.23,Bengaluru,raj4@yahoo.com,,30-05-2017,"Mar 26, 2019",-169.03,2243.78,,Expired,Invalid,,,40.29
POL104975,H1794, JOHN,67,Travel,197003.19,134923.31,Delhi,john91@yahoo.com,Pending,12-08-2017,"Feb 27, 2019",1936729.92,17493.01,,,Invalid,"Jan 15, 2024",,
POL103973,H1009,,,Health,,419718.17,,user42@ins.com,Pending,"Jan 13, 2022",14-08-2023,-1877.56,12122.74,,Active,,"Sep 21, 2020",,95.11
POL101242,H1483,arun,57,Health,,659047.07,Hyderabad,arun58@gmail.com,Not Filed,"Dec 06, 2018",12-05-2021,-124.62,10291.02,BEN721,Active,Invalid,06-11-2022,368746.95,31.96
POL101647,H1109,Priya ,14,healthh,,,Hyderabad,priya96@ins.com,,03-01-2024,03-08-2017,813443.6,-1458.15,,Renewed,,,,
POL100978,H1033,Meena,56,Home,,,Bengaluru,,Not Filed,12-06-2023,27-02-2021,-9617.14,12392.26,BEN336,,Invalid,02-12-2016,273121.14,19.75
POL104163,H1739,  raj,41,healthh,84609.97,,Mumbai,raj40@ins.com,Pending,15-05-2020,"May 03, 2020",,16142.75,,,Valid,"Apr 23, 2018",,
POL104583,H1961,Priya ,30,lifee,,486230.04,Delhi,priya65@ins.com,,28-01-2021,10-06-2024,-1039.62,14398.17,,Lapsed,Invalid,13-04-2025,388653.42,
POL102869,H1965, JOHN,,Life,27776.13,51030.41,,john42@yahoo.com,Rejected,27-09-2024,,-6585.39,17273.9,,Renewed,,,192018.22,20.18
POL102673,H1974,Meena,97,Life,36382.2,,,meena85@yahoo.com,,"Sep 13, 2023",,,13927.43,BEN418,Renewed,,03-07-2017,,49.82
POL100107,H1567,  raj,,Travel,39593.77,671082.88,Chennai,raj85@yahoo.com,,"Oct 13, 2018",30-05-2018,-7930.47,4419.85,,Active,,"Aug 11, 2021",188377.78,9.11
POL103206,H1305,Meena,97,Home,1442.42,602471.18,,meena83@gmail.com,Approved,,26-07-2024,,11293.71,,Expired,,,,18.37
POL102752,H1142, JOHN,,Life,,,Bengaluru,john55@yahoo.com,Not Filed,"Jun 20, 2018",,-1572.87,19923.96,,Expired,Valid,09-03-2024,,
POL101937,H1548,,2,Motor,181450.22,,Hyderabad,user54@ins.com,,,"Jul 03, 2025",,2386.94,BEN328,Expired,,19-04-2022,124874.61,
POL101413,H1423,Meena,18,,67553.68,,  chennai ,,Pending,19-01-2021,,,8490.96,BEN692,Lapsed,,10/16/2024,,61.92
POL101256,H1988,arun,,Travel,14019.17,31677.67,Delhi,arun89@ins.com,Rejected,10-02-2023,21-05-2016,,15343.2,,Expired,,04/13/2023,,48.18
POL104426,H1288,arun,95,Travel,152451.37,142570.14,Hyderabad,arun43@yahoo.com,Approved,"Jan 29, 2019",,-1499.17,15210.35,,Renewed,Invalid,15-11-2017,209601.8,
POL103823,H1301,,,Health,,263378.21,Delhi,user62@gmail.com,Approved,,"Jan 06, 2022",,19025.13,BEN887,Lapsed,,"May 25, 2016",195746.55,66.93
POL104762,H1754,Meena,,Travel,35091.83,,Hyderabad,meena12@yahoo.com,,"Aug 05, 2017","Aug 05, 2023",2020962.83,12173.18,,,,,,79.94
POL104146,H1821,  raj,43,Life,,493479.39,Chennai,raj79@ins.com,Not Filed,23-12-2018,24-08-2018,2428096.73,18225,,,Valid,,,
POL100457,H1280,kumar,43,,53376.37,764664.98,Hyderabad,kumar93@gmail.com,,11-12-2016,"Jun 07, 2022",3249325.17,11487.81,BEN878,,,12/28/2016,,
POL103323,H1722,,83,lifee,,409135.41,Chennai,user80@ins.com,,,,3193913.18,15525.45,,Renewed,,,13947.42,
POL104266,H1626,kumar,81,Travel,30684.69,415268.62,Chennai,kumar31@ins.com,,"Mar 05, 2023",04/21/2025,,10780.13,,Lapsed,,07/13/2023,378288.55,
POL102754,H1536,Meena,,healthh,57763.43,152548.96,Delhi,meena57@yahoo.com,,,25-01-2017,-2627.6,18999.08,,Active,Invalid,"Dec 03, 2018",,
POL100576,H1602, JOHN,75,Health,72376.97,140368.04,Delhi,john89@ins.com,Rejected,23-03-2024,06-11-2018,-5775.18,-638.92,,,,25-11-2016,,
POL104368,H1024,Priya ,81,Home,38441.77,-1746.69,Delhi,,,12/14/2019,"Jun 02, 2016",,10791.72,BEN756,Lapsed,Valid,18-02-2017,,61.02
POL103342,H1106,Priya ,,lifee,119967.38,33853.26,Chennai,priya4@gmail.com,,22-06-2023,26-09-2022,-2885.63,16033.31,BEN205,,,15-06-2016,270801.02,22.5
POL102140,H1707,Priya ,118,Life,99764.54,83229.33,Chennai,priya89@yahoo.com,,31-10-2017,06-11-2025,,18327.49,BEN905,Expired,,28-05-2016,279511.61,
POL100816,H1943,,,Travel,,196154.99,Hyderabad,user13@gmail.com,Rejected,30-03-2019,,737231.06,-85.72,,Expired,Valid,07-01-2023,,89.98
POL104088,H1280,Meena,74,healthh,25467.58,351185.14,  chennai ,meena67@ins.com,,,26-12-2024,3663813.71,9630.63,BEN810,Renewed,,27-07-2019,310417.28,44.24
POL104950,H1972,Priya ,44,Motor,71750.69,512004.59,  chennai ,priya84@gmail.com,Rejected,01-09-2020,,-2268.33,-32.74,BEN209,Expired,,12/18/2016,,
POL100855,H1446,  raj,,lifee,33328.05,,,raj30@yahoo.com,Approved,17-05-2021,19-11-2021,-7708.48,18234.67,BEN643,Lapsed,,02-07-2021,,5.72
POL102917,H1366,Priya ,,Motor,162175.23,,  chennai ,priya53@gmail.com,Rejected,11-05-2018,28-02-2025,,13496.96,,,,"Aug 11, 2018",,
POL101025,H1077,,91,healthh,349.98,,Chennai,user96@ins.com,Rejected,"Mar 22, 2024",05-05-2018,-2403.08,11465.13,BEN980,Active,,"Nov 18, 2024",,1.37
POL100142,H1823,  raj,20,Home,,223029.67,Delhi,raj1@yahoo.com,,05-09-2024,,-3454.54,15694.32,,Active,Invalid,"Sep 19, 2018",260630.37,26.13
POL102865,H1861, JOHN,76,,,457081.98,Delhi,john92@gmail.com,Rejected,20-08-2018,"Mar 24, 2024",4161429.36,17951.09,,Renewed,Valid,01-06-2018,,93.18
POL103530,H1623,Priya ,54,Health,75517.68,152218.99,Mumbai,priya44@gmail.com,,16-11-2016,10-05-2022,,13945.16,BEN927,Expired,,"Jul 09, 2017",315211.11,
POL102024,H1366,kumar,83,Travel,,273338.18,Chennai,kumar@gmail,Approved,31-01-2025,14-08-2023,,15679.15,,Renewed,Valid,"Sep 17, 2018",,37.32
POL101473,H1939,arun,,Travel,170990.9,504552.56,Hyderabad,arun@gmail,Approved,,19-01-2020,4388945.06,926.72,BEN407,Lapsed,Valid,05-08-2020,254905.72,51.4
POL102210,H1450,,10,Motor,,132771.26,Hyderabad,user40@gmail.com,Approved,"Jul 31, 2019","Apr 03, 2022",1779438.04,-1275.76,BEN901,,Valid,02-05-2019,336783.16,62.05
POL100333,H1510,arun,65,Health,60342.35,303200.3,Chennai,arun1@gmail.com,Rejected,26-01-2024,"May 17, 2016",-4665.33,-1139.35,BEN760,Active,,09-02-2022,331940.09,72.33
POL100861,H1789,Meena,27,healthh,72504.65,,Mumbai,meena88@ins.com,,"Jan 05, 2025",23-03-2019,3704482.8,14479.9,,Lapsed,,"Oct 26, 2017",,4.27
POL104618,H1018,,52,Travel,,448030.34,Hyderabad,user89@yahoo.com,,,06-02-2017,,12993.2,,,,,,
POL100616,H1927, JOHN,27,lifee,2701.54,286343.26,Delhi,john24@gmail.com,,19-10-2016,03-07-2017,3943310.53,6735.65,,Expired,Valid,05-12-2017,5418.5,13.67
POL103876,H1784,Priya ,130,lifee,,178332.73,Mumbai,priya42@gmail.com,,14-04-2025,"Oct 17, 2023",,18477.32,,Active,,06-04-2020,392093.63,24.66
POL103832,H1970,Priya ,44,Life,37562.51,,Delhi,priya71@yahoo.com,,03-11-2022,06-03-2023,77314.4,11645.45,,Expired,,22-04-2025,374916.77,26.88
POL104539,H1554,Meena,99,Travel,42966.74,,Hyderabad,meena3@yahoo.com,Rejected,,14-06-2025,,6990.77,BEN809,Lapsed,,14-07-2017,,82.33
POL103710,H1598,Meena,,Health,4054.39,313509.46,Chennai,meena91@gmail.com,,,17-08-2017,-4628.94,882.18,BEN376,Lapsed,,,,
POL103498,H1087, JOHN,81,Life,,320373.8,,john85@yahoo.com,Rejected,,07-03-2020,,17255.46,BEN391,Renewed,,,31698.23,91.29
POL104133,H1331,,,Health,,,,user68@ins.com,,26-08-2023,06-11-2022,,15466.7,,Renewed,Invalid,03/16/2021,,
POL103354,H1036,Meena,64,Home,53604.99,,Delhi,meena92@yahoo.com,Pending,10-05-2022,24-10-2019,,11478.13,,Active,Invalid,"May 17, 2023",222521.44,70.01
POL100570,H1093,,38,,,211737.26,Mumbai,user75@yahoo.com,Not Filed,01-03-2016,07/27/2018,-6453.59,594.11,BEN909,,,27-06-2020,,
POL102758,H1130,,63,Life,52133.99,,Hyderabad,user42@yahoo.com,Approved,"Jul 03, 2016",06-08-2024,3039930.79,5487.98,BEN795,,,,,
POL103836,H1735,kumar,20,Travel,72348.6,291104.32,  chennai ,kumar21@gmail.com,Not Filed,,,-6398.08,3474.46,,Expired,,07-03-2020,347573.07,99.25
POL104307,H1833,kumar,,lifee,,36862.22,,kumar42@yahoo.com,,07-08-2021,04-02-2020,3176329.62,3261.39,,Active,,16-09-2024,193565.39,
POL100931,H1410,,66,Home,,,Mumbai,user51@gmail.com,Pending,,03/28/2025,,8612.67,BEN954,Active,,10/13/2018,101523.36,28.73
POL100327,H1129,Meena,68,Home,166654.26,159028.87,Chennai,meena4@yahoo.com,,,20-09-2019,-9747.1,872.06,,,,16-12-2023,,
POL101814,H1797,Meena,28,lifee,2038.17,84687.7,Hyderabad,meena47@gmail.com,,,,-7523.66,13208.63,,Lapsed,Invalid,13-09-2017,,
POL101180,H1183,kumar,8,lifee,,,,kumar21@gmail.com,,,,,17616.05,,Renewed,Invalid,23-09-2020,,
POL102627,H1931,,,lifee,31080.15,227041.37,Delhi,user77@yahoo.com,Not Filed,"Sep 10, 2020",,,18597.13,,,,27-03-2023,,
POL101401,H1973,arun,99,Motor,195642.86,416024.37,Delhi,arun18@gmail.com,,04/15/2018,02-03-2020,4244466.05,8979.92,,Lapsed,Valid,18-06-2025,,15.7
POL102005,H1608,Meena,,Travel,19287.89,434173.99,Chennai,,,,"Aug 02, 2021",-3491.97,9957.8,,Active,Invalid,05-01-2021,277904.31,96.63
POL101578,H1149,arun,,Health,197445.24,287132.53,Mumbai,arun28@ins.com,Pending,10/23/2020,12-08-2021,,2640.54,,Lapsed,,16-09-2018,,46.5
POL102905,H1541,Meena,,Health,,630677.54,Chennai,meena43@gmail.com,,15-10-2016,05/21/2019,-4218.02,288.33,,Active,,"Apr 24, 2022",,
POL103581,H1363,arun,64,Life,60245.58,,Chennai,,Approved,24-05-2017,04/24/2020,3651663.9,9131.64,,Renewed,Invalid,,,
POL100925,H1347,,,,,172699.84,Bengaluru,user39@ins.com,Pending,02/27/2016,"Feb 12, 2025",73822.93,3574.14,BEN928,,,07-12-2016,95627.12,
POL103441,H1052,arun,,Travel,64018.58,,Bengaluru,arun85@yahoo.com,Pending,23-12-2024,,970819.51,14987.07,,Expired,Valid,24-04-2025,247665.86,81.92
POL103049,H1307,Priya ,58,Health,,,Delhi,priya83@yahoo.com,Pending,"Jul 27, 2017",13-04-2023,2028743.61,14872.67,,Expired,,11-08-2018,126742.49,
POL104855,H1886,,97,Life,45324.05,406431.85,,user84@yahoo.com,Not Filed,14-11-2018,10/16/2017,1001243.85,10639.22,,Active,,08-05-2021,,51.51
POL100951,H1018,kumar,46,Life,191682.6,476149.99,  chennai ,kumar73@gmail.com,Approved,07-10-2025,08/16/2020,,7056.43,,Renewed,,12-11-2024,225719.46,37.89
POL104073,H1725,kumar,34,healthh,22450.74,,Mumbai,kumar29@gmail.com,Pending,18-12-2016,10/18/2023,-887.73,5883.83,,Lapsed,,11-01-2019,347639.59,14.81
POL103782,H1157,Priya ,53,healthh,,124932,Mumbai,priya81@gmail.com,Rejected,,27-09-2016,3589569.62,14476.26,,,Valid,,207742.08,92.61
POL103643,H1904,Priya ,,lifee,,20912.45,Hyderabad,priya47@yahoo.com,Not Filed,12-11-2018,"Apr 04, 2023",,-1225.52,BEN892,Expired,,"Aug 05, 2019",,19.78
POL102292,H1420,Meena,82,Home,79635.19,482705.13,Chennai,meena45@ins.com,,11/22/2017,22-10-2019,1850102.33,10541.3,,Expired,Valid,,,
POL102369,H1631,Meena,28,,340.7,8127.68,Bengaluru,meena9@ins.com,Pending,,12-03-2025,3046623.64,19644.19,,Renewed,,"Oct 10, 2019",187140.48,63.16
POL100787,H1795,,,Home,169550.57,704754.08,  chennai ,,,"Nov 24, 2023",10-05-2024,,-537.34,,,,,253482.27,
POL100854,H1683, JOHN,,Motor,,212157.47,Delhi,john84@gmail.com,Not Filed,31-10-2016,05-01-2018,2966319.47,10562.44,,Renewed,Invalid,27-05-2022,,92.29
POL104020,H1491,,,Motor,,315667.69,Delhi,user30@gmail.com,Pending,10-05-2025,,-1158.55,6.91,,Expired,,09-05-2025,87719.63,46.68
POL103867,H1081, JOHN,48,Life,139812.92,-4440.03,  chennai ,john@gmail,,08/24/2022,19-04-2016,3482414.85,157.58,,,Valid,28-06-2017,,
POL104874,H1205,Priya ,69,Health,,,Bengaluru,,,26-09-2024,"Jan 01, 2024",2392889.59,18905.39,,Expired,Invalid,11-07-2024,,
POL103179,H1590,Meena,85,,,,Mumbai,meena16@gmail.com,Rejected,08/18/2017,"Jun 09, 2021",-5395.82,18543.27,,Expired,,13-07-2023,295302.77,
POL103499,H1341,arun,45,Health,-1156.62,339572.74,,arun94@gmail.com,Rejected,05-02-2016,12-07-2019,-1927.02,-196.19,,Lapsed,,03-08-2019,73717.48,
POL104775,H1836, JOHN,83,Motor,,473171.1,  chennai ,john44@yahoo.com,,10-11-2024,"Jan 03, 2024",,18561.15,,Renewed,,28-01-2024,,
POL104548,H1067,  raj,,Health,127707.03,,,raj81@ins.com,,"Jan 23, 2019","Jul 06, 2017",681535.71,11938.13,BEN616,,Valid,,122619.15,
POL101832,H1714,  raj,,healthh,92829.84,298338.37,Bengaluru,raj16@yahoo.com,Pending,15-10-2016,17-07-2025,1560097.48,13223.08,,Renewed,,"Dec 21, 2017",,
POL100280,H1947,kumar,,,,,Bengaluru,kumar98@gmail.com,Rejected,09/15/2019,,3560185.9,13322.02,,Renewed,Invalid,02-10-2023,191090.22,
POL101124,H1314,,123,Health,,,,user53@gmail.com,,01-05-2020,"Oct 26, 2021",977513.28,17989.01,,Expired,Valid,11-12-2021,,34.17
POL102929,H1235,Meena,,Life,26668.89,,Bengaluru,meena24@yahoo.com,Not Filed,"Mar 21, 2023",07-12-2022,-2398.38,-1426.56,BEN773,,Invalid,17-04-2024,141654.26,
POL102695,H1166,Priya ,33,Life,76453.79,430760.8,Delhi,,Pending,"Aug 03, 2016",08-10-2024,433074.26,7466.39,,,Valid,02/13/2025,,18.11
POL104802,H1151,,,Home,49540.4,,,user24@ins.com,Pending,05-06-2019,11-05-2023,3496906.24,18124.4,,Expired,,25-11-2020,,
POL103679,H1394,kumar,76,Motor,,470049.53,Delhi,kumar17@yahoo.com,Pending,"Sep 24, 2024","Jul 11, 2023",4061661.6,3958.98,BEN357,,,,259140.01,47.58
POL104226,H1800,kumar,,lifee,,,Hyderabad,kumar27@gmail.com,Pending,16-02-2018,11-04-2018,1866071.49,15250.15,BEN539,Active,,"Mar 29, 2022",52270.96,38.25
POL104033,H1088,,116,,1375,,  chennai ,user89@ins.com,Approved,"Aug 22, 2020",22-03-2021,,15308.8,BEN811,Expired,Valid,"Dec 19, 2017",,
POL101030,H1314,kumar,,Health,13311.82,597555.16,Delhi,kumar49@gmail.com,Rejected,18-06-2025,"Feb 11, 2017",-7532.01,14567.31,BEN969,Renewed,,04-06-2023,,19.84
POL102233,H1844,kumar,123,lifee,35184.05,,Mumbai,kumar61@ins.com,Not Filed,29-09-2022,26-12-2017,-3813.91,8037.09,,,,,,75.94
POL102932,H1493,  raj,122,healthh,52624.97,270893.46,Hyderabad,raj49@gmail.com,Pending,"Apr 21, 2024","Aug 25, 2024",4557309.05,2736.73,BEN557,,,12-05-2019,186209.04,
POL101318,H1193,,44,healthh,185836.05,408376.09,Bengaluru,,Not Filed,08/26/2022,30-03-2022,1589415.08,-1925.16,,,Valid,05-12-2020,140921.52,15.49
POL103154,H1206,arun,,Motor,,721664.89,Delhi,arun4@yahoo.com,,,06-11-2016,-5957.8,-480.76,BEN750,,Valid,05-01-2023,,74.85
POL102614,H1713,arun,,Health,9838.6,,Bengaluru,arun49@gmail.com,,,08-06-2025,-2804.23,18350.32,BEN495,Lapsed,Invalid,24-05-2020,288927.62,
POL100056,H1848,,,Life,165435.12,161330.38,Mumbai,user37@ins.com,Rejected,24-01-2020,,-3749.78,9736.52,,Expired,Invalid,22-08-2023,263493.15,
POL103199,H1407,Meena,23,Home,,798409.54,  chennai ,meena95@gmail.com,,"Sep 17, 2020",,795146.47,1424.53,,Expired,Valid,11/19/2024,,68.56
POL100844,H1404,,78,Life,,,Mumbai,user62@gmail.com,Pending,"Nov 04, 2024",05-03-2017,4873930.88,4520.49,BEN662,,,,,92.43
POL102330,H1961,  raj,0,Life,10171.76,,Hyderabad,raj61@ins.com,Not Filed,10-12-2018,"Oct 16, 2019",759748.25,5722.18,BEN233,Lapsed,Invalid,10/29/2019,,36.92
POL100189,H1630, JOHN,65,Health,91058.08,,Delhi,john24@yahoo.com,Approved,08-06-2020,23-09-2018,,16427.51,,Renewed,Invalid,"Aug 23, 2024",,21.09
POL100771,H1843,Meena,80,,,441967.13,Bengaluru,meena39@gmail.com,Approved,"Aug 14, 2018",02-09-2021,-2299.26,8827.15,BEN621,,,"Feb 07, 2017",,
POL102303,H1159,  raj,85,,67971.61,15167.52,Delhi,raj98@ins.com,Approved,,03/16/2019,590758.29,14742.58,,Renewed,,"May 04, 2017",,24.22
POL101353,H1948,  raj,,lifee,81064.58,,Chennai,raj41@yahoo.com,,,10-08-2016,,2929.69,,Active,,16-02-2024,,38.76
POL102283,H1320,  raj,57,Health,105582.7,81855.72,Delhi,raj94@ins.com,Approved,09-05-2021,05-04-2025,,1293.75,,Active,,17-05-2024,358109.35,17.86
POL104685,H1808,  raj,,,,3602.14,Mumbai,raj88@gmail.com,,18-04-2019,"Dec 19, 2017",,7842.67,,Expired,,,387865.96,
POL103612,H1592,kumar,,,,182109.67,,kumar62@gmail.com,Rejected,,02/18/2018,,11019.82,,,,,,29.58
POL101286,H1392,Meena,40,lifee,,115921.82,Delhi,meena92@yahoo.com,,"Jun 09, 2021",,4753762.63,12186.58,,Active,,06-08-2021,,87.31
POL102391,H1616,arun,102,healthh,89655.69,,,arun91@ins.com,Pending,19-06-2016,10/14/2017,-6831.85,8929.66,,,Valid,04/16/2021,244874.44,
POL101811,H1034,kumar,,Travel,,417914.5,Hyderabad,kumar48@ins.com,,,03/28/2021,-9948.4,12346.02,,Renewed,,09/30/2021,,74.39
POL100338,H1193,kumar,53,,,,Chennai,,Approved,,11/28/2021,1231897.31,2982.23,,,,"Jan 30, 2018",,73.39
POL104600,H1394, JOHN,67,Life,16103.29,357068.1,Chennai,john34@gmail.com,Approved,01/16/2021,06-04-2016,,8114.23,,,,"Jan 23, 2019",,65.94
POL103038,H1620,Meena,42,,145304.82,,Mumbai,meena46@gmail.com,Approved,08/24/2016,24-09-2018,2848281.12,15170.09,BEN387,Active,,"Oct 03, 2021",142460.37,
POL101428,H1345,,83,healthh,,493799.88,Hyderabad,user89@gmail.com,Pending,,21-06-2018,-4166.76,19917.97,BEN917,,Invalid,30-12-2016,393780.58,80.11
POL104435,H1894,kumar,,,,,Hyderabad,kumar17@yahoo.com,Approved,01/18/2025,03/18/2020,,16667.93,,Active,,,98797.24,
POL104943,H1275,,54,lifee,,345931.23,Chennai,user73@gmail.com,Rejected,,08/29/2021,-1195.39,-1981.69,BEN447,Expired,,,,
POL100315,H1513, JOHN,53,Home,,,Mumbai,john72@yahoo.com,Approved,"Nov 12, 2021","Aug 09, 2024",1600288.82,1626.14,,,,23-04-2020,,7.78
POL104077,H1813,  raj,,healthh,39707.22,351142.17,  chennai ,raj25@ins.com,,,16-04-2016,2662228.79,17773.8,,Expired,,16-01-2017,340453.95,84.12
POL103192,H1710,Priya ,76,Life,138427.92,,Mumbai,priya25@gmail.com,Rejected,26-05-2020,"Feb 14, 2025",,2307.95,,Expired,,24-11-2020,7195.66,14.35
POL103373,H1854,  raj,,Life,,87345.25,Mumbai,raj65@ins.com,,,04-12-2017,-418.19,776.2,BEN636,Renewed,Invalid,12/19/2022,110680.25,19.07
POL100207,H1266,Priya ,,Life,,80394.94,Delhi,priya91@yahoo.com,,17-04-2020,14-08-2018,1227631.36,10639.55,,Lapsed,Invalid,01-07-2023,,66.56
POL101442,H1736,Meena,,Travel,194645.83,,Hyderabad,meena12@ins.com,,19-01-2016,,2627503.8,-752.9,BEN634,Lapsed,,04/30/2022,,83.6
POL100368,H1302,arun,,,48926.59,583965.16,  chennai ,,Pending,18-08-2023,03/21/2021,825799.6,11873.73,,Active,,13-06-2024,173351.05,
POL104968,H1663,Priya ,,Travel,,,Delhi,priya15@gmail.com,Approved,,05/25/2018,,10900.8,,,Valid,10/26/2020,103648.76,61.79
POL102641,H1095,,39,Motor,95852.03,,Chennai,user2@yahoo.com,Rejected,16-12-2020,"Sep 18, 2024",4669498.26,124.89,BEN858,Renewed,,"Dec 18, 2018",398338.09,62.52
POL104542,H1028,arun,,healthh,75901.87,,Chennai,,Pending,"Dec 14, 2021",15-07-2016,,5607.02,,Lapsed,,18-03-2022,394473.88,
POL102704,H1044,Priya ,,Motor,,,Bengaluru,priya81@yahoo.com,,30-11-2021,"Aug 16, 2016",,2853.66,,Lapsed,Valid,,39592.14,
POL101381,H1172,  raj,68,Travel,88824.19,309527.49,Chennai,raj49@ins.com,Not Filed,"Jul 30, 2021",28-12-2016,4913689.32,9917.13,,Expired,,31-10-2022,53101.48,24.35
POL101034,H1114,kumar,12,Home,57736.76,,Mumbai,kumar53@yahoo.com,Pending,,02-02-2017,-5774.37,9316.51,,Active,Valid,19-05-2019,,
POL103601,H1025,  raj,62,Motor,72493.44,185619.96,Bengaluru,raj16@yahoo.com,Rejected,,27-09-2024,-1804.06,7243.88,,,Valid,,47222.62,60.28
POL103681,H1998, JOHN,,,79932.48,381121.98,Delhi,john5@gmail.com,Pending,19-09-2024,03-12-2018,3269402.48,18606.81,,Active,Invalid,,19830.23,
POL103608,H1792,arun,62,lifee,,258458.63,Delhi,arun40@gmail.com,Approved,09/21/2017,"Jun 12, 2016",273564.31,897.98,,,Invalid,,,
POL102849,H1998,kumar,50,Health,,47581.87,Delhi,kumar26@ins.com,Approved,,31-10-2024,,19208.51,,Expired,Invalid,02/25/2023,,17.29
POL104276,H1429,kumar,75,Health,104377.87,321365.27,Bengaluru,,Rejected,"Jan 03, 2023",30-03-2019,,4642.07,,,Invalid,,107779.73,
POL100905,H1739,arun,,Motor,,42930.74,Delhi,arun20@ins.com,Rejected,14-09-2018,05-11-2024,-2406.75,2729.26,,,Invalid,"Mar 26, 2020",,56.77
POL102844,H1451, JOHN,67,,43225.72,153683.52,Chennai,john67@yahoo.com,,"Apr 30, 2019",,,15161.9,BEN491,,Valid,,,
POL102722,H1859,,76,Home,114029.23,65163.48,Hyderabad,user48@yahoo.com,,02-09-2017,27-07-2017,-9427.08,12517.3,,Expired,,,,27.65
POL100178,H1198, JOHN,,Life,48408.8,365797.44,Bengaluru,john96@ins.com,,12/15/2020,,-6844.97,-1588.19,,Lapsed,,28-05-2021,387845.32,84.07
POL101006,H1699, JOHN,,healthh,,748057.69,,john61@ins.com,Approved,07/13/2022,"Jul 13, 2021",438687.11,9777.38,,Lapsed,Invalid,,,42.38
POL102583,H1680,Priya ,21,healthh,21776.28,40223.93,Bengaluru,priya62@gmail.com,Approved,15-07-2020,08-07-2024,687341.73,-329.53,,,Invalid,02-03-2021,,48.39
POL103491,H1794,Priya ,25,Travel,,72764.33,Delhi,priya62@yahoo.com,,02/18/2017,,3939841.9,17751.8,BEN979,Expired,Invalid,,,96.77
POL100608,H1158,Meena,40,Home,,,Mumbai,meena1@ins.com,Pending,,21-04-2017,-4633.45,18385.67,BEN334,,Invalid,13-11-2016,100784.81,27.87
POL103561,H1709,arun,82,,,93298.83,Chennai,arun89@gmail.com,Rejected,"Jul 06, 2025",07-07-2024,,9886.58,BEN790,,Invalid,06-12-2021,,84.81
POL100001,H1867, JOHN,23,,104926.76,146589.14,Hyderabad,john25@yahoo.com,Approved,04-02-2019,31-12-2018,,17062.64,,Renewed,,19-06-2024,,
POL102383,H1882,Priya ,,Life,64878.25,54824.39,Bengaluru,priya79@ins.com,Not Filed,06-12-2017,01-05-2018,,2008.14,BEN389,Renewed,,,,
POL103185,H1928, JOHN,123,,17068.97,147759.05,  chennai ,john71@yahoo.com,Rejected,13-08-2024,16-06-2023,85728.45,2070.25,,Lapsed,Invalid,"May 16, 2017",,29.54
POL104371,H1413, JOHN,25,lifee,157206.41,325004.96,Mumbai,john86@ins.com,,02/20/2020,"Oct 07, 2024",-1260.87,15402.72,,,,"Aug 01, 2017",,
POL101640,H1135,  raj,,Home,,,,raj27@gmail.com,Approved,04-10-2022,04-04-2021,2400293.48,18102.61,,Lapsed,Valid,,,
POL103983,H1806,Meena,43,Home,,278702.07,Mumbai,meena66@gmail.com,Approved,"Feb 28, 2019",01/30/2019,,14575.47,,Lapsed,,"Nov 05, 2016",,66.85
POL101422,H1992,arun,84,lifee,28372.99,4377.58,Bengaluru,arun90@gmail.com,,"May 29, 2020",20-07-2025,,-708.16,,Active,,24-05-2019,178929.32,
POL103244,H1864,,49,,56895.62,202358.92,,user8@ins.com,Rejected,09-09-2023,07-12-2020,,13217.51,,,,07/15/2023,,29.1
POL100648,H1446,,32,Travel,,31605.07,Hyderabad,user37@yahoo.com,Not Filed,,,,-18.95,,Renewed,Invalid,"Jul 03, 2022",235251.01,
POL102607,H1511,arun,68,healthh,93605.23,,Bengaluru,arun32@ins.com,Not Filed,,01/29/2021,3579664.73,9756.04,BEN988,Active,,19-02-2020,201006.63,6.27
POL104640,H1533, JOHN,33,Life,76763.18,162827.33,,john64@ins.com,Not Filed,26-09-2017,,,14299.45,BEN587,Lapsed,Valid,11/21/2017,,26.64
POL101002,H1169,arun,,Home,,19674.69,  chennai ,arun25@ins.com,Not Filed,,21-05-2023,4348571.35,14314.29,,,,"Mar 26, 2021",213429.28,
POL104360,H1754,arun,59,Motor,,10414.79,  chennai ,,Approved,"Aug 07, 2023",,,5316.73,,,Valid,18-08-2024,219859.27,41.88
POL100187,H1565,,,Travel,60655.04,365456.69,Hyderabad,user74@gmail.com,Approved,03-08-2017,,-6314.21,8593.72,BEN807,Expired,,"Dec 18, 2023",,
POL103927,H1192,Priya ,,healthh,54840.21,791295.79,Bengaluru,priya78@gmail.com,,17-07-2019,10-01-2022,421642.85,9491.2,BEN192,Lapsed,Invalid,04-04-2025,52913.97,72.32
POL104918,H1373,Meena,4,lifee,48240.08,71485.52,Chennai,meena63@ins.com,Rejected,,"Nov 27, 2022",,19195.92,,Lapsed,Valid,16-10-2017,169867.34,
POL102279,H1554, JOHN,,Health,95662.15,260833.18,Bengaluru,john92@gmail.com,Not Filed,,"Nov 05, 2019",-1900.13,215.06,,,,18-03-2025,,
POL101310,H1752,,78,Life,74632.48,220959.27,Mumbai,user@gmail,Approved,28-08-2023,02/18/2021,-1969.29,12321.7,,,Valid,21-01-2021,251273.06,80.59
POL101580,H1805, JOHN,92,,19405.04,,Bengaluru,john37@gmail.com,Rejected,31-07-2025,05-07-2017,,-546.91,,Active,,19-01-2025,51434.66,
POL101612,H1317,  raj,,healthh,91023.11,762946.14,Chennai,raj48@ins.com,,"Feb 06, 2023","Mar 02, 2020",,6099.97,,Renewed,Invalid,16-12-2021,385890.36,57.03
POL100774,H1658, JOHN,91,,48316.27,163878.51,Mumbai,john24@yahoo.com,Pending,13-08-2018,01-08-2022,,8312.26,BEN612,Lapsed,Invalid,"Sep 08, 2020",329331.48,56.31
POL101272,H1477,Meena,64,Health,,,Chennai,meena57@yahoo.com,,,"Sep 21, 2016",1518231.93,934.43,,Active,Valid,"Jun 25, 2022",4453.78,66.56
POL102847,H1603, JOHN,77,Home,27138.87,201053.18,Mumbai,john47@yahoo.com,,06-06-2025,,4318288.27,16557.39,,,,"Dec 30, 2018",,75.54
POL103575,H1876,arun,,,66874.06,,Mumbai,arun25@ins.com,,07-01-2018,"Aug 23, 2016",,13979.09,,Expired,,,,
POL104730,H1327,,55,healthh,79283.73,,Bengaluru,user29@ins.com,Pending,21-02-2021,16-06-2022,453814.58,14830.63,,,Valid,08/23/2017,,72.34
POL103672,H1016,Meena,,healthh,,784523.24,Chennai,meena65@gmail.com,Rejected,,,3278366.05,2969.12,,,,,,19.89
POL102803,H1909,,83,,,763307.91,,user43@gmail.com,Not Filed,03-06-2016,,,1995.65,,Lapsed,Valid,"Sep 23, 2018",25577.34,
POL101716,H1488,Priya ,31,,66178.65,,Bengaluru,priya95@gmail.com,Rejected,19-02-2016,01/19/2016,-4939.61,4957.66,,Active,Invalid,12/26/2017,,51.39
POL104130,H1926,Priya ,81,lifee,,655301.11,Chennai,priya79@yahoo.com,Not Filed,01/23/2022,"Mar 25, 2024",-2648.3,19423.97,,,,07/25/2016,345729.42,
POL102022,H1737,Meena,66,healthh,,403533.64,Delhi,meena81@yahoo.com,Approved,"Sep 18, 2024","Jan 25, 2021",,6496.27,BEN529,Lapsed,,09-01-2020,164759.57,
POL101249,H1441,kumar,59,Home,173571.1,461555.43,Delhi,kumar65@yahoo.com,,"Aug 29, 2019",06-08-2018,-8522.41,15462.64,,Renewed,Invalid,,163113.21,
POL102662,H1256,kumar,88,lifee,172552.78,165705.65,Bengaluru,kumar37@ins.com,,,,,-1910.32,BEN551,Active,,"Jul 15, 2017",,71.91
POL103729,H1565,Meena,44,lifee,55588.42,,Delhi,meena89@yahoo.com,Pending,"Apr 28, 2023",,,-588.47,,Lapsed,Valid,08-06-2024,,
POL102762,H1125,,42,Home,60073.4,,Bengaluru,user17@gmail.com,Not Filed,21-02-2021,26-09-2022,,19152.56,BEN621,,Invalid,29-06-2017,,58.92
POL100352,H1572,,,healthh,87460.7,57905.76,Chennai,user77@yahoo.com,Rejected,10-08-2024,12-10-2023,4115572.64,6589.38,BEN466,Expired,,15-04-2022,,85.32
POL100564,H1204,,97,Travel,,429702.27,Delhi,user77@gmail.com,Not Filed,20-11-2020,20-01-2018,,19994.69,BEN922,,,24-10-2024,329034.18,92.2
POL100386,H1478, JOHN,32,Motor,92418.01,188955.08,Chennai,john46@ins.com,Pending,"Jan 07, 2023","May 14, 2025",,2116.45,,Expired,,,,43.9
POL102234,H1100,  raj,63,Travel,98391.72,295419.47,,raj54@gmail.com,Pending,16-03-2025,05-01-2019,,13555.56,BEN500,Active,Valid,06-01-2022,,47.92
POL104850,H1839, JOHN,80,Travel,79312.28,9663.77,Mumbai,john93@yahoo.com,,,04/28/2016,2569189.1,17230.7,,Renewed,Valid,09-02-2023,,
POL103655,H1874,  raj,,Travel,,468336.03,Delhi,raj19@yahoo.com,Rejected,,,-2804.92,13409.34,,Lapsed,Invalid,,,
POL103386,H1978,  raj,,Motor,1711.5,538395.69,Mumbai,raj53@yahoo.com,Pending,,"May 26, 2023",4728844.54,8617.33,BEN585,Renewed,,"Apr 07, 2018",,3.93
POL102027,H1508,arun,75,Travel,51926.8,702572.53,Bengaluru,arun56@gmail.com,,15-02-2018,08-10-2023,538051.23,796.4,,Active,Valid,01/17/2019,353285.85,
POL101513,H1539,  raj,,Home,31980.81,,  chennai ,raj21@yahoo.com,Approved,"Jan 28, 2019",,,16909.9,,Active,Invalid,"Jan 24, 2024",7935.08,69.69
POL104482,H1326,,100,lifee,12522.1,170419.34,Hyderabad,user30@ins.com,,"Aug 12, 2022","Dec 30, 2019",3779625.44,3688.63,,Lapsed,Valid,13-02-2024,,
POL102309,H1574,Priya ,-4,Life,168626.01,477590.14,Hyderabad,priya29@yahoo.com,Not Filed,"Mar 07, 2019",09-05-2016,2778728.65,12124.16,,,Valid,"Feb 19, 2022",77859.98,69.67
POL103727,H1995, JOHN,,Health,14189.22,,,john84@yahoo.com,Not Filed,15-06-2020,16-10-2023,-7770.54,14220.19,,,Valid,07-11-2022,,48.5
POL102952,H1729,kumar,,,27970.22,440621.19,Mumbai,kumar47@ins.com,,05/23/2018,12-07-2025,-8520.24,11860.81,BEN193,,,06-05-2022,,
POL100385,H1423,Priya ,43,Motor,195752.03,244942.83,Delhi,priya58@yahoo.com,,24-05-2020,06-03-2020,,9834.87,,Renewed,,04/25/2023,82978.78,
POL102300,H1687, JOHN,,lifee,,444706.56,Chennai,john9@yahoo.com,Pending,24-04-2024,03/25/2025,,9439.72,,Expired,,30-12-2020,285258.66,
POL104411,H1451,kumar,64,Travel,81315.58,442320.87,Bengaluru,,Not Filed,"Feb 23, 2017",,-1310.5,10480.27,,,Invalid,"May 20, 2023",381480.32,
POL101658,H1112, JOHN,73,healthh,,181400.82,Bengaluru,john76@gmail.com,,"May 07, 2025",23-01-2021,,17761.34,BEN596,Expired,,11-01-2016,341519.38,
POL100678,H1014, JOHN,,Health,,152739.38,Bengaluru,john7@gmail.com,Approved,08-08-2017,,,-766.01,BEN255,Active,,01-06-2019,156369.49,
POL100074,H1841,kumar,120,lifee,29699.47,444682.26,Chennai,kumar10@yahoo.com,Approved,05-12-2019,"Oct 10, 2017",,13557.73,BEN109,,,11/13/2016,24180.05,
POL100598,H1391,,71,Life,62823.91,741244.65,Delhi,user11@gmail.com,Not Filed,08-02-2016,19-12-2022,,11069.47,,Lapsed,Valid,04-10-2019,197353.8,
POL101725,H1215,  raj,62,Home,53884.89,227260.61,  chennai ,raj65@yahoo.com,,15-03-2022,,,10362.41,,Expired,,08/19/2020,,
POL100316,H1288,Priya ,22,Life,31257.45,,Delhi,priya6@yahoo.com,Not Filed,10-01-2022,06-09-2016,,19571.92,,Renewed,Invalid,11-04-2017,300736.91,
POL100937,H1358,arun,28,Motor,,352515.98,Bengaluru,arun74@yahoo.com,Pending,"Aug 24, 2016",,,5560.76,,Lapsed,Valid,13-12-2016,,80.21
POL101468,H1285,arun,,,50254.91,302167.51,Bengaluru,arun@gmail,Not Filed,,"Sep 29, 2023",1198128.47,688.44,BEN809,Lapsed,Valid,,,68.7
POL101454,H1594,Priya ,43,healthh,,,,priya90@yahoo.com,Approved,,19-05-2025,-1019.27,10752.07,,,Invalid,28-06-2018,,20.01
POL101147,H1540,arun,21,Health,99889.8,192274.11,Delhi,arun13@yahoo.com,Approved,28-05-2021,"Jan 04, 2025",1867658.51,-748.87,,Expired,,09/26/2016,,35.41
POL103087,H1938,,33,Life,12036.85,,Delhi,user83@ins.com,,18-06-2023,,464825.29,18471.55,,,,03-08-2016,,58.76
POL104021,H1847,Priya ,45,,,,Delhi,priya75@gmail.com,Pending,24-11-2019,15-05-2019,-2817.5,8499.87,,,Valid,,173305.42,38.89
POL101306,H1615,kumar,21,Health,,,Bengaluru,kumar21@gmail.com,Rejected,"Jan 30, 2020",13-06-2025,-3788.48,-274.99,,Renewed,Valid,27-12-2016,183525.13,20.33
POL103810,H1095,,,Home,49161.21,,,user42@ins.com,Pending,02-12-2024,07/18/2021,,3238.68,,Lapsed,,,,
POL103936,H1067,Meena,-2,lifee,,768374.86,  chennai ,meena94@gmail.com,,,08-07-2021,-3377.34,9893.32,,Active,Invalid,03-08-2019,306026.11,52.96
POL100423,H1624,kumar,27,lifee,,,,kumar91@yahoo.com,Not Filed,08/14/2021,08-12-2023,-9114.27,11272.95,,Expired,,"Jun 12, 2025",,86.52
POL100001,H1770,Priya ,18,lifee,,16243.89,Delhi,priya@gmail,,07-02-2019,02/15/2022,,9251.73,BEN542,Renewed,Invalid,10-03-2018,,26.57
POL103589,H1023, JOHN,61,Travel,,79189.97,Hyderabad,john13@gmail.com,,07/25/2019,"Sep 07, 2020",,10103.25,,,Valid,"Oct 28, 2018",,
POL104690,H1174,Meena,3,Home,60580.63,,Mumbai,meena50@gmail.com,,,01-09-2020,-5073.95,1000.15,BEN722,Lapsed,,01-09-2022,,93.9
POL104456,H1723,Priya ,57,healthh,,212331.82,Mumbai,priya67@ins.com,,25-01-2016,06-08-2016,-2872.03,-434.1,,,,,,14.8
POL102683,H1676,,5,Travel,-3281.99,,Hyderabad,user7@gmail.com,Rejected,12-05-2021,14-02-2020,,16164.82,,Lapsed,Valid,11-05-2018,286658.38,40.45
POL103164,H1732,  raj,0,Travel,128082.2,,Mumbai,raj30@gmail.com,Not Filed,11-08-2016,10-01-2022,-2902.02,12088.32,BEN154,Lapsed,,20-02-2023,,38.88
POL101845,H1014, JOHN,44,healthh,16318.38,390855.45,Mumbai,john94@yahoo.com,,,"Mar 24, 2017",-4945.61,-1680.16,,,,02-05-2021,212094.23,
POL101267,H1873,  raj,,healthh,124369.28,469824.26,  chennai ,raj86@yahoo.com,Pending,"Jul 17, 2020",30-10-2019,4555780.1,2125.31,,,Invalid,09/24/2017,,79.61
POL101285,H1232,  raj,42,Travel,39925.49,388794.97,Mumbai,raj@gmail,,09-10-2019,"Aug 20, 2019",-3119.39,17457.13,,Expired,,,316638.27,44.71
POL101472,H1375,,,Life,154435.08,,  chennai ,user44@gmail.com,Approved,04-02-2023,09-01-2020,,17911.19,BEN767,Active,Invalid,,246297.17,
POL103046,H1592,Priya ,50,Home,61343.07,496279.14,  chennai ,priya95@yahoo.com,Not Filed,,,,10323.47,,,Invalid,10-06-2023,,45.25
POL101078,H1929,,76,Life,63069.64,480243.32,Bengaluru,user4@gmail.com,Not Filed,,,1935405.8,7945.99,,,,13-01-2025,,76.17
POL103257,H1379,kumar,,Motor,,20128.39,Hyderabad,kumar63@ins.com,Approved,"Dec 03, 2024",04-10-2021,,5851.37,BEN358,Active,Invalid,"Jun 30, 2017",318651.1,63.2
POL102432,H1127,Priya ,76,Home,,328651.08,Chennai,priya36@gmail.com,Approved,24-08-2024,"Mar 14, 2022",,11956.35,,,,"Mar 03, 2025",,31.31
POL102791,H1568,,76,Travel,,,Mumbai,,Rejected,07/20/2019,26-04-2016,-5450.08,4052.73,,Expired,Invalid,"Nov 05, 2023",,
POL103680,H1871, JOHN,113,Life,,230022.02,Chennai,john32@ins.com,,24-05-2024,27-12-2024,1233281.93,687.46,,,Invalid,12-12-2019,,55.83
POL100286,H1456,arun,118,Travel,94448.88,217446.7,Chennai,arun50@gmail.com,Pending,08-11-2023,"May 18, 2018",-3293.99,986.64,,,,10-02-2016,318216.19,
POL100955,H1731, JOHN,74,healthh,59388.84,309598.62,Mumbai,john49@ins.com,Pending,05-04-2017,12-01-2016,2289091.07,-774.89,BEN269,Expired,Valid,23-01-2025,89781.9,3.9
POL100152,H1963,  raj,15,healthh,16116.91,436489.16,Hyderabad,raj34@yahoo.com,Pending,10-09-2024,"Jun 26, 2025",1581384.74,7749.53,BEN229,,Invalid,02-09-2016,14061.99,86.04
POL102837,H1340, JOHN,84,Motor,175835.66,121657.48,  chennai ,john72@gmail.com,,02-07-2025,09-06-2022,2182723.23,-1109.31,,Lapsed,,11-04-2019,,22.37
POL101016,H1596,,,Home,41551.75,,Chennai,user29@ins.com,,,10-09-2022,-7586.76,8973.58,,Expired,Invalid,26-04-2023,,
POL100761,H1494, JOHN,,Home,136458.93,41351.06,Bengaluru,john9@ins.com,,20-05-2025,15-11-2017,195799.55,15349.25,BEN351,,Invalid,11-04-2021,309382.73,
POL100477,H1177,arun,69,lifee,32530.96,195815.12,Delhi,arun44@ins.com,Rejected,,23-10-2021,-334.86,19645.09,BEN103,Expired,,"Jan 20, 2017",181904.23,51.11
POL100984,H1256, JOHN,,Life,107645.92,,  chennai ,john85@ins.com,Pending,04-05-2021,15-12-2018,-2906.8,15090.75,BEN162,,Invalid,01/26/2020,,
POL102795,H1114,Meena,21,Health,58749.02,269716.61,  chennai ,,,"May 31, 2016",,-7940.03,11005.16,,,Invalid,,,
POL103859,H1750, JOHN,42,,-68.71,,Bengaluru,john34@ins.com,Rejected,29-03-2018,"Nov 21, 2021",-3640.39,-1445.3,BEN732,Renewed,Valid,08/21/2023,121850.3,
POL100262,H1349,Priya ,77,lifee,169661.78,,Chennai,priya6@gmail.com,Pending,28-05-2019,17-12-2018,,3258.42,,,,10-08-2020,,
POL103129,H1155,kumar,,lifee,4668.6,721442.54,Mumbai,kumar38@gmail.com,Not Filed,21-02-2025,28-03-2020,-8466.25,1332.35,,Renewed,Valid,"Feb 17, 2019",49038.1,82.68
POL100429,H1723,,,lifee,,178537.09,Mumbai,user90@ins.com,,,12-11-2018,-825.21,13583.79,,Active,Invalid,07/28/2017,,
POL102014,H1560,  raj,,,11483.23,,Chennai,raj41@gmail.com,Approved,23-09-2019,"Jun 06, 2021",3690793.82,3589.27,,,,14-06-2016,297631.65,
POL102297,H1141, JOHN,20,Travel,,447444.33,Hyderabad,john42@ins.com,Approved,,18-07-2024,842162.6,12549.23,BEN413,Active,Valid,16-02-2021,,2.7
POL101564,H1527,  raj,73,healthh,43230.93,786291.07,Hyderabad,raj85@gmail.com,Pending,20-12-2023,"Jul 15, 2025",-2386.42,1071.57,,,Valid,06/17/2021,56241.57,
POL101792,H1558,kumar,,Home,158710.21,,Bengaluru,kumar98@yahoo.com,,10-11-2017,10-03-2022,,-801.65,,,Valid,,310838.77,
POL100019,H1110,Meena,57,healthh,,,Chennai,meena88@yahoo.com,Approved,,23-08-2017,1768658.64,-482.95,,Active,,"Jun 21, 2022",42215.55,63.56
POL104934,H1977,  raj,124,,37630.14,342960.09,Delhi,raj25@yahoo.com,Rejected,20-09-2016,,611828.76,18177.49,,,Valid,05-06-2017,238845.41,0.17
POL104089,H1644,kumar,63,,25993.14,396458.51,,kumar38@gmail.com,Approved,29-01-2023,03/25/2019,3443586.58,17798.06,,Expired,Valid,22-01-2025,,32.66
POL104486,H1001,  raj,31,lifee,44338.87,,Bengaluru,raj69@ins.com,,"Dec 28, 2017",20-01-2019,,15971.41,BEN996,,Valid,27-04-2017,203218.69,24.76
POL102224,H1381, JOHN,30,healthh,65744.79,451830.61,Chennai,,,02/14/2024,,3250804.15,9579.68,,,Invalid,"Oct 14, 2016",320884.56,
POL102596,H1181,kumar,,Travel,17669.51,,Chennai,kumar10@yahoo.com,Approved,"Jan 16, 2023",20-09-2023,-3707.83,18195.13,BEN272,Active,Invalid,07/26/2018,215767.85,78.61
POL100806,H1330,Priya ,122,Life,23480.79,32502.29,Bengaluru,priya79@gmail.com,,,07/13/2021,-3954.91,10544.69,BEN712,Active,Valid,12/19/2024,42386.76,43.27
POL101509,H1795,,41,,72519.99,580772.68,Hyderabad,user50@yahoo.com,Rejected,28-02-2020,"Aug 08, 2020",-7326.27,8492.97,,Renewed,,,,
POL102771,H1100, JOHN,29,Health,129415.93,57176.94,  chennai ,john54@gmail.com,Pending,07-05-2018,,3586006.97,7083.59,,Expired,Invalid,03/22/2024,,
POL102969,H1832,,22,healthh,118824.41,486688.44,Mumbai,user5@gmail.com,Not Filed,"Dec 20, 2023",27-04-2018,,-224.61,,Lapsed,,14-03-2018,,26.38
POL102866,H1863,kumar,34,Motor,180392.19,,Chennai,kumar34@gmail.com,Rejected,"Sep 28, 2023",20-05-2018,3914728.23,13046.69,BEN960,Lapsed,Valid,"May 30, 2017",123183.11,
POL103474,H1606,kumar,-4,,,,Chennai,kumar89@ins.com,Not Filed,,08/24/2016,1763725.32,4782.46,BEN916,Active,,"Jun 24, 2024",,
POL102035,H1988,Priya ,85,Life,16796.52,,,priya8@ins.com,Pending,,"Feb 26, 2022",-4639.6,19029.8,BEN145,,Valid,03/22/2017,292190.18,
POL100342,H1967, JOHN,74,lifee,166005.17,451163.26,Delhi,john@gmail,,15-09-2020,"Oct 07, 2016",3420569.19,11723.49,BEN780,Lapsed,,12-10-2024,25846.6,
POL100353,H1058,Meena,,Life,,,Mumbai,meena97@yahoo.com,Approved,25-09-2021,"Feb 18, 2019",-520.02,13468,BEN883,Lapsed,Valid,"Mar 11, 2022",,88.75
POL103974,H1312,kumar,61,Home,,,Mumbai,kumar15@gmail.com,Rejected,11-09-2018,06-05-2020,1879128.31,6902.22,,Active,Invalid,25-08-2024,,
POL102568,H1015,arun,58,Home,,,Mumbai,arun80@gmail.com,,,,,-532.73,,Renewed,Invalid,,164679.63,54.18
POL102725,H1734,,18,Home,41890.8,448653.8,Chennai,user42@gmail.com,Rejected,08-10-2022,14-02-2023,407871.92,1889.39,BEN890,,,11-04-2023,307627.3,
POL100015,H1249,Priya ,,Travel,95817.62,,Bengaluru,priya68@yahoo.com,,03/24/2024,"Jul 16, 2017",-2807.26,7388.3,,Expired,,"Mar 14, 2021",,83.99
POL104797,H1647,kumar,,,37980.53,563410.41,,kumar68@ins.com,Approved,05-03-2022,,,19391.56,BEN855,Expired,Invalid,13-05-2019,318545.19,
POL104516,H1976, JOHN,,lifee,,378635.44,Mumbai,john30@ins.com,,03-11-2017,14-03-2017,,9784.31,,,Valid,22-01-2023,,50.56
POL100842,H1969,Priya ,19,healthh,96924.91,,Chennai,priya96@gmail.com,Pending,"Nov 06, 2024",,-13.02,16997.32,BEN763,,Valid,"Nov 18, 2017",324917.79,
POL102612,H1389,arun,93,,139368.5,,Delhi,arun72@ins.com,Rejected,,06-05-2023,,13094.15,,,Valid,11-06-2024,,14.8
POL100809,H1158, JOHN,,lifee,172597.28,799938.6,Chennai,,Approved,22-10-2019,,,3019.81,BEN900,,Valid,09-04-2021,,82.6
POL100337,H1433,Priya ,73,,,8353.29,Chennai,priya46@gmail.com,Approved,,13-12-2021,1804412.83,9048.19,,Active,,02-12-2016,,64.86
POL100051,H1833,  raj,77,,,,Delhi,raj6@gmail.com,Rejected,,"Jan 25, 2020",4946157.38,-1194.34,BEN762,Lapsed,,14-05-2023,346319.31,27.32
POL104112,H1672,arun,83,,144425.28,,Hyderabad,,Rejected,,10/22/2016,-5646.2,16921.41,,,,"Aug 15, 2021",259755.27,
POL104202,H1645,Priya ,50,Health,34455.7,100969.25,,priya65@ins.com,,12-07-2022,15-07-2021,737001.72,12764.36,,Renewed,,20-02-2022,,44.66
POL100032,H1255,  raj,36,Life,66467.97,110520.99,Chennai,raj21@ins.com,,,04/19/2020,2828095.02,6664.04,BEN971,Expired,,15-09-2016,363230.97,
POL103967,H1696,Meena,,lifee,11768.97,565081,  chennai ,meena76@gmail.com,Pending,,13-03-2020,463888.88,15388.38,BEN144,,Valid,19-12-2020,86856.69,
POL102841,H1270,Priya ,104,Motor,,711839.44,Delhi,priya42@yahoo.com,Rejected,,"Mar 18, 2016",-5526.11,14058.07,,Expired,Invalid,02-10-2023,208664.43,42.66
POL103642,H1960,Meena,77,lifee,80235.54,359509.75,Bengaluru,meena3@ins.com,,,26-01-2017,,10830.78,BEN123,Expired,,"Apr 12, 2024",101487.21,
POL101497,H1304, JOHN,61,lifee,-3543.45,166262.66,Chennai,john69@gmail.com,,04/15/2017,15-03-2022,,1933.61,BEN546,Renewed,Invalid,02-05-2021,140059.01,
POL102442,H1711,  raj,53,Travel,,727118.27,Mumbai,raj43@yahoo.com,Approved,30-11-2022,23-11-2024,,7059.01,BEN959,,,01-04-2017,91123.56,75.36
POL103081,H1935,kumar,19,Home,,184140.58,Chennai,kumar89@yahoo.com,Approved,"Sep 02, 2022",22-11-2019,,3241.93,,Expired,,14-01-2022,311603.93,12.76
POL100831,H1582,Meena,,lifee,,,Bengaluru,meena4@gmail.com,,13-04-2019,12-08-2024,-6434.63,-526.58,,Lapsed,,16-06-2022,,
POL101323,H1011,Priya ,58,Life,,418274.54,Hyderabad,priya25@ins.com,Approved,09/27/2023,02/26/2020,,10394.09,BEN657,Lapsed,,25-06-2018,,
POL100560,H1552, JOHN,94,Travel,,,Mumbai,john55@ins.com,Rejected,,04-06-2019,2422586.97,-673.2,,Active,,26-08-2019,,
POL101855,H1552,,49,Motor,,543956.42,Hyderabad,,,"Mar 27, 2018",,737653.26,11893.59,BEN307,,Invalid,31-03-2018,,
POL103435,H1219,arun,42,Health,55082.05,322715.69,  chennai ,arun@gmail,Pending,11-02-2023,,3021703.09,5789.25,,,,"Oct 10, 2017",,
POL101758,H1534,  raj,61,Travel,151866.7,503072.98,Mumbai,raj18@gmail.com,Not Filed,"Sep 09, 2017",23-02-2024,,2125.72,,,,,18868.22,6.56
POL101383,H1983,Priya ,54,Home,83272.04,,,priya81@gmail.com,Approved,"Jan 24, 2021",12-12-2021,,8346.83,BEN738,Lapsed,,"Jun 29, 2018",,63.55
POL103424,H1685,arun,44,healthh,9567.93,312655.83,Hyderabad,arun54@gmail.com,Pending,07-08-2019,,72618.53,14758.53,BEN817,Active,Invalid,"Apr 27, 2022",93590.93,15.66
POL100326,H1004,kumar,3,Motor,84156.58,655127.68,Mumbai,kumar31@yahoo.com,Not Filed,24-10-2023,,-1714.5,7440.25,,,Invalid,"Nov 15, 2021",,
POL100035,H1421,arun,85,Home,29025.51,,Chennai,arun31@ins.com,,,06-11-2019,4085311.23,-261.58,,,Invalid,14-11-2017,,
POL100638,H1489,Meena,83,Life,,,Mumbai,meena34@gmail.com,Pending,19-02-2018,26-09-2024,,-973.33,,Renewed,Valid,,,
POL104157,H1873,Meena,26,healthh,,,Delhi,meena39@gmail.com,Rejected,20-06-2018,,-4959.62,6748.5,,Renewed,,11-10-2023,,
POL103224,H1713,,,Life,91978.14,335682.32,Hyderabad,user46@ins.com,Approved,23-03-2021,18-02-2024,-477.39,-1884.71,,,,26-02-2019,321319.23,
POL102400,H1985,Priya ,59,,99654.36,,Chennai,priya4@ins.com,Not Filed,18-02-2018,05/15/2019,1542335.09,12082.4,,,,22-10-2022,,41.75
POL104696,H1962, JOHN,,Life,,,Mumbai,john33@ins.com,Pending,29-05-2022,,1328795.15,279.79,,Lapsed,,03/13/2018,,
POL102974,H1667, JOHN,49,healthh,93374.49,341271.58,,john19@yahoo.com,Pending,"Jul 14, 2020",08/13/2016,246974.92,13512.38,,Lapsed,,14-04-2016,,
POL103419,H1501,  raj,75,Travel,,,Bengaluru,raj53@gmail.com,,"Jun 19, 2025",14-07-2020,-3674.19,12685.64,,,,02/23/2024,,45.12
POL100694,H1743,kumar,91,Motor,12810.53,673998.69,Mumbai,kumar23@ins.com,Not Filed,07/23/2017,06/29/2021,,223.66,,Renewed,Invalid,,,
POL100813,H1068,  raj,,healthh,89238.04,,Bengaluru,raj12@ins.com,Not Filed,,15-10-2023,,1080.3,,Active,,30-05-2024,191564.25,
POL103545,H1426,  raj,,Life,12567.38,25028.58,  chennai ,raj55@ins.com,Approved,12-05-2024,09-03-2021,-3685.69,17306.05,BEN669,Lapsed,Valid,,,9.11
POL103841,H1597,,74,Life,105159.21,517655.73,Hyderabad,user7@gmail.com,Rejected,22-05-2024,,-4373.44,17888.22,,,,07-09-2022,224429.11,
POL102167,H1945,Priya ,53,Home,189606.09,286914.53,Mumbai,priya87@gmail.com,Approved,01-01-2020,01-01-2018,-3952.22,7055.02,,Active,Valid,28-08-2017,,24.25
POL104129,H1731,,29,Motor,114072.99,44722.73,Delhi,user36@gmail.com,Approved,24-09-2018,,1311390.26,18336.56,,Lapsed,Invalid,"Mar 31, 2016",369318.81,
POL100746,H1872, JOHN,,Life,,352364.82,  chennai ,john9@ins.com,,"Aug 18, 2021","Sep 22, 2023",-2226.08,-431.57,,Active,,10-08-2024,,
POL103035,H1629, JOHN,25,Motor,,172395.5,Hyderabad,john30@yahoo.com,Rejected,11-11-2019,"Jul 29, 2025",3567458.82,10659.83,,Renewed,,03-10-2016,,
POL100956,H1462,,,Health,52106.38,131197.26,  chennai ,user65@ins.com,Rejected,14-07-2017,"Feb 11, 2016",-9565.55,15622.84,BEN970,Expired,Invalid,"Jun 18, 2023",210881.76,77.13
POL104505,H1305,kumar,48,healthh,46209.62,622498.13,Mumbai,kumar53@gmail.com,Pending,"Feb 16, 2017","Jun 21, 2017",704860.79,13458.74,BEN452,,,02/21/2021,343203.96,
POL100047,H1157,Priya ,39,,36747.79,186211.81,  chennai ,priya69@ins.com,Rejected,"Jul 01, 2024",16-07-2024,1870812.74,8156.96,,,,17-05-2017,,
POL101225,H1082,,71,Home,195972.5,747048.81,Bengaluru,user48@gmail.com,Approved,"Mar 08, 2022",10-06-2025,,10914.27,BEN525,Expired,Invalid,11/19/2019,,51.08
POL102006,H1845,Priya ,72,Health,5243.49,,  chennai ,priya94@gmail.com,,08-06-2017,12-08-2019,-4073.72,-1294.36,,Active,,23-08-2016,118519.08,
POL103962,H1160,kumar,40,Life,40741.65,421980.04,Delhi,kumar30@yahoo.com,Pending,"Oct 09, 2018",02-02-2022,-6674.01,18608.54,,,Invalid,"Oct 11, 2021",,
POL100986,H1785, JOHN,,Travel,90982.09,,Bengaluru,john79@yahoo.com,,01/27/2019,05/28/2016,-3160.09,12507.85,,Lapsed,Valid,14-09-2019,,
POL100523,H1621,Priya ,29,Travel,13903.34,255031.23,  chennai ,,Approved,01-08-2019,,3818700.25,19811.28,,,,,,
POL100461,H1895,Priya ,56,Travel,176763.69,,Hyderabad,priya28@yahoo.com,Approved,06/23/2023,09-05-2024,1121296.6,2539.76,,,,"Dec 21, 2016",,92.08
POL103509,H1538,Meena,,lifee,,184673.66,,meena65@yahoo.com,Rejected,28-03-2018,03/20/2019,-2758.87,14625.17,,Active,Valid,"Mar 10, 2019",50748.41,91.17
POL103664,H1112,  raj,67,,,698312.48,Chennai,raj80@gmail.com,,14-01-2019,"Sep 28, 2022",2679547.47,12741.82,BEN419,,Valid,19-07-2021,374716.28,
POL101214,H1767,Priya ,79,Motor,93852.03,438401.52,  chennai ,priya11@yahoo.com,Not Filed,04/14/2021,01-11-2023,-1480.82,14533.3,,Lapsed,,06/14/2024,,78.65
POL101418,H1758,kumar,,Home,19145.91,,Hyderabad,kumar42@gmail.com,Not Filed,01-03-2022,,,16744.57,BEN921,Renewed,,29-03-2025,,6.56
POL104380,H1735,Priya ,1,Life,198502.2,,Hyderabad,priya79@gmail.com,Approved,,,,612.01,BEN186,Active,,09/18/2017,157337.75,
POL104030,H1058,arun,49,lifee,13595.82,611685.39,  chennai ,arun11@gmail.com,Rejected,11/19/2016,28-08-2022,3575778.57,3975.45,,Active,,"Jul 28, 2017",188857.91,29.26
POL100063,H1977,,32,Home,190839.31,,Mumbai,user72@yahoo.com,Rejected,23-08-2024,24-12-2020,,-883.16,BEN643,,Invalid,10-03-2023,40079.18,
POL102344,H1897,,79,Home,54691.88,373687.62,Delhi,user4@yahoo.com,Not Filed,12-09-2024,10-03-2025,-4539.79,18447.46,,Expired,Valid,"Jun 10, 2017",353911.17,4.75
POL104015,H1037,  raj,,Life,84839.8,214568.82,Delhi,raj52@yahoo.com,Rejected,"Mar 18, 2017",06-02-2021,,8339.9,,Active,Valid,16-04-2018,209208.53,64.04
POL103146,H1659,,95,Motor,1290.35,25472.32,Bengaluru,user46@gmail.com,Approved,18-02-2016,,3236167.97,-884.47,,Lapsed,Valid,05-08-2019,339686.32,
POL100677,H1220,Priya ,64,Health,48530.76,,Mumbai,priya60@ins.com,,,"Nov 19, 2022",797565.61,17042.1,,Expired,Invalid,27-09-2022,149277.72,
POL102542,H1430,Meena,129,Motor,,366215.82,  chennai ,meena74@ins.com,,31-01-2023,22-02-2017,,9992.91,,,Valid,"Mar 19, 2017",137939.57,48.56
POL103214,H1450,  raj,,lifee,74512.76,712702.97,Mumbai,raj24@gmail.com,,10/15/2022,08-11-2017,-2630.27,19969.45,BEN424,,Valid,07-06-2016,249046.38,56.24
POL100442,H1147,arun,70,Travel,12939.91,279117.81,Bengaluru,arun50@gmail.com,Rejected,07-01-2019,02/21/2022,-8668.85,2530.13,,Expired,Invalid,,145365.96,54.82
POL101554,H1697, JOHN,121,Life,151306.9,18733.57,  chennai ,john4@yahoo.com,Approved,13-06-2020,,-5876.81,15381.56,,Lapsed,,27-01-2017,,62.59
POL102020,H1707,kumar,19,healthh,94174.07,,  chennai ,kumar42@ins.com,,,04-10-2024,-4675.84,1958.42,,,Valid,04-04-2022,337892.35,5.45
POL102211,H1660,kumar,57,healthh,130868.68,315678.75,Bengaluru,kumar75@gmail.com,Approved,03-08-2019,02-09-2018,,9041.83,BEN744,Expired,,27-01-2018,314695.89,
POL101325,H1978,kumar,27,Home,1798.99,674703.32,,,Pending,,,-4356.69,8507.5,BEN462,Renewed,,"Apr 26, 2025",,
POL104434,H1725,Priya ,34,Health,,103866.75,Chennai,priya65@gmail.com,,03/19/2017,,-6007.06,-664.55,,Lapsed,,09/16/2016,236284.94,
POL103496,H1339,Priya ,19,Health,,,Chennai,priya30@gmail.com,Not Filed,11-05-2023,"Nov 11, 2024",1680629.86,17904.34,,Expired,Valid,02/28/2016,,57.04
POL101219,H1380,Priya ,24,Motor,25324.15,756688.3,,priya84@yahoo.com,Rejected,10/24/2020,13-05-2020,2349324.8,-1617.99,,Active,,"Sep 03, 2016",,
POL104346,H1702,arun,,Home,86301.48,629156.6,Chennai,arun64@ins.com,Rejected,22-11-2023,06/21/2024,1228474.62,8846.71,BEN834,,,09/25/2018,,
POL103619,H1405,kumar,29,Motor,40752.53,203065.92,Mumbai,kumar24@yahoo.com,Pending,05-06-2024,"May 11, 2023",,16946.25,,Expired,,,261230.15,
POL104888,H1385,kumar,80,healthh,96952.69,247312.66,Bengaluru,kumar41@yahoo.com,,"Feb 03, 2021",,3263262.72,599.16,,Renewed,,06-09-2020,281890.36,
POL101608,H1503, JOHN,32,Motor,,,Delhi,john15@gmail.com,,14-04-2023,,4236102.41,-925.01,,Expired,,"Jan 15, 2024",134519.92,
POL103402,H1807,arun,,Health,,184272.28,Bengaluru,arun33@gmail.com,Approved,"Dec 28, 2022",,-4410.48,10977.2,,Lapsed,,,,49.08
POL100143,H1626, JOHN,,,31637.52,199291,  chennai ,john85@ins.com,,13-02-2019,"Jul 09, 2016",,2718.08,,,Valid,19-04-2022,,
POL102080,H1172, JOHN,57,Home,,362386.65,,john37@ins.com,Not Filed,09-04-2019,27-06-2021,-7810.58,-1650.87,,Lapsed,Invalid,07-04-2023,,42.57
POL102350,H1608,kumar,19,Life,79016.26,,Bengaluru,kumar47@gmail.com,Pending,27-11-2016,03/19/2019,,14233.27,,Active,,08-01-2021,,75.26
POL100453,H1162, JOHN,66,,119399.12,79910.32,Chennai,john42@yahoo.com,Not Filed,,10/17/2021,750315.09,15679.69,,Active,,10-08-2020,135432.2,68.41
POL103398,H1868,  raj,,Home,41435.03,453482.78,  chennai ,raj26@ins.com,Approved,26-05-2025,"Jan 13, 2017",-1705.74,14697.51,BEN910,Lapsed,,,,94.91
POL100035,H1660, JOHN,,Travel,193482.41,106052.91,Hyderabad,john43@ins.com,Pending,,02-03-2018,,10900.43,BEN932,Lapsed,Invalid,,,98.75
POL103726,H1042,kumar,8,Health,,,  chennai ,kumar13@yahoo.com,Not Filed,09-11-2019,13-06-2016,-2263.88,13720.87,,Lapsed,,,,
POL104078,H1197,,19,,3689,,,user87@ins.com,Approved,02/21/2018,09-03-2022,-9664.64,10514.41,,Active,Valid,"Aug 31, 2016",166112.06,31.86
POL100720,H1532, JOHN,63,Travel,165056.18,558073.95,Mumbai,john95@yahoo.com,Rejected,"Oct 29, 2020","Jun 04, 2017",,5973.08,,Lapsed,,28-08-2020,314294.24,
POL100919,H1147,arun,30,Travel,86134.63,390161.48,  chennai ,arun11@gmail.com,Not Filed,08-10-2022,04-05-2024,-9254.99,9489.01,BEN303,Lapsed,,08-12-2017,,
POL101017,H1689,arun,24,Travel,,,,arun66@gmail.com,Approved,04/14/2016,"Feb 17, 2022",-5685.07,6098,,,,01/17/2016,384285.75,56.83
POL102178,H1887,  raj,33,Travel,97642.19,41508.94,Bengaluru,raj76@yahoo.com,Approved,17-08-2021,,841149.98,13947.62,BEN282,Renewed,Valid,13-12-2020,86143.62,
POL103738,H1401,kumar,,lifee,97342.18,648450.38,Hyderabad,kumar68@yahoo.com,,06-03-2020,,,3003.81,,Expired,Valid,,100876.71,
POL103801,H1851,,11,Life,2163.07,111794.43,Delhi,user60@ins.com,Pending,"Mar 01, 2021",06-11-2016,1762412.95,14611.13,,Lapsed,Valid,24-01-2020,,90.2
POL100007,H1948,,,,,127532.88,Delhi,user37@gmail.com,,,"Jul 17, 2025",,10741.97,BEN655,,,24-10-2023,20056.93,
POL104351,H1561,Meena,22,lifee,50037.85,352619.26,Hyderabad,meena30@gmail.com,,"Nov 12, 2016",03/30/2023,,19967.24,,Active,Invalid,06-02-2018,,25.54
POL101877,H1857, JOHN,22,Motor,22640.02,721629.82,  chennai ,john66@yahoo.com,Not Filed,10-07-2022,"Jun 15, 2017",-743.87,-983.87,,Renewed,Valid,"Jun 06, 2021",2388.87,
POL102164,H1963,  raj,,Life,75990.78,446860.87,Mumbai,raj83@gmail.com,Rejected,23-04-2018,06/13/2020,-6694.14,-392.69,,Lapsed,,"Jul 27, 2023",,44.25
POL101570,H1289,arun,75,Home,91210.17,,,,,,05-08-2022,3483379.61,8947.5,BEN803,,,11-11-2022,29002.09,67.65
POL102126,H1555,,63,healthh,,746254.69,  chennai ,user10@gmail.com,Not Filed,28-08-2023,20-06-2017,4008132.88,4250.11,BEN457,,,20-10-2023,,
POL100548,H1131, JOHN,28,healthh,,705404.45,Delhi,john30@ins.com,Pending,05-09-2021,12-03-2025,,2583.57,,Renewed,Valid,,81636.51,
POL102221,H1882,Meena,41,Home,,,Mumbai,meena4@gmail.com,Not Filed,03-06-2023,28-03-2017,,18619.92,,Lapsed,Invalid,,190296.28,60.93
POL100547,H1570,,104,lifee,172127.06,632797.95,Delhi,user64@yahoo.com,Rejected,,06-10-2020,4916611.95,9909.69,,,,12-07-2016,318640.98,78.76
POL103630,H1105,kumar,81,Motor,24463.91,,,kumar97@yahoo.com,Approved,"Apr 17, 2020",01-03-2025,,15432.86,,,,01-09-2020,,91.48
POL104843,H1013,,62,lifee,11330.98,,Chennai,user22@ins.com,Not Filed,22-09-2019,12-06-2016,-7671.59,3433.1,,Lapsed,Invalid,,,82.13
POL101689,H1952,arun,40,lifee,,,Delhi,arun5@ins.com,Not Filed,12/21/2023,25-02-2019,-2017.81,3461.5,BEN179,Lapsed,Invalid,04/21/2021,25042.5,12.39
POL102854,H1489,  raj,,lifee,,670251.64,  chennai ,raj88@ins.com,Rejected,18-06-2017,12-09-2020,-5419.58,16894.67,,Renewed,,18-03-2025,370874.4,99.26
POL102987,H1641,  raj,63,,,759215.07,Mumbai,,,09-03-2016,,-9603.4,13832.32,,,Valid,,145856.93,0.32
POL100052,H1409,  raj,,Motor,50003.58,209710.16,Chennai,raj24@yahoo.com,Rejected,10/25/2018,02-01-2025,446341.11,7810.15,,Expired,,05/17/2017,178851.86,61.49
POL101247,H1256,kumar,101,,40.02,139554.6,  chennai ,kumar24@gmail.com,,12-01-2021,,,15523.56,BEN258,,,30-12-2021,,
POL102158,H1848,Meena,,lifee,25590.64,,,meena21@ins.com,Approved,"Nov 06, 2016",02-09-2023,-9784.82,7419.95,,,Invalid,"Oct 04, 2021",312098.25,
POL100237,H1820,kumar,71,Home,167515.28,,Hyderabad,kumar13@gmail.com,,,01/30/2017,-4144.32,-1642.09,,Renewed,Invalid,23-06-2024,,8.33
POL102299,H1477,kumar,,lifee,1637.94,402542.37,Chennai,kumar55@gmail.com,,04-10-2016,,,1863.01,BEN119,,Valid,,,70.2
POL100259,H1244, JOHN,60,Travel,77687.07,348016.23,Hyderabad,john5@gmail.com,Rejected,23-01-2022,31-03-2016,,4632.36,,Active,Valid,14-12-2017,223703.22,84.99
POL100019,H1283, JOHN,,healthh,123027.1,,Hyderabad,john44@gmail.com,Pending,12-02-2022,06-11-2023,4773784.83,12047.66,,Renewed,Invalid,,,32.85
POL104141,H1849,,78,Health,,35183.65,Mumbai,user52@gmail.com,Approved,07/21/2017,08-09-2018,-9773.25,5629.63,BEN164,Renewed,Invalid,15-03-2018,247848.85,
POL100727,H1272,arun,18,lifee,87502.49,707937.29,Mumbai,arun31@gmail.com,,,14-06-2016,,8493.02,,,,16-04-2020,121889.88,73.7
POL103746,H1524,Priya ,26,lifee,115329.29,,Chennai,priya62@gmail.com,,03-06-2017,09/29/2019,3553294.19,9767.87,BEN996,Active,,31-08-2022,345901.04,84.99
POL100970,H1201,  raj,50,Home,131388.66,539396.57,,raj47@gmail.com,,"Jan 28, 2024",14-11-2018,,14986.2,,Expired,Invalid,03-08-2020,,52.63
POL103048,H1621,kumar,24,lifee,,,Hyderabad,kumar@gmail,,09-03-2024,14-09-2016,-4304.95,1001.6,BEN771,,Invalid,28-07-2017,,1.1
POL103835,H1439,Meena,,healthh,134622.8,451793.13,,meena69@gmail.com,Pending,,"Oct 18, 2019",,8078.71,,,,27-12-2022,,46.42
POL100952,H1070,,81,Health,,277630.9,  chennai ,user32@ins.com,,06-11-2016,"Sep 18, 2016",,13834.7,,,,"Dec 13, 2019",,24.02
POL100817,H1486,,-4,Motor,,,Hyderabad,,,05/14/2019,01-11-2018,,12771.34,BEN149,,Invalid,04-05-2017,,48.94
POL104976,H1885,,,Home,6253.19,130895.68,Mumbai,user6@ins.com,Not Filed,,06-03-2017,,-714.88,,Renewed,Valid,,333378.7,
POL100190,H1270,,24,,30486.03,,Bengaluru,user34@ins.com,,"Jul 07, 2023",10-03-2025,1479521.5,12926.85,,Active,Valid,,254969.66,61.05
POL102531,H1621,  raj,46,Health,,636256.12,Hyderabad,raj34@gmail.com,Approved,07/16/2017,,575869.8,1705.55,,,Valid,"Jan 13, 2024",,
POL101751,H1859,arun,89,Health,164461.35,65821.76,Delhi,arun76@gmail.com,,18-12-2020,,2981308.51,19160.58,BEN650,Expired,Invalid,09-01-2017,,39.91
POL101018,H1026, JOHN,48,healthh,,351703.91,  chennai ,john29@yahoo.com,Rejected,26-09-2024,01/27/2017,698358.22,1155.07,,,Invalid,28-02-2017,157743.04,
POL102262,H1792,kumar,52,Home,36289.69,723454.76,Delhi,kumar7@gmail.com,Pending,10-08-2018,10/19/2019,,12546.25,,Active,,"May 05, 2017",,
POL103797,H1292,  raj,,Travel,44037.09,301028.32,  chennai ,raj81@gmail.com,,09-09-2022,,3786210.82,4793.54,,Expired,,07-07-2025,81427,25.64
POL104410,H1756,  raj,70,,21078.94,90547.5,Bengaluru,,Approved,20-05-2020,,-7609.4,10634.74,BEN695,Expired,,08/18/2018,207155.08,
POL103505,H1790,  raj,108,,56638.06,761351.84,Bengaluru,raj23@yahoo.com,Not Filed,"Dec 06, 2019",03/15/2016,4795603.84,7040.31,,,Invalid,21-10-2016,,
POL100502,H1484,kumar,33,Life,,246206.83,Chennai,kumar39@yahoo.com,Pending,08-04-2018,"Apr 10, 2018",4996439.68,19588.83,,Active,,04-04-2021,295451.36,2.27
POL100681,H1805,Priya ,42,Health,127828.89,140772.39,  chennai ,priya86@yahoo.com,Approved,,10-04-2016,1560200,17432.64,,Active,Invalid,04-05-2019,168266.5,
POL103624,H1706,kumar,,,42830.19,209455.31,  chennai ,kumar25@yahoo.com,,"Mar 14, 2017",10/30/2019,,19541.79,,Active,,17-03-2025,358956.3,22.15
POL104502,H1682,Priya ,8,lifee,88600.55,322346.57,,priya67@yahoo.com,Not Filed,,07/13/2016,1318856.63,11408.38,,Active,,"Mar 30, 2020",,80.84
POL102953,H1755,,19,Home,78021.2,393921.64,,user63@yahoo.com,,,12/22/2016,-6024.19,18697.28,,Expired,,,34147.93,
POL104269,H1432,  raj,,Health,87430.57,496172.05,  chennai ,,Approved,,06/14/2022,-9487.77,6871.08,,,Valid,13-02-2018,,47.92
POL103864,H1126, JOHN,31,Motor,5721.98,,Bengaluru,john73@gmail.com,Approved,"Dec 11, 2020",26-01-2024,,6111.59,,Expired,Valid,13-02-2022,20156.78,
POL104841,H1834, JOHN,9,,80385.91,631292.26,,john91@yahoo.com,Rejected,23-02-2018,06-06-2025,-2123.87,12704.57,,Renewed,,,52955.78,32
POL102569,H1673,,32,Health,,695881.88,Hyderabad,user98@gmail.com,,10-10-2019,02-06-2019,-9929.35,17610.9,,Active,Invalid,,349105.64,30.95
POL104145,H1933,Priya ,75,lifee,7342.54,,Chennai,priya@gmail,,,24-05-2022,-5694.79,7775.85,,,,"Aug 13, 2016",165045.38,66.65
POL101484,H1453, JOHN,102,Life,11086.49,,Chennai,john50@ins.com,,,27-02-2021,-6694.7,18567.72,,Lapsed,Valid,"Oct 30, 2024",350511.9,
POL100127,H1623,  raj,,lifee,,301262.22,Hyderabad,raj41@yahoo.com,,,14-04-2017,1044400.96,13105.45,BEN788,,Invalid,,216996.59,71.04
POL101266,H1046,Priya ,56,healthh,59031.46,,Hyderabad,priya23@yahoo.com,,,08-10-2024,3758332.81,18326.48,,Lapsed,,,,89.61
POL104946,H1731,,,Life,97528.49,67595.72,Bengaluru,user36@gmail.com,,,22-08-2019,,9597.12,,Lapsed,,,79209.39,
POL103187,H1312,  raj,35,Health,9053.81,,Mumbai,raj@gmail,Not Filed,,19-11-2017,,4117.05,,,Invalid,21-01-2017,,
POL103880,H1875,  raj,18,,11799.59,376438.06,Chennai,raj90@yahoo.com,Rejected,20-04-2021,,-7477.98,7359.39,,Active,Invalid,07/13/2017,,
POL102736,H1535,Priya ,81,Travel,59635.33,654338.22,Mumbai,priya62@yahoo.com,Not Filed,31-03-2020,06-05-2017,-7453.49,14894.47,,,Invalid,,,
POL102327,H1872,  raj,,,94059.25,,Delhi,raj49@yahoo.com,Approved,"Jun 07, 2020",01/24/2019,-8552.65,18032.61,,Renewed,Invalid,"Jun 14, 2025",,
POL101870,H1997,Meena,,healthh,12507.28,,Chennai,meena99@gmail.com,,18-10-2022,,,1875.94,BEN184,Renewed,Invalid,02/20/2023,,36.53
POL101284,H1771, JOHN,42,Home,32787.99,,Delhi,john64@gmail.com,Not Filed,01-02-2020,"Nov 25, 2020",-6378.88,5459.69,BEN268,,,22-10-2017,37293.79,52.63
POL102551,H1227,  raj,8,Travel,,,Bengaluru,raj13@gmail.com,Rejected,,"Nov 08, 2016",-5990.01,13057.07,,Expired,,"Apr 16, 2023",,
POL102222,H1673, JOHN,,Home,,,  chennai ,john@gmail,Pending,"May 29, 2021",15-07-2020,-5344.48,19414.58,,Active,Valid,12/16/2022,,94.05
POL103586,H1245,arun,64,Motor,49972.72,477044.28,Chennai,arun17@gmail.com,Rejected,26-08-2019,"Nov 12, 2020",4318013.37,6107.38,,Lapsed,,28-07-2019,,13.07
POL104794,H1092,  raj,30,Life,57887.06,650119.63,,raj16@ins.com,Rejected,26-09-2017,24-04-2019,,18136.38,,Lapsed,,"Apr 28, 2017",,
POL103346,H1581,Priya ,-3,Life,53548.59,,Hyderabad,priya43@gmail.com,Rejected,11/23/2021,11-08-2023,-8731.45,83.59,,Active,,"Mar 23, 2021",,
POL104214,H1751,kumar,33,Motor,145214.85,490801.59,,kumar48@ins.com,Approved,"Jun 30, 2020",,-2279.22,-1373.56,BEN250,,,"May 04, 2020",,62.15
POL103516,H1156,  raj,,Motor,9375.4,,Hyderabad,raj14@ins.com,Not Filed,03/23/2022,21-03-2020,326621.45,4473.32,,Expired,Valid,11-03-2022,317398.87,34.49
POL100786,H1869,,35,Travel,,494283.83,Bengaluru,user54@gmail.com,Rejected,,09-01-2017,-1357.56,-412.33,,Lapsed,,"May 29, 2022",48119.05,
POL101226,H1413,arun,27,healthh,45379.42,279021.49,Bengaluru,arun68@gmail.com,,,,,10576.38,BEN329,Lapsed,Invalid,"Oct 19, 2019",250789.79,70.86
POL102576,H1301,kumar,61,Home,26621.54,654088.11,Chennai,kumar4@gmail.com,Rejected,"Oct 27, 2020","Aug 08, 2016",2939047.33,1439.62,,,,"Apr 22, 2021",,
POL100109,H1731,arun,84,Motor,,,  chennai ,arun@gmail,Approved,"Mar 28, 2017",05-07-2024,-3727.74,3673.5,BEN844,Active,,,158942,85.66
POL102206,H1668,Priya ,,Motor,-3829.84,,,priya61@ins.com,Not Filed,"Apr 07, 2017",,-9094.3,12140.07,BEN545,Renewed,Valid,08-07-2021,358606.74,2.18
POL100556,H1892,  raj,18,Motor,73111.8,,Delhi,raj95@yahoo.com,Pending,23-11-2017,,-883.46,7142.86,BEN581,Expired,,26-10-2019,,
POL102619,H1114,Meena,33,Home,82647.37,,Mumbai,meena45@yahoo.com,,"Jun 12, 2018","Oct 22, 2019",,13542.92,,Expired,Invalid,"Apr 12, 2025",,65.88
POL101118,H1193, JOHN,34,Health,49915.43,356666.06,Bengaluru,john79@yahoo.com,,09-11-2023,,1569129.94,6505.83,,Renewed,Valid,11-09-2023,,
POL101101,H1783,Priya ,,Travel,85680.38,341549.68,Bengaluru,priya35@yahoo.com,,08-03-2024,11/30/2020,,4731.02,,,Invalid,,246641.8,24.93
POL102240,H1282,  raj,10,healthh,,470603.28,Chennai,,Pending,17-04-2022,17-01-2025,2163731.65,17996.37,,,Invalid,"Apr 20, 2018",150172.97,22.94
POL100309,H1386,kumar,0,Life,22096.7,,  chennai ,kumar14@yahoo.com,,12/14/2017,23-03-2016,-5195.75,17632.59,BEN935,Lapsed,,"Mar 14, 2019",,54.35
POL101160,H1251,Meena,77,Motor,43088.33,453466.49,Hyderabad,meena15@gmail.com,Rejected,"Jun 13, 2016",,,16019.13,,,Valid,"Aug 30, 2021",345489.65,93.9
POL104653,H1423,arun,26,healthh,96495.89,,  chennai ,arun72@gmail.com,Pending,"Oct 02, 2017",28-10-2018,3896397.1,6639.05,,Renewed,,"Jul 09, 2021",,
POL103708,H1666,  raj,83,healthh,169210.79,57921.14,Bengaluru,raj40@gmail.com,Pending,"Feb 04, 2016",22-03-2017,,443.23,BEN459,,Invalid,29-10-2020,7889.26,33.31
POL104728,H1340,Meena,25,,70583.14,,Mumbai,meena55@ins.com,Approved,12-06-2025,05/24/2023,,2233.5,,,,,77867.11,61.32
POL100712,H1881,arun,,Travel,5251.92,652768.86,,arun43@ins.com,Not Filed,03-04-2025,,,10938.47,,,,13-08-2017,,50.57
POL103920,H1085,Priya ,71,Health,31228.69,327728.58,  chennai ,priya46@gmail.com,,07/17/2021,25-11-2016,-922.79,17834.81,,Lapsed,,10/22/2022,133546.48,35.26
POL104104,H1178, JOHN,64,healthh,33176.2,313296.06,Bengaluru,john50@gmail.com,,,03-05-2025,,15010.51,,,,07/21/2017,85640.33,
POL104673,H1749,  raj,41,Life,25885.54,390451.16,Chennai,,,02-05-2022,"Dec 24, 2017",1834145.36,16954.7,,Active,,09/23/2023,1281.85,9.1
POL101220,H1304, JOHN,,Motor,17009.3,,,john59@yahoo.com,,"Apr 09, 2020",18-12-2021,,7609.21,,Expired,,28-07-2022,,22.89
POL103353,H1034, JOHN,21,Travel,,,  chennai ,john@gmail,,02/24/2024,07-09-2020,-6132.38,7289.7,,,,01/22/2018,,48.26
POL100572,H1574, JOHN,21,Motor,,203315.48,Hyderabad,john74@ins.com,Rejected,,"Jun 06, 2019",-4981.91,-1096.07,BEN546,Lapsed,,"Apr 17, 2016",60535.48,
POL104027,H1465,Priya ,,Motor,90531.61,243903.25,  chennai ,priya12@gmail.com,Approved,11-05-2017,,,12690.05,BEN545,,,09/14/2018,135920.53,48.96
POL101471,H1311,,95,,154429.89,140943.38,,user9@gmail.com,Pending,12-07-2022,,,3319.38,BEN302,,,21-06-2024,121218.5,30.32
POL100364,H1814, JOHN,82,Health,,,Mumbai,john@gmail,Approved,"Aug 28, 2019",06-01-2018,3839272.31,14342.79,BEN229,Renewed,Valid,27-10-2018,,51.49
POL104565,H1066,kumar,29,,,205031.41,Delhi,kumar@gmail,Approved,,02/19/2017,,18070.76,,Lapsed,Valid,04-01-2022,,27.3
POL104578,H1456,  raj,130,Life,,89117.28,Delhi,raj96@yahoo.com,Not Filed,"Apr 17, 2020",02-03-2016,,11174.02,BEN354,,Valid,"Aug 16, 2016",,17.68
POL100516,H1091,Meena,32,healthh,54899.26,230449.6,Delhi,meena5@ins.com,Approved,01-11-2023,13-12-2022,-8350.76,15775.39,BEN699,Active,Invalid,"Mar 27, 2017",,43.9
POL101587,H1160,  raj,31,Home,42227.64,326013.77,Mumbai,raj31@ins.com,Approved,,09/17/2019,-1605.41,2292.81,BEN283,Lapsed,Valid,"Mar 08, 2019",,39.7
POL104763,H1610,kumar,,healthh,31367.85,160123.31,Bengaluru,kumar71@yahoo.com,Not Filed,01-05-2025,03-11-2016,2302980.68,709.69,,Lapsed,,,375553.64,
POL102015,H1326,,,lifee,19584.31,194756.61,Mumbai,user37@ins.com,Approved,,,-2432.14,-1283.26,,,Valid,06-09-2025,,
POL102806,H1337,kumar,112,Life,81057.61,326506.27,,kumar38@ins.com,Rejected,23-03-2019,06-02-2016,2022478.81,8644.19,BEN425,,,04-01-2016,134178.32,0.69
POL104577,H1568,arun,-5,Motor,,,Hyderabad,arun@gmail,,"Jan 26, 2016",12-11-2020,,19902.47,,Renewed,,,379114.22,21.13
POL101662,H1472,  raj,49,,,,,raj60@ins.com,Pending,12-06-2025,"Jul 15, 2024",3849176.82,3655.29,,,,24-03-2021,199847.76,76.85
POL102187,H1616,kumar,89,Travel,,384166.53,Hyderabad,,Approved,,02-03-2023,3074482.88,9739.27,BEN950,Lapsed,,02-10-2017,107853.73,28.41
POL100013,H1439,arun,92,Motor,,217933.89,Bengaluru,arun2@gmail.com,,"May 19, 2023",06-02-2024,,16887.31,,,Invalid,,,92.41
POL103314,H1718,kumar,48,,35965.89,,  chennai ,kumar@gmail,,,23-07-2020,,-1810.42,,Lapsed,,,310185.27,91.98
POL102833,H1138, JOHN,,healthh,111012.06,190672.9,Chennai,john2@ins.com,Not Filed,06-01-2023,,-812.19,-1096.03,BEN827,Active,Invalid,,,
POL100674,H1589,kumar,,healthh,75739.06,313348.09,Chennai,kumar69@gmail.com,,,"Jan 07, 2025",3838040.79,461.49,BEN823,Lapsed,,23-12-2023,,
POL100819,H1239,arun,,Health,53397.08,585803.1,Chennai,arun38@gmail.com,Pending,,28-06-2019,4603983.67,7413.98,,Renewed,,05-05-2016,137840.34,64.81
POL103871,H1573,arun,,lifee,125716.25,368358.56,  chennai ,arun50@gmail.com,,"Aug 14, 2017",,2347935.83,10567.78,,,Invalid,23-06-2017,,
POL100431,H1583,,125,lifee,,,  chennai ,user68@gmail.com,,01-01-2022,02-06-2019,,16386.27,,Renewed,Valid,05-12-2024,35642.29,57.4
POL104842,H1240,arun,71,healthh,79295.46,,Bengaluru,arun84@ins.com,Not Filed,,09/21/2022,,18119.55,,Lapsed,,01-10-2024,80874.48,
POL102729,H1638, JOHN,79,Home,139996.28,415330.62,  chennai ,john@gmail,,23-11-2022,"Sep 11, 2018",-7152.9,18568.75,,,Valid,15-05-2019,,
POL104356,H1178,kumar,58,,36283.09,565647.03,Mumbai,kumar61@yahoo.com,,"Jul 29, 2020",,-5329.77,9013,,Expired,,"Sep 24, 2020",272994.02,77.77
POL100313,H1943,arun,,Motor,14841.95,,Mumbai,arun18@ins.com,,24-03-2017,"May 30, 2018",3678753.52,6177.05,BEN818,,Valid,"May 02, 2017",,3.02
POL104431,H1893,,40,Travel,23134.22,,Mumbai,user32@yahoo.com,Pending,19-05-2019,28-10-2016,4439004.56,2694.08,,Renewed,Valid,01/14/2019,34087.64,12.9
POL102988,H1977,Meena,86,lifee,61288.19,,,,,23-01-2025,15-07-2018,,17155.86,,Lapsed,Valid,31-05-2025,,55.59
POL100826,H1625,Meena,,,,96533.93,,meena73@yahoo.com,,08/25/2023,06-10-2018,366954.87,6804.42,,Active,,09-01-2017,,67.09
POL103745,H1990,Priya ,,Health,92110.21,469307.4,  chennai ,priya57@yahoo.com,Approved,25-09-2019,"Feb 16, 2017",,10592.84,BEN846,,Valid,10/21/2020,47318.15,
POL100060,H1374,,43,healthh,,401982.93,Bengaluru,user18@gmail.com,,08/28/2023,05-08-2020,1995125.21,11061.94,,,,,,
POL100682,H1481,kumar,77,Home,2898.59,474009.3,Delhi,kumar49@ins.com,Pending,11-02-2024,02-03-2021,-8895.6,10791.73,BEN961,Expired,,,352336.89,73.25
POL102781,H1840,Meena,,Motor,128930.59,,,meena80@ins.com,Not Filed,,12-09-2018,,13999.34,,,Valid,,140761.19,
POL104796,H1615,Meena,,Health,96462.22,417216.68,Mumbai,meena76@yahoo.com,,14-08-2021,08-11-2017,,13018.12,BEN138,,Valid,,,
POL102324,H1677,kumar,103,Health,,412078.6,Bengaluru,,,"Oct 13, 2023",07-01-2024,-220.57,2300.81,BEN392,Renewed,Invalid,07-02-2022,,
POL103484,H1828,kumar,32,,115281.93,563152.64,Bengaluru,kumar61@ins.com,,"Dec 30, 2022",24-03-2022,,7714.34,,Expired,,11/15/2016,219201.87,30.09
POL100299,H1312,  raj,,,6786.83,,Delhi,raj46@ins.com,Approved,"Aug 11, 2016","Jun 16, 2019",,7035.82,BEN599,Expired,,02-02-2022,188279.47,29.93
POL102768,H1910,,15,Motor,,,Chennai,user32@gmail.com,Not Filed,,09-01-2023,,-1700.96,,Expired,Invalid,,,17.7
POL101152,H1054,arun,,Motor,,768027.07,  chennai ,arun60@yahoo.com,Pending,,06/30/2020,-1346.56,15698.17,,Active,Invalid,28-03-2023,8855.72,
POL100889,H1666,,36,Life,146776.69,488975.38,Delhi,,,,28-12-2021,,13216.42,,Expired,Invalid,"Jan 13, 2024",169125.23,85.54
POL102056,H1501,arun,25,Health,53905.35,,Hyderabad,arun57@ins.com,,10-02-2022,,4440086.75,17454.73,,,,14-05-2019,,55.53
POL101335,H1555, JOHN,116,Home,,,Bengaluru,,Approved,16-09-2018,10-05-2023,611108.3,2690.78,BEN326,,Valid,"Feb 23, 2017",,96.48
POL100644,H1509,kumar,76,lifee,,,Mumbai,kumar84@gmail.com,,17-09-2019,18-06-2016,2983019.37,18329.33,,Expired,Valid,04-06-2017,236564.95,75.75
POL102321,H1858, JOHN,116,Travel,,223779.68,Hyderabad,john3@gmail.com,,"Mar 21, 2025",28-03-2018,,18460.04,,Renewed,Invalid,"Apr 09, 2019",,
POL100526,H1548,kumar,64,Life,154493.78,214334.76,Chennai,kumar96@ins.com,Not Filed,28-05-2024,10-11-2019,,9445.64,,Renewed,,,,38.63
POL102949,H1758,kumar,128,Motor,10478.36,250258.87,Mumbai,kumar89@ins.com,,10/20/2024,"Sep 16, 2018",3452953.01,16321.36,BEN455,,,07-07-2016,127692.69,
POL102732,H1216,arun,,Health,77092.97,,Bengaluru,arun20@yahoo.com,Rejected,31-03-2021,23-01-2024,,19088.43,,,Invalid,"Mar 30, 2018",,
POL104003,H1582,Meena,21,lifee,,262914.32,Mumbai,meena19@gmail.com,Pending,"Feb 21, 2022","Feb 20, 2017",-3245.41,4171.83,BEN457,,Valid,25-10-2017,395988.66,
POL100054,H1026,  raj,81,healthh,182276.21,107285.21,Delhi,raj26@ins.com,Pending,13-10-2023,"Jan 27, 2017",,15831.29,,,,25-07-2016,219998.86,
POL104658,H1155,  raj,24,healthh,164036.16,19787.26,Chennai,raj43@ins.com,Rejected,15-07-2019,20-07-2025,,10386.07,BEN901,Expired,,23-09-2017,153136.34,
POL100049,H1939,,35,,,,Hyderabad,user55@ins.com,Rejected,16-11-2021,06/24/2023,-7615.6,15465.78,BEN568,Active,,,,71.85
POL100766,H1197,,,Home,89005.62,125100.4,,user66@yahoo.com,,19-02-2024,03-10-2020,-4741.4,12276.49,,,,24-01-2018,,
POL103036,H1019,  raj,12,lifee,8965.04,313036.06,,raj78@ins.com,Pending,"Jan 11, 2025",14-01-2018,649868.79,8117.63,,Renewed,,05-07-2017,,
POL102156,H1789,Meena,20,lifee,,366286.74,Chennai,meena40@gmail.com,,"Jul 26, 2017",07-10-2016,-9250.94,13824.4,,Lapsed,,14-08-2021,,
POL103593,H1675,,,Home,,,Chennai,user9@ins.com,Rejected,,"Dec 13, 2016",-4643.9,18413.14,,,,"Jan 05, 2021",,
POL103622,H1684,Priya ,,Travel,137839.86,,  chennai ,priya34@gmail.com,Approved,29-03-2022,01-04-2017,781980.08,14576.72,,Lapsed,,"Mar 30, 2022",,21.17
POL102070,H1443,arun,84,Motor,,194765.78,Hyderabad,arun54@yahoo.com,,,18-04-2016,-6153.26,13303.93,,Expired,,04-03-2025,214716.9,78.79
POL104472,H1153,  raj,40,Health,140259.28,575218.34,Mumbai,raj42@yahoo.com,,,14-08-2017,1316944.64,7729.64,BEN693,,Valid,15-01-2018,,11.76
POL100376,H1037, JOHN,,Travel,79572.23,,Delhi,john72@yahoo.com,,15-03-2019,28-11-2021,,14651.51,,,Valid,25-03-2022,,3.91
POL100736,H1666,,56,lifee,,258170.07,Hyderabad,user24@yahoo.com,,"May 05, 2021",08/29/2016,,7305.61,,Active,,05-08-2021,68596.2,
POL100594,H1246,arun,29,healthh,188027.49,28.83,Hyderabad,arun8@ins.com,Approved,,04/21/2023,4874886.61,17489.99,,Active,,13-02-2022,,
POL100348,H1281,kumar,,healthh,161766.19,,Hyderabad,kumar85@yahoo.com,Not Filed,29-11-2019,11/25/2023,-5320.93,8083.7,BEN109,Lapsed,Invalid,05/16/2023,361020.21,
POL102253,H1863,Priya ,58,Motor,,68540.67,Delhi,priya63@ins.com,Approved,"Jun 08, 2020",09/18/2022,,5527.75,,,Invalid,"Dec 29, 2024",,41.98
POL104189,H1627, JOHN,,healthh,42678.85,125941.56,  chennai ,john47@gmail.com,,06-07-2020,05-10-2017,-881.82,2698.97,,,,21-09-2019,227426.77,
POL102855,H1749,  raj,,Home,,,Delhi,raj62@ins.com,,10/29/2018,,4471397.65,7222.29,BEN106,,,,,95.04
POL101248,H1771,  raj,-5,lifee,58186.67,71308.48,Delhi,raj70@yahoo.com,Pending,12-06-2024,,,-118.16,BEN884,Active,Invalid,03/24/2022,,
POL104881,H1977,,44,lifee,,99625.11,Chennai,user74@yahoo.com,Pending,,29-09-2020,4233911.24,5990.45,,Lapsed,,24-03-2025,,
POL104956,H1775,  raj,51,healthh,49334.77,258622.98,Mumbai,raj58@yahoo.com,,,,,16512.43,,Active,,,,
POL104535,H1743,Meena,,lifee,55884.39,530908.39,,meena63@ins.com,Approved,24-05-2017,10/31/2017,-1830.05,19421.54,,Renewed,,23-09-2022,204822.84,68.91
POL104404,H1362, JOHN,109,Health,,,Bengaluru,john56@yahoo.com,,23-06-2017,"Dec 31, 2018",,12621.58,,Lapsed,,12-10-2020,160986.79,65.5
POL101299,H1575,  raj,80,,159761.71,345369.64,Hyderabad,raj55@gmail.com,Pending,"Nov 30, 2019",10/24/2021,,3147.35,,Renewed,,,,19.86
POL104034,H1143,  raj,2,healthh,166869.59,293040.2,Hyderabad,raj53@ins.com,Approved,19-02-2018,16-10-2018,-9163.61,6684.56,BEN801,Lapsed,,,156494.79,
POL104095,H1355,  raj,77,Life,,,Mumbai,raj@gmail,,12-07-2025,17-09-2018,-437.73,14610.94,,,Valid,28-06-2022,,75.78
POL104231,H1218,kumar,73,healthh,,,  chennai ,kumar84@gmail.com,Approved,09-06-2021,,1120454.18,8173.41,,Lapsed,Valid,"Sep 28, 2018",,
POL100935,H1634,Priya ,,healthh,80085.75,,Delhi,priya74@gmail.com,Rejected,10/18/2017,24-11-2019,-7701.88,6761.35,,Lapsed,,,,20.17
POL101714,H1239,kumar,60,Life,,180383.69,Mumbai,,Pending,08-06-2024,"Dec 05, 2021",612729.26,17727.31,,,,"Jun 06, 2018",75063.87,
POL102304,H1655,kumar,,Home,24804.98,436529.2,Bengaluru,kumar93@yahoo.com,Approved,11/30/2022,28-03-2019,-9102.31,4484.59,BEN952,,Invalid,,363355.39,
POL104647,H1396,Meena,,Health,,182368.26,Delhi,meena39@ins.com,Approved,30-05-2019,"Jun 26, 2020",-4169.31,6102.73,,Lapsed,Valid,23-02-2016,2214.97,
POL103147,H1363,Meena,,Home,79186.41,,,meena21@yahoo.com,Rejected,07-07-2020,01/23/2025,4268329.71,18418.32,BEN499,Active,Valid,"Dec 20, 2021",144485.07,
POL104713,H1252,Priya ,44,lifee,88813.48,132201.49,Delhi,priya75@yahoo.com,Pending,,"Feb 23, 2018",,15913.5,,Lapsed,,,,
POL103052,H1299,  raj,,Travel,,,,raj19@yahoo.com,,,"Jan 09, 2019",-503.71,14264.71,BEN729,,,23-04-2020,,14.25
POL102446,H1760,  raj,,lifee,188939.79,593506.38,  chennai ,raj17@ins.com,,"Apr 16, 2020",02-12-2021,3692353.65,386.73,BEN700,Active,Valid,11-01-2017,294594.85,
POL100707,H1239,Priya ,,Travel,,471795.12,  chennai ,priya54@yahoo.com,Approved,06-03-2021,,4276084.38,15083.26,BEN421,,,"Jan 29, 2021",180092.74,50.02
POL104458,H1407,  raj,67,Life,183563.91,119902.01,Chennai,raj64@ins.com,Not Filed,,,,-1093.67,BEN843,Renewed,,03-12-2017,,
POL100653,H1546,  raj,,,67717.92,656636.46,Bengaluru,raj52@yahoo.com,Not Filed,11-02-2019,,,1044.05,BEN558,Lapsed,Invalid,08/17/2019,130460.12,
POL103003,H1242, JOHN,120,Home,,,,john64@gmail.com,,21-06-2021,,3108731.34,19960.89,,Renewed,Invalid,"May 15, 2024",,25.77
POL104313,H1826,Priya ,122,Health,38307.2,447622.01,Bengaluru,,,06/28/2017,06-08-2024,545522.11,10827.35,,,,,375527.64,
POL100417,H1617,,,,179407.54,182791.36,,user96@yahoo.com,Pending,10-01-2017,06-03-2019,,2962.14,,Active,,03/20/2023,,24.98
POL102857,H1354,,,Travel,75221.59,,,user75@gmail.com,Not Filed,03/23/2019,08-02-2017,1524698.53,11917.05,,Active,,"Nov 27, 2023",,
POL101039,H1776,,130,Life,19296.74,415983.31,Hyderabad,user@gmail,Approved,25-12-2021,"Apr 22, 2020",-9392.29,9266.55,,,,,,
POL100130,H1866, JOHN,,Motor,92898.51,466190.93,  chennai ,john74@yahoo.com,Rejected,16-07-2017,10/21/2022,-430.12,-500.12,BEN617,Renewed,,04-12-2020,,66.33
POL100847,H1871,Priya ,99,Life,,,Chennai,priya23@gmail.com,,"Jan 19, 2016",10-09-2022,1334833.74,5996.56,,,,27-09-2018,278914.47,
POL101149,H1691, JOHN,38,healthh,,,Hyderabad,john55@ins.com,Approved,"Nov 27, 2024",07-07-2021,-6873.3,10559.26,,Lapsed,Invalid,"Jun 29, 2020",,53.39
POL103911,H1259,Priya ,,Home,,409740.46,,priya@gmail,Approved,01/16/2023,12/29/2017,4828254.1,1619.36,BEN279,,Valid,,89832.96,35.77
POL102992,H1866, JOHN,21,Life,134566.7,,Mumbai,john44@ins.com,,05/31/2025,24-01-2020,3220783.96,9916.66,BEN714,Active,Invalid,06-02-2024,,5.39
POL104120,H1982,Priya ,,Travel,89382.6,203876.15,Mumbai,priya63@gmail.com,Pending,30-09-2016,03-05-2022,-9264.42,12623.45,,Lapsed,Invalid,"May 06, 2021",184424.45,38.49
POL102631,H1987,Meena,85,Life,172301.19,581392.16,Hyderabad,,,02-07-2018,03-12-2022,700113.32,17879.95,,Lapsed,,12/21/2021,,
POL102390,H1444,Meena,10,Travel,,26672.23,Chennai,meena68@yahoo.com,Pending,08-09-2024,"Apr 22, 2024",-1196.41,19306.64,,Lapsed,,,,67.17
POL101889,H1290,,19,Life,66174.21,366059.97,Mumbai,user53@yahoo.com,Approved,"Dec 07, 2018",12-07-2025,-7488.14,12214.73,,Expired,,,,94.7
POL101527,H1534,kumar,64,Health,80759.62,,Hyderabad,kumar72@gmail.com,Rejected,,10-01-2021,,5598,BEN588,Expired,Invalid,11-07-2017,5603.51,0.45
POL103868,H1349,arun,83,Health,116786.44,,Bengaluru,arun76@gmail.com,,29-07-2022,01-12-2018,-5175.48,17363.68,BEN260,Active,,06/22/2022,111316.41,17.41
POL102203,H1274,Priya ,,,,,  chennai ,priya32@yahoo.com,,07/30/2022,10-03-2018,4286322.26,5447.58,,Expired,,09-11-2024,,
POL104413,H1829,Priya ,112,,4236.3,117372.11,Mumbai,priya41@ins.com,,12-11-2019,26-01-2022,4297787.73,3825.76,,,Invalid,,72274.01,56.08
POL101022,H1791,Priya ,44,Health,198756.07,,Mumbai,priya7@yahoo.com,,,15-12-2017,2913058.63,15810.53,BEN261,Active,Valid,,,
POL100872,H1740,,59,Health,,480501.73,Hyderabad,user44@yahoo.com,Approved,,"Feb 27, 2018",-6941.46,9844.35,,Lapsed,Valid,,,70.26
POL101566,H1910,arun,,,8323.24,30455.38,Bengaluru,arun5@gmail.com,,08-09-2024,03-08-2016,-6732.7,3941.99,,Active,Valid,19-09-2020,47402.17,
POL100225,H1317,kumar,,Life,,401769.09,Hyderabad,kumar93@gmail.com,Approved,03-06-2023,05-12-2024,,17812.65,,,Valid,"Feb 06, 2016",,
POL103778,H1803,kumar,,Motor,80084.32,,Mumbai,kumar9@gmail.com,Pending,10-03-2019,22-10-2024,-4661.15,12593.6,,,,28-07-2025,,68.7
POL102928,H1370,Priya ,47,Life,104638.46,342249.01,Bengaluru,priya71@ins.com,,"Feb 05, 2019",10/29/2017,1715783.32,11897.6,BEN966,Renewed,Invalid,,,
POL104732,H1715,kumar,76,healthh,187276.55,243564.13,,kumar37@yahoo.com,Not Filed,"Jul 28, 2017",12-12-2016,,7619.2,,Active,,11-07-2023,216430.64,
POL101788,H1916,Priya ,58,lifee,,517040.96,Bengaluru,priya13@yahoo.com,Pending,10-10-2017,,-7766.27,10134.42,,Active,,07/21/2017,102448.29,
POL100947,H1357,  raj,57,Home,97423.6,568925.25,,raj46@gmail.com,Approved,"May 20, 2020","Aug 05, 2022",-8263.22,11899.68,,Renewed,Invalid,06-12-2016,335958.22,12.03
POL104564,H1741,Meena,,Life,,277364.44,Mumbai,meena74@ins.com,Not Filed,"Jun 11, 2019",,,11744.46,BEN180,Renewed,,10-09-2023,153308.44,35.34
POL103701,H1058,arun,65,lifee,9099.47,33131.4,Hyderabad,arun59@gmail.com,Rejected,"Oct 05, 2024",18-02-2016,,1000.84,,Active,,"Oct 07, 2023",,
POL103135,H1545,Meena,66,Home,,,Hyderabad,,Rejected,02-09-2022,04/13/2021,,10340.95,,,Invalid,,,
POL101908,H1266, JOHN,39,Travel,40311,334675.92,,john28@ins.com,,09/21/2019,"Mar 25, 2023",2035514.57,7844.35,,,,05-01-2023,,23.01
POL100067,H1696,,,lifee,,,Hyderabad,user67@gmail.com,Approved,04-06-2021,,2469698.44,15791.23,BEN564,,,"Jul 21, 2020",225564.47,67.28
POL101697,H1650,Meena,79,,,,Bengaluru,meena77@gmail.com,Approved,14-07-2022,18-02-2022,-8234.9,13943.38,,Renewed,,16-01-2020,,40.83
POL100721,H1890, JOHN,31,Motor,79683.53,321616.68,Bengaluru,john76@gmail.com,Pending,13-10-2018,22-03-2024,,3405.05,BEN380,Lapsed,Invalid,,,60.55
POL104241,H1460,arun,42,lifee,45881.43,225516.72,,arun53@gmail.com,Approved,01-02-2022,21-01-2017,2215894.28,18508.68,,,Invalid,"Feb 03, 2020",134636.96,58.71
POL103092,H1921,Meena,,lifee,28978.77,191725.62,Delhi,meena26@gmail.com,Not Filed,"Oct 13, 2019",24-08-2022,-4198.62,306.22,,Expired,,26-06-2018,173016.09,
POL102571,H1612,  raj,,Life,122282.4,320245.37,Bengaluru,raj8@ins.com,Approved,"Mar 22, 2021","Jan 19, 2024",-1968.58,10717.07,,Active,Valid,19-07-2022,203289.33,31.99
POL101115,H1668,  raj,41,Motor,76128.65,,Chennai,raj3@yahoo.com,Approved,05-10-2019,,4436448.23,16445.62,,Active,,,,
POL100171,H1973,kumar,51,Health,31301.03,693038.85,  chennai ,kumar52@ins.com,,"Jan 31, 2019",05-04-2019,-608.61,11063.73,,,Valid,,43726.52,
POL103676,H1731,  raj,25,Travel,,437675.11,Chennai,raj31@yahoo.com,Pending,,"Apr 08, 2022",1438474.92,11131.77,BEN229,Renewed,,08/24/2018,,16.42
POL101895,H1464,,,healthh,90897.19,172649.99,Hyderabad,user4@yahoo.com,Pending,"Aug 05, 2017",,,18233.95,,,,12-07-2019,,40.82
POL100055,H1949,  raj,64,Travel,,185572.63,Hyderabad,raj71@ins.com,,04-11-2018,24-02-2021,-4.05,8530.63,,,Valid,18-01-2024,,45
POL104234,H1205,arun,63,healthh,,,Delhi,arun80@yahoo.com,,"Feb 11, 2022",23-04-2017,-3235.45,1961.9,,Lapsed,Invalid,"May 13, 2020",3093.62,73.98
POL102856,H1782,kumar,76,Health,9425.76,453579.35,Delhi,kumar1@yahoo.com,Pending,10-11-2021,"Jun 12, 2021",,9599.16,,,Invalid,"Jan 20, 2023",207006.18,
POL100449,H1338,,22,Motor,,,Chennai,user27@ins.com,,25-09-2021,"Jun 29, 2022",1636004.51,15986.12,,,Invalid,"Dec 01, 2023",,
POL101997,H1851, JOHN,12,Health,70826.91,473247.13,  chennai ,john60@ins.com,,,,2385781.3,18455.59,BEN174,,Valid,10/28/2023,,50.75
POL102594,H1925,kumar,,Travel,56349.47,523906.87,Hyderabad,kumar1@yahoo.com,Rejected,"Apr 13, 2022","Feb 14, 2025",,6467.53,,Active,,26-02-2018,312763.22,
POL103397,H1347,Meena,18,Health,26765.48,,Hyderabad,meena88@ins.com,,04-12-2018,,2529511,7207.42,,Expired,Valid,09-10-2016,,33.1
POL100988,H1508, JOHN,,,,792740.94,  chennai ,john57@yahoo.com,,29-04-2022,"Aug 17, 2024",-6120.71,12010.06,,,Valid,03-02-2017,,
POL100969,H1767,arun,,Health,80132.02,149983.8,  chennai ,arun11@ins.com,Approved,25-01-2024,05-12-2022,-2601.33,1078.5,BEN882,,,"May 14, 2021",,76.42
POL100136,H1473,kumar,,Health,31032.88,70000.83,Mumbai,kumar10@yahoo.com,Approved,17-07-2024,,-1873.58,6912.96,BEN704,Active,,,357594.37,
POL101896,H1639,arun,112,lifee,10364.83,274448.11,  chennai ,arun39@yahoo.com,,,07-08-2016,-5985.82,17204.98,BEN206,Lapsed,Valid,09-04-2021,195199.21,83.39
POL100174,H1316,  raj,54,Motor,,,Bengaluru,raj1@yahoo.com,Not Filed,10-11-2023,02-03-2024,2964868.52,7721.26,,Active,Invalid,,,
POL102302,H1807,,,Life,84293.99,,Bengaluru,user33@ins.com,Pending,,"Jun 18, 2020",,2086.83,BEN871,Expired,Valid,22-12-2021,93978,
POL103205,H1598,kumar,,Motor,,,,kumar19@ins.com,,11-01-2020,04-09-2016,1542340.56,14977.08,,,,26-02-2018,,
POL104838,H1130,Priya ,80,Home,,,  chennai ,priya88@yahoo.com,Not Filed,,16-03-2024,-5453.79,5159.34,BEN141,,Valid,05-04-2024,100310.57,99.11
POL100444,H1888,  raj,,Life,,,Delhi,raj46@ins.com,,08-02-2021,22-12-2023,-9339.77,18003.4,,Renewed,,15-02-2019,,
POL101827,H1155,,60,Life,193309.5,,Bengaluru,user72@ins.com,Approved,09-05-2017,07-05-2020,1875406.97,7628.57,,Expired,,26-04-2021,270243.09,
POL102885,H1654,kumar,126,lifee,,428799.9,  chennai ,kumar47@gmail.com,Rejected,"Jan 31, 2024",,,2362.42,,Lapsed,Valid,02/13/2017,,27.26
POL101581,H1734,Priya ,,Travel,,203058.74,,priya53@yahoo.com,Not Filed,11-09-2017,"Nov 06, 2024",-3963.71,15756,,Active,Valid,06-07-2022,148029.05,
POL100089,H1867,  raj,76,lifee,169271.78,,Bengaluru,raj44@yahoo.com,,21-07-2016,,-2116.96,14769.59,BEN147,,,02-05-2016,,
POL100794,H1119,,49,Home,86061.88,223063.13,Mumbai,user39@yahoo.com,Not Filed,"Jun 06, 2019",17-09-2016,907650.08,7446.77,BEN374,,Valid,,,43.73
POL102048,H1136,arun,73,Life,,,Delhi,arun80@yahoo.com,Pending,"Aug 22, 2020",12-02-2024,-7071.73,-739.12,,Active,Invalid,"Dec 08, 2022",,
POL102177,H1427, JOHN,,Motor,83197.14,62519.61,Delhi,john55@gmail.com,Rejected,"Apr 12, 2023","Jul 21, 2021",,13460.87,,,,"May 16, 2019",255973.46,7.48
POL101029,H1090,Priya ,4,Health,,,Chennai,priya1@yahoo.com,Approved,15-12-2024,03/27/2016,1302653.47,1921.78,,Lapsed,Invalid,"Sep 21, 2021",,41.41
POL103414,H1144,Meena,,lifee,,,Mumbai,meena20@yahoo.com,Approved,20-05-2018,"Apr 10, 2016",,14638.82,,Lapsed,,26-07-2024,,
POL103953,H1633,  raj,78,Motor,,434663.62,Hyderabad,raj70@gmail.com,Pending,10/23/2019,08/21/2024,399523.04,12841.5,,,,10/19/2024,191355.8,
POL101329,H1286,,49,,1854.29,,Hyderabad,user15@gmail.com,Pending,26-03-2025,03-04-2023,-2341.16,13545.49,,Expired,Invalid,20-11-2021,43996.52,67.33
POL103173,H1305,Priya ,121,,78265,,Hyderabad,priya82@gmail.com,Approved,30-01-2019,14-07-2024,,14125.49,,Renewed,,06-03-2016,272304.84,
POL103124,H1381,  raj,0,Health,109886.49,,Chennai,raj67@ins.com,Rejected,"Oct 22, 2019",,-9993.76,5591.89,,,,22-10-2022,327106.26,
POL100039,H1493,Priya ,62,lifee,,422577.58,Hyderabad,priya78@yahoo.com,,09/29/2019,26-02-2019,943059.56,18273.83,BEN459,Expired,Invalid,,,
POL100943,H1207,Priya ,22,Life,83626.41,49380.71,Delhi,priya32@yahoo.com,,03-10-2018,03/30/2019,-616.6,18263.69,,Expired,Valid,"Oct 09, 2018",,
POL103600,H1185,,,Travel,,479084.07,  chennai ,user80@ins.com,,,05-05-2019,,15289.41,,,,09/26/2023,96281.53,
POL100665,H1407,Meena,11,Travel,14086.9,444329.4,  chennai ,meena44@ins.com,,,,,467.64,,,,"Jul 10, 2017",,
POL104011,H1630,kumar,,Motor,4188.37,,,kumar1@gmail.com,,05-05-2016,06-11-2022,-2651.33,-471.08,,Active,Valid,,279178.9,
POL100452,H1472, JOHN,,,26300.39,,  chennai ,john81@ins.com,Not Filed,03/17/2025,04-03-2018,,1322.85,BEN288,Active,Valid,"Jan 08, 2021",188915.29,
POL101684,H1917,  raj,43,,,,Chennai,raj36@ins.com,,11-04-2022,03/18/2020,3698453.53,14192.13,,Expired,Invalid,01-05-2025,,43.71
POL101148,H1480, JOHN,2,healthh,9595.25,,  chennai ,john9@ins.com,,23-09-2017,24-06-2018,,3452.62,,,Invalid,03-07-2025,313623.74,
POL104273,H1331,arun,110,Travel,133894.54,510084.11,Chennai,arun74@ins.com,Approved,17-07-2018,12-08-2021,3039074.53,18318.51,BEN680,Active,,,11251.41,
POL102184,H1813,  raj,87,,13948.37,293116.7,Chennai,raj65@yahoo.com,Approved,16-10-2017,,-7220.26,15505.79,,Lapsed,Invalid,11-11-2020,154666.06,
POL100336,H1893,Priya ,47,,,371861.06,Chennai,priya98@yahoo.com,,02-06-2023,10-01-2021,-3447.11,324.53,BEN233,Lapsed,,"Jan 13, 2020",,
POL102166,H1063,,128,Home,,148776.2,Chennai,user31@yahoo.com,Rejected,08/17/2018,"Jan 08, 2020",3739205.64,1840.14,BEN889,,,19-01-2024,,
POL104964,H1925,  raj,,,,152153.89,Delhi,raj12@yahoo.com,,04-05-2024,17-04-2020,,17101.35,BEN282,Renewed,,13-02-2016,213110.66,3.91
POL102977,H1363,,35,Life,,,Hyderabad,user48@ins.com,Pending,15-05-2019,26-06-2024,-323.04,13858.44,,,,22-06-2023,93564,
POL101600,H1719,,12,healthh,95932.65,,Mumbai,user93@ins.com,,11/28/2018,"Mar 25, 2023",-8510.59,6934.29,,Renewed,Valid,05-07-2016,,
POL101641,H1053,,104,Travel,92505,529553.5,Bengaluru,user21@ins.com,Approved,,03-05-2025,-8108.1,8120.87,,,Invalid,"Mar 08, 2025",,94.75
POL100351,H1502,kumar,68,Motor,,12121.53,Chennai,kumar1@gmail.com,Not Filed,,,-6592.89,14059.5,,,,10-01-2021,332961.16,50.09
POL100624,H1686,,34,lifee,38014.18,794286.74,,,Not Filed,21-12-2018,"Feb 11, 2021",-7553.58,524.29,,Renewed,,03/23/2022,,0.63
POL102183,H1066,kumar,58,lifee,28924.4,495089.3,Chennai,kumar22@gmail.com,Approved,10-08-2022,16-06-2019,2298751.02,11025.41,,Renewed,Valid,03-12-2016,37447.76,
POL102508,H1387,  raj,,lifee,12958.39,31747.63,Hyderabad,raj32@yahoo.com,,23-07-2021,03/31/2024,-7400.77,10775.18,BEN939,Active,,12/21/2019,345268.63,
POL102089,H1889,,78,Life,,755928.77,,user20@ins.com,Approved,30-05-2024,03-12-2018,-9700.36,10084.03,,Active,,,,
POL100358,H1441,Meena,8,lifee,187130.9,453724.79,Mumbai,meena80@gmail.com,Not Filed,05-03-2021,30-06-2019,-475.26,4323.21,,Renewed,,11-09-2020,384122,
POL101321,H1812,Meena,,,126233.87,75524.29,Delhi,meena10@ins.com,Not Filed,"Nov 06, 2023",07-01-2016,-5050.95,14505.84,,,,,,90.98
POL101613,H1683,  raj,,lifee,,495274.44,Mumbai,raj36@gmail.com,Approved,08/23/2017,06-04-2023,,8978.54,BEN625,,Invalid,22-11-2016,,
POL101856,H1021,Priya ,76,Motor,,,  chennai ,priya67@ins.com,,,11-11-2020,-4567.21,11087.09,,Expired,Invalid,12-06-2017,,12.69
POL101525,H1198,Meena,,healthh,,,Mumbai,meena26@yahoo.com,Rejected,07-04-2025,27-09-2021,,6465.2,,Active,,27-04-2016,,99.87
POL101434,H1134,  raj,49,Health,,,Bengaluru,raj71@ins.com,Approved,,07/31/2018,3074614.78,2810.19,,Active,,09/20/2020,52115.3,16.75
POL104789,H1595,arun,,Motor,,465104,  chennai ,arun@gmail,Rejected,03-04-2023,24-08-2019,,-1192.04,,,,08-08-2021,123484.49,
POL104907,H1370,Meena,69,Motor,4012.49,381228.67,Bengaluru,meena25@gmail.com,Not Filed,12/23/2022,02-06-2025,-2240.17,4160.53,,Active,,"Jan 19, 2017",339867.01,
POL104829,H1543,kumar,58,Health,,607917.39,Bengaluru,kumar35@gmail.com,,06/20/2016,03-07-2021,,17334.18,,Renewed,,"Apr 21, 2025",302193.29,6.89
POL101419,H1783,  raj,,Life,,757696.28,Delhi,raj16@yahoo.com,Pending,"Apr 21, 2023",06-11-2020,-6739.48,4128.21,BEN755,,Invalid,07-11-2023,149480.08,63.87
POL101702,H1929,kumar,16,Travel,189709.67,3942.29,,,Not Filed,"Aug 26, 2024",,2378332.5,13263.46,,,Valid,03/27/2017,43308.39,24.03
POL102649,H1103,arun,,Life,177128.28,,Hyderabad,arun13@ins.com,,24-08-2024,20-02-2019,,10379.11,BEN129,Expired,,04/22/2018,225341.77,
POL103758,H1042,arun,113,,,,Chennai,arun11@ins.com,Rejected,"Mar 05, 2024",02-04-2017,481795.74,13462.79,,Lapsed,,26-10-2023,338772.68,58.96
POL100776,H1457,Meena,77,,,38696.96,Hyderabad,meena@gmail,Not Filed,27-06-2019,"Sep 23, 2024",,5048.92,BEN716,,,12/23/2023,203971.11,
POL102575,H1429,Priya ,72,Life,,25090.68,  chennai ,priya64@gmail.com,,05-05-2017,10-12-2016,-1230.43,-1560.46,,Active,Valid,19-04-2021,,81.92
POL103754,H1678,Meena,63,Life,98283.19,,Mumbai,meena96@yahoo.com,Not Filed,01/20/2018,18-09-2017,,-1969.47,,Lapsed,Invalid,"Apr 13, 2025",375969.41,57.75
POL103831,H1464,arun,,Motor,82706.33,248131.73,  chennai ,arun87@yahoo.com,,"Sep 22, 2019",07-10-2016,,6718.48,,Active,,30-12-2017,377391.06,43.26
POL101765,H1681,Priya ,78,Life,8060.77,320506.36,,priya36@gmail.com,Not Filed,"Feb 10, 2024",25-06-2019,2353589.17,598.25,BEN870,Expired,,"May 09, 2018",,31.85
POL100473,H1718,kumar,-3,Life,66758.16,,Delhi,kumar28@ins.com,,"Apr 18, 2021","Jun 01, 2023",2419735.05,10166.72,,Active,Invalid,04-04-2024,,
POL104988,H1278,Priya ,,Home,26574.73,,Delhi,priya79@ins.com,Pending,12-03-2017,,-6011,5972.41,,,,,132.66,
POL103492,H1943,arun,29,Life,82285.24,135756.95,,arun68@gmail.com,Pending,06/17/2023,"Nov 15, 2022",-5550.26,19487.64,BEN572,,Valid,06/24/2017,67189.12,87.46
POL103903,H1302, JOHN,19,Health,27299.02,526144.58,Hyderabad,john41@yahoo.com,,12/31/2022,17-04-2019,-6066.36,6968.92,,,,,23051.85,73.51
POL102414,H1830,Meena,,Travel,28620.84,280262.01,Delhi,,,"Jan 15, 2017",,,2122.68,,Active,Valid,03-12-2021,,
POL102757,H1701, JOHN,,Health,57387.1,257778.34,Bengaluru,john32@yahoo.com,Pending,07/20/2017,"Dec 04, 2017",-5549.8,7043.09,,Active,Invalid,27-05-2019,65386.5,21.35
POL103662,H1276, JOHN,69,Motor,-2365.9,,  chennai ,,,28-07-2016,11/16/2019,2643292.26,4163.98,BEN972,Renewed,,"Nov 13, 2021",,
POL104765,H1945,kumar,37,Travel,104501.91,,Hyderabad,kumar2@ins.com,Approved,08-04-2016,19-06-2019,1889601.99,1984.31,,Lapsed,Invalid,06-06-2016,321917.5,
POL104513,H1034,Priya ,32,Travel,,607192.23,Bengaluru,priya95@yahoo.com,,12-04-2017,03-11-2019,,19127.82,,Active,,,107569.37,
POL103534,H1268,Meena,,Home,27981.42,,Delhi,meena47@yahoo.com,Pending,14-04-2021,,423099.55,18614.53,,,Invalid,11-05-2017,,73.87
POL101580,H1805, JOHN,92,,19405.04,,Bengaluru,john37@gmail.com,Rejected,31-07-2025,05-07-2017,,-546.91,,Active,,19-01-2025,51434.66,
POL100479,H1633,Meena,63,Motor,,133333.08,Mumbai,meena@gmail,Pending,22-07-2022,,3715257.74,15810.11,BEN227,Expired,,27-07-2018,,
POL102637,H1130,  raj,91,lifee,76860.07,,Delhi,,Not Filed,27-04-2019,,,15438.04,BEN111,,,,,34.22
POL100102,H1800,  raj,79,,65526.99,307646.93,Hyderabad,raj36@ins.com,Not Filed,,12/29/2023,,202.96,BEN772,Lapsed,Valid,02-10-2017,230276.84,
POL101478,H1639,,84,,,181787.94,Bengaluru,user77@gmail.com,Rejected,13-07-2023,,-6795.83,-1628.97,BEN698,,Invalid,13-05-2019,,95.58
POL104751,H1057,arun,,Motor,89097.79,36334.17,Mumbai,arun84@yahoo.com,Rejected,"Nov 13, 2017","Sep 22, 2024",412791.64,2144.63,,Active,,,,37.77
POL104065,H1015,Meena,,Motor,,,Chennai,meena2@yahoo.com,,,08/26/2023,-9855.09,-357.73,,Renewed,Valid,,,
POL102711,H1761,,61,lifee,38814.24,,Chennai,user73@ins.com,,12-08-2019,14-03-2023,-2305.79,-898.2,,Expired,Invalid,,229484.97,
POL103946,H1740,Meena,39,Health,,19776.76,,meena66@ins.com,Approved,02-06-2018,09/23/2022,-2619.5,4514.13,,,,15-04-2016,313281.34,27.95
POL103825,H1235,arun,59,Home,64688.53,489894.53,  chennai ,arun@gmail,Pending,12-11-2024,,,7341.66,,Lapsed,Valid,07-10-2017,,
POL100742,H1296, JOHN,,Motor,,152479.83,,john@gmail,Rejected,,29-04-2024,,9364.9,,Lapsed,Invalid,,,59.14
POL100053,H1810,arun,,Motor,14706.56,,Chennai,arun47@gmail.com,,15-09-2023,,809518.91,6184.29,BEN881,,Invalid,,146779.98,
POL100987,H1789, JOHN,,,,15496.28,Delhi,john66@ins.com,,,07-08-2016,-3631.7,14296.99,,,,06-01-2018,202512.62,
POL103756,H1174,  raj,,Life,,546199.42,  chennai ,raj9@ins.com,Pending,05-02-2020,03-12-2017,-9473.02,6376.07,,,Valid,14-11-2022,,
POL100068,H1405, JOHN,45,Health,,,Bengaluru,,Not Filed,09-03-2020,31-07-2021,-216.67,19203.22,,Renewed,,"May 12, 2025",,65.35
POL104864,H1006,  raj,23,lifee,,681489.26,  chennai ,raj18@yahoo.com,Not Filed,"Feb 10, 2023",09-02-2018,2735548.06,9119.2,BEN217,,Invalid,11-12-2018,,
POL100001,H1106,Meena,19,lifee,122780.16,-1277.28,Hyderabad,meena34@gmail.com,Pending,,"Apr 01, 2023",3270011.71,90.37,,,Valid,11-01-2016,,
POL103618,H1089,Priya ,,Travel,127575.79,384973.31,Bengaluru,priya87@yahoo.com,Not Filed,15-10-2018,31-01-2019,-7737.32,19732.53,BEN970,,,,,
POL104507,H1840, JOHN,,Travel,107516.21,119855.78,Mumbai,john58@ins.com,Pending,11/14/2020,"Mar 08, 2021",-2833.48,12454.31,BEN238,,,13-02-2020,315793.35,48.56
POL102774,H1644,  raj,39,lifee,110519.36,400908.64,Mumbai,raj79@gmail.com,Not Filed,06-06-2021,25-02-2016,,12457.43,,Renewed,Invalid,20-12-2017,,
POL104429,H1567,Meena,22,lifee,,483929.2,  chennai ,meena5@yahoo.com,Approved,24-06-2023,04-07-2018,,19051.58,BEN357,Renewed,Valid,06-03-2017,,
POL103343,H1712,arun,34,Travel,,360842.18,Hyderabad,,Pending,17-06-2016,,,12266.91,,Expired,,25-06-2021,,55.77
POL104710,H1200, JOHN,,lifee,,253878.52,,john63@yahoo.com,,18-11-2018,14-12-2017,-4912.38,8927.3,,,,30-08-2024,,
POL103324,H1087,  raj,34,Motor,180992.74,,Chennai,raj5@ins.com,Not Filed,04-09-2021,"Nov 08, 2016",4376081.78,601.37,BEN827,Lapsed,Valid,"Dec 13, 2021",85900.99,8.47
POL101239,H1864,kumar,22,Home,11177.6,250955.28,Chennai,kumar26@ins.com,Rejected,12/24/2017,19-01-2024,4665947.44,12404.41,BEN826,Lapsed,Valid,08-05-2022,,19.63
POL100000,H1971,Priya ,27,Health,55405.23,,Mumbai,priya36@yahoo.com,Not Filed,"Apr 22, 2017",10-06-2020,-7448.54,2474.7,,Lapsed,Valid,23-03-2025,,53.6
POL103772,H1062,  raj,,Motor,32847.35,798817.64,  chennai ,raj92@gmail.com,Pending,08-01-2018,02-03-2019,-1633.98,5700.72,BEN335,,Invalid,08-12-2024,,
POL102706,H1679,Meena,,,102759.28,,Chennai,meena88@yahoo.com,Pending,03-09-2018,07-01-2019,-745.27,6752.97,,Renewed,Invalid,29-05-2023,154409.13,
POL104223,H1021,,24,Life,-4002.29,485832.69,,user36@ins.com,Rejected,24-01-2023,,,5400.41,BEN531,Renewed,,02/21/2016,,
POL101974,H1851,,27,Home,4199.82,438899.16,Delhi,user2@gmail.com,Approved,,"Feb 15, 2019",,5119.71,,,,,28689.42,85.08
POL102970,H1059,arun,,Life,1100.33,263461.77,Chennai,arun36@gmail.com,Rejected,03-06-2025,02-08-2016,,19565.09,BEN859,Expired,Invalid,"Apr 07, 2024",173031.48,
POL103580,H1555,Meena,83,,23954.67,711888.26,,meena71@gmail.com,,01-04-2022,,-9852.82,14082.01,,Active,Valid,,84543.7,
POL104989,H1383,Priya ,7,Health,,297451.46,,priya13@gmail.com,,20-08-2019,"May 12, 2021",2538965.92,10801.02,,Renewed,,07-12-2017,,33.78
POL101106,H1420,  raj,,Life,,,,raj10@yahoo.com,Not Filed,22-12-2022,26-01-2024,,9632.39,,,,,332753.36,
POL100950,H1836,  raj,71,Life,62957.2,470925.7,  chennai ,raj49@gmail.com,Pending,,18-04-2019,-507.54,8742.05,BEN943,,Valid,09/21/2020,,45.81
POL103127,H1087, JOHN,41,lifee,32596.89,520394.77,Bengaluru,john93@yahoo.com,Approved,11-01-2021,02-11-2018,,15163.64,,Active,,06-01-2021,,21.05
POL102122,H1866, JOHN,56,,96571.22,765419.82,Delhi,john27@gmail.com,Pending,16-04-2017,08/14/2022,694865.05,1928.96,BEN611,,Invalid,26-01-2024,182711.15,38.73
POL103837,H1098,,70,,45836.85,,Bengaluru,user18@ins.com,,25-07-2020,,,7976.18,,,Valid,15-05-2023,187338.71,
POL103235,H1693,arun,106,lifee,,74304.82,  chennai ,arun9@yahoo.com,Approved,09/19/2017,"Jan 18, 2018",2730166.61,14864.52,BEN525,Expired,Invalid,14-04-2016,347561,42.93
POL100639,H1677,,28,lifee,81525.26,415662.74,Hyderabad,user14@gmail.com,,"Jul 23, 2021",08/26/2024,-5860.8,15306.51,BEN715,Lapsed,Valid,"Jul 04, 2022",,53.68
POL103382,H1606,Meena,77,Home,111334.82,,Bengaluru,meena9@gmail.com,Rejected,"Apr 11, 2019",03-10-2024,4198288.56,12141.57,,,Invalid,06/22/2024,218976.43,
POL102566,H1326,kumar,114,,,292927.79,Mumbai,kumar59@ins.com,Approved,10-02-2023,20-06-2018,2122969.99,18183.94,,Expired,Invalid,,281165.9,
POL100757,H1055, JOHN,74,Life,71551.03,55417.92,Delhi,john91@gmail.com,Rejected,08/28/2018,13-04-2024,-1883.5,18657.32,,Active,,"May 19, 2024",,75.85
POL103663,H1542,  raj,80,healthh,,,Mumbai,raj84@yahoo.com,Not Filed,12-06-2018,24-02-2021,4562996.94,6045.63,,Expired,,09-04-2023,,72.99
POL100878,H1351,arun,110,lifee,163344.46,379559.14,,arun80@gmail.com,,04/15/2016,"Dec 14, 2019",,10525,,Renewed,,06-10-2023,,83.95
POL100230,H1662,Meena,,Travel,,317833.1,Mumbai,meena73@ins.com,Approved,,"Jan 31, 2017",-717.15,8871.28,,Expired,Invalid,11/29/2017,115184.79,38.21
POL104709,H1690,Meena,62,Motor,95752.74,90819.71,Bengaluru,,Rejected,20-04-2019,04/28/2025,4353881.57,8058.54,,,,,381140.87,
POL102460,H1619,,84,healthh,53050.2,,Chennai,user73@yahoo.com,,19-01-2016,29-01-2019,217979.79,4152.15,BEN909,,,,,
POL104059,H1106,  raj,,Home,,290381.27,Bengaluru,raj94@ins.com,Approved,,13-06-2023,-7267.16,5394.57,,,,03/31/2020,182674.72,
POL101560,H1944,kumar,27,Motor,46712.05,502146.87,Bengaluru,kumar71@gmail.com,Not Filed,26-01-2016,"Jun 23, 2024",,12033.03,,,,"Nov 18, 2019",243873.82,45.61
POL104110,H1532,,58,Home,17784.05,,Delhi,user69@yahoo.com,Rejected,09-11-2020,,-2441.42,7329.06,BEN509,Expired,Valid,12-01-2018,,
POL104610,H1244, JOHN,77,,14994.28,793228.97,  chennai ,john40@gmail.com,Rejected,08/18/2020,30-03-2017,,2996.63,BEN924,,Invalid,04/13/2021,227075.73,29.16
POL100098,H1984,arun,31,Life,89780.1,327510.73,,arun18@yahoo.com,Not Filed,09-06-2021,,,3208.98,,Renewed,,05/26/2016,,
POL103696,H1034, JOHN,67,Health,,,  chennai ,john50@gmail.com,,08-05-2019,,1746435.22,10614.75,,,Valid,02-07-2018,,14.56
POL101430,H1746,kumar,,Health,38741.32,360220.9,Mumbai,,Pending,,,4999654.42,13268.36,,Lapsed,,25-04-2016,,
POL101250,H1395,arun,129,Life,85178.31,260332.63,,arun86@ins.com,Not Filed,12-07-2021,04-04-2017,-7559.13,4457.29,BEN142,Renewed,Invalid,"Jul 04, 2025",,
POL102692,H1480,,124,Motor,,416189.74,,user59@yahoo.com,,04/17/2022,04-01-2024,,8824.12,,,,06/20/2020,,67.2
POL101887,H1195, JOHN,88,Health,153615.28,453265.81,  chennai ,john33@gmail.com,,,,,-1900.48,,Expired,,30-09-2024,,24.69
POL104616,H1979,,4,,,131270.4,,user68@gmail.com,Pending,04-10-2016,11/23/2023,3152129.08,6290.15,,,,,325663.32,20.48
POL104598,H1095, JOHN,26,lifee,111916.56,507178.94,Bengaluru,,Approved,"Jan 20, 2023",18-02-2025,-8664.18,8417.84,,Lapsed,,"Jul 07, 2020",,44.85
POL103551,H1032,arun,85,Life,46204.26,,Mumbai,arun36@ins.com,Rejected,11-08-2022,28-09-2018,-5736.64,3400.47,,Lapsed,Valid,06-09-2016,,17.69
POL103651,H1791, JOHN,,healthh,177340.25,746284.34,  chennai ,john41@ins.com,Rejected,"Aug 20, 2022","Jun 14, 2016",,13763.78,,Renewed,,04/22/2020,,
POL102060,H1119,,75,Life,,,Bengaluru,user70@ins.com,,,07-02-2019,,18961.06,,,Valid,11-03-2016,,97.64
POL100294,H1284,Priya ,27,Home,,317047.8,,priya69@ins.com,Approved,04/28/2021,02-11-2022,-4363.58,16051.18,BEN719,Renewed,Invalid,01-10-2016,396979.6,
POL102769,H1356, JOHN,41,Health,,124703.3,Hyderabad,john41@yahoo.com,,"Jun 08, 2024",,4078379.98,13644.8,BEN846,Expired,Invalid,08/27/2024,230890.94,
POL104781,H1581,kumar,72,Health,48767.69,,  chennai ,kumar64@gmail.com,,21-10-2022,04-08-2019,464633.53,392.39,,Renewed,Invalid,08/19/2022,89258.33,63.97
POL102353,H1188,  raj,71,Life,63908.72,35167.07,  chennai ,raj59@ins.com,Approved,05-10-2023,12-05-2023,,11018.98,BEN862,Active,,10-11-2019,21993.01,
POL103253,H1428, JOHN,12,Health,,263300.65,Bengaluru,john52@ins.com,,,09/27/2018,1785423.48,13027.65,BEN422,Lapsed,Invalid,"Apr 02, 2021",,
POL100159,H1464,arun,66,Motor,176001.14,119393.28,Chennai,arun50@ins.com,,"Jan 03, 2023",,812950.99,12099.89,BEN213,,Valid,25-05-2023,,
POL101236,H1225,kumar,36,,77547.31,175149.98,Bengaluru,kumar13@yahoo.com,,21-11-2024,06/14/2018,2057877.74,15721.63,BEN959,,,"May 09, 2022",191326.48,26.06
POL104826,H1131,Priya ,18,Motor,,160314.99,,priya19@yahoo.com,Pending,22-11-2022,"Oct 31, 2023",,3405.05,,Active,Valid,,,93.84
POL100909,H1586,  raj,65,Home,,536108.38,Hyderabad,raj87@ins.com,,09-05-2019,,2405550.23,5711.11,,,Valid,"Sep 19, 2016",7496.82,30.3
POL102431,H1929,Priya ,25,Health,,369058.77,  chennai ,priya44@ins.com,Rejected,20-05-2017,"Feb 25, 2017",1291466.5,13687.07,BEN685,Lapsed,,04/14/2025,,
POL101557,H1575,  raj,67,Motor,,165580.69,Mumbai,raj9@gmail.com,,,31-01-2023,1393525.86,2943.62,,,,04-10-2016,219645.99,
POL100320,H1874,arun,,Health,47114.63,,Mumbai,arun51@gmail.com,Pending,"Apr 25, 2024",02-01-2018,-6575.76,8698.49,,Renewed,Valid,01/22/2021,,
POL103808,H1336,Meena,55,Home,38728.68,116790.81,Delhi,meena90@ins.com,,01-05-2021,01-08-2019,,6333.26,BEN200,,,,298246.31,51.99
POL100014,H1215,kumar,,,51361.81,42397.77,,kumar97@ins.com,,07-08-2016,24-03-2024,,3386.54,,Active,,"Jun 27, 2023",,71.83
POL104582,H1025,arun,,healthh,140918.44,346301.77,  chennai ,arun32@ins.com,,"Jun 23, 2024",05-11-2020,,19713.94,,Renewed,Invalid,11/21/2018,,86.18
POL103464,H1510,Priya ,125,,15118.34,169643.58,,priya25@yahoo.com,Approved,25-08-2021,12/18/2019,2051677.6,11859.79,,Renewed,,07-08-2021,178893.85,
POL101446,H1541,  raj,59,lifee,24988.43,694564.34,Delhi,raj98@ins.com,,,10-08-2021,,15805.07,BEN889,Lapsed,Invalid,06-02-2024,388303.43,
POL103475,H1437,kumar,55,,68174.36,459680.21,Chennai,kumar46@yahoo.com,Not Filed,"Feb 18, 2019",,,17575.29,,Lapsed,,27-11-2024,63211.14,46.57
POL100887,H1297,  raj,62,lifee,,,  chennai ,raj56@ins.com,,09-11-2019,10-04-2019,-9710.97,14210.98,BEN171,,Invalid,10/31/2019,233965.72,
POL101692,H1584,Priya ,,,-4786.57,,,priya21@yahoo.com,Rejected,03/18/2016,11/13/2023,956040.75,18877.97,,Active,Invalid,,,42
POL103699,H1474,arun,,Travel,11580.02,36064.2,Bengaluru,arun8@yahoo.com,Not Filed,09-09-2022,07-11-2020,2520585.97,1582.29,,Renewed,Invalid,,213675.85,
POL104662,H1874,,,Motor,81049.49,253601.78,Mumbai,user32@gmail.com,Pending,22-08-2019,,-9343.96,15119.45,BEN652,Active,,,,20.98
POL101719,H1793,Priya ,,Life,46966.42,363237.09,Chennai,priya67@yahoo.com,Approved,"Jan 12, 2019",,1589123.02,13697.41,,Active,Valid,"Aug 02, 2016",371220.7,72.35
POL104947,H1328,Priya ,32,Life,,440819.41,Hyderabad,priya71@ins.com,,19-11-2022,,-6075.72,18936.94,,Lapsed,,"Apr 17, 2024",,31.24
POL100651,H1650,arun,,,16474.74,,Mumbai,arun21@ins.com,Pending,,07-09-2020,-4594.36,14083.98,,Expired,,,,52.84
POL104349,H1182,Priya ,20,Life,42226.92,,Mumbai,priya54@ins.com,Rejected,25-11-2022,11-02-2021,1160954.12,7666.03,,Renewed,,06-07-2017,,
POL100918,H1084,arun,,Home,75834.46,132052.97,Delhi,arun28@ins.com,Rejected,10-08-2019,03/29/2021,-9235.89,146.23,,,,29-12-2018,85531.67,
POL100882,H1820,kumar,26,Motor,98043.6,269458.65,Bengaluru,kumar49@gmail.com,,14-09-2024,"Nov 28, 2018",-7506.32,4325.49,,Renewed,Valid,"Feb 04, 2024",78344.94,
POL100291,H1977,Priya ,,healthh,51419.29,,Bengaluru,priya29@ins.com,,,,,15475.56,,Renewed,,02-06-2025,,
POL100233,H1897, JOHN,,healthh,177997.72,75632.37,,john20@ins.com,Pending,16-03-2016,21-09-2016,2377725.28,7601.46,BEN606,Renewed,,,194079.81,
POL102789,H1109,Priya ,23,,,6756.78,Mumbai,priya18@yahoo.com,,07-06-2018,,-7361.74,8809.7,,Lapsed,Valid,09-03-2019,,
POL103437,H1839,,,lifee,,,  chennai ,user98@ins.com,Pending,17-06-2025,30-06-2023,-9604.72,17061.74,,,Invalid,"May 31, 2020",177829.8,
POL103481,H1674,arun,119,,,,Hyderabad,arun9@gmail.com,,12/24/2022,"Sep 03, 2021",,1971.93,,Lapsed,,02-12-2024,,
POL101994,H1358,kumar,10,Motor,64027.55,328198.33,Hyderabad,,Not Filed,15-05-2019,08-04-2023,-386.29,4752.33,BEN982,Expired,,03-06-2018,362484.06,
POL101304,H1137,Priya ,54,healthh,,700809.81,Delhi,priya86@yahoo.com,Approved,,"Mar 05, 2023",,14065.19,,Renewed,Valid,,196034.7,76.39
POL103391,H1940, JOHN,32,Motor,7755.01,124298.19,Mumbai,john52@ins.com,Not Filed,"Apr 13, 2018",22-01-2022,-2769.44,12090.18,,Active,,21-03-2021,,38.2
POL102271,H1510,Priya ,7,,23807.52,434004.08,,priya93@yahoo.com,Rejected,17-01-2016,22-12-2018,309394.77,1237.42,BEN713,,Valid,09-09-2016,,64.01
POL103131,H1052,,,,,122985.68,Bengaluru,user63@yahoo.com,,18-09-2021,30-04-2025,2194415.34,-790.19,BEN859,Expired,Valid,10-01-2017,352615.65,
POL102025,H1482,Meena,,Health,14913.99,398523.23,,meena33@yahoo.com,Pending,04-04-2018,,1318225.67,19617.38,,,Valid,23-11-2021,,43.67
POL103394,H1094,  raj,109,Health,42159.15,36431.59,Chennai,raj89@yahoo.com,Pending,29-03-2025,20-11-2023,,11132.42,,,Valid,31-12-2019,,32.06
POL101485,H1024,,36,Travel,,100216.28,  chennai ,user61@ins.com,Approved,"Dec 14, 2020",02-09-2024,3964102.6,19106.6,,Renewed,Invalid,30-05-2022,,3.94
POL102976,H1026,kumar,83,Health,,,,kumar93@ins.com,Pending,"Feb 08, 2025",04-03-2017,,8346.87,,,,03-09-2017,279046.49,58.38
POL104660,H1541,  raj,78,Home,71796.7,,Hyderabad,raj86@gmail.com,Not Filed,,18-01-2024,,15751.23,BEN924,Expired,,,283564.82,75.85
POL100525,H1618,arun,85,Home,,,Hyderabad,arun25@ins.com,,19-07-2023,23-04-2021,,3283.13,,Lapsed,,15-01-2018,,69.54
POL101080,H1210,  raj,41,healthh,40926.94,433741.88,Hyderabad,raj97@yahoo.com,Rejected,,"Dec 16, 2021",1042309.46,19698.82,,Lapsed,Invalid,14-03-2021,397143.75,27.38
POL103443,H1221,arun,128,Home,,413217.75,Hyderabad,arun85@gmail.com,Rejected,05/25/2016,"Dec 03, 2020",-8098.62,3396.87,,,Valid,"May 30, 2017",195810.65,49.39
POL102447,H1186, JOHN,-2,Motor,,624615.04,Delhi,john3@yahoo.com,,25-03-2019,"May 22, 2017",,18503.46,,Lapsed,Valid,"Dec 07, 2019",385111.08,31.13
POL104788,H1901,kumar,65,,,,Hyderabad,kumar10@gmail.com,Approved,,31-12-2017,-3210.96,2736.18,,Active,Valid,07-04-2018,,
POL100673,H1331,  raj,60,Home,78966.92,18736.71,Hyderabad,raj28@ins.com,Rejected,10-02-2019,"Jun 10, 2019",-5777.79,17191.97,,Lapsed,,"Aug 26, 2021",,
POL100480,H1003,Priya ,73,healthh,,,,priya97@gmail.com,Approved,,05/25/2018,1065387.39,15370.93,,Lapsed,Valid,"Feb 01, 2018",203023.73,
POL102154,H1523, JOHN,57,Life,,,Hyderabad,john61@ins.com,Not Filed,12/25/2021,10-12-2016,429204.57,3929.35,,Renewed,Invalid,"Nov 25, 2024",334651.54,
POL103787,H1292,kumar,,Life,197599.78,,Bengaluru,kumar88@ins.com,Approved,,04-05-2020,,12287.83,,,,05/15/2024,320650.91,5.82
POL100251,H1126,  raj,42,Life,191245.03,9332.04,Hyderabad,raj@gmail,Pending,20-03-2020,,-1930.79,5049.49,BEN703,Renewed,Valid,11-10-2024,174806.97,2.41
POL100390,H1445,arun,67,Motor,82270.82,538594.71,Bengaluru,arun67@ins.com,Not Filed,16-08-2016,02-08-2023,3446024.82,15678.11,BEN112,Lapsed,Invalid,,202788.17,1.16
POL101467,H1620, JOHN,34,Motor,50618.51,170587.95,Bengaluru,john75@ins.com,Pending,08-02-2024,,,18296.79,,,,08/20/2020,,37.71
POL104665,H1882, JOHN,,Travel,95087.06,85323.03,Delhi,john91@ins.com,,,"May 02, 2021",1430301.21,18817.32,,Active,,,,96.04
POL103287,H1145, JOHN,,Health,69420.72,163924.94,Chennai,john82@ins.com,Not Filed,,08-08-2020,,17845.96,,Active,,18-08-2021,169997.09,50.37
POL101984,H1289,,,Life,,,Bengaluru,user54@gmail.com,Pending,"Oct 22, 2022",,,2723.12,BEN929,Renewed,Invalid,"Jul 30, 2018",79780.1,
POL101933,H1484,  raj,19,,64684.24,,Mumbai,raj87@ins.com,,02-08-2020,"Oct 25, 2016",1588420.22,10879.06,,,,14-08-2018,,94
POL102104,H1569,,65,lifee,,266588.67,,user29@yahoo.com,Not Filed,22-05-2021,08/14/2016,4329353.53,2235.5,,,Valid,26-10-2019,98366.24,
POL101205,H1910,Meena,55,lifee,,503580.05,Mumbai,meena49@ins.com,,31-08-2022,01-03-2024,,19531.45,,Renewed,Invalid,09/15/2016,264251.01,17.8
POL103138,H1390,Priya ,76,Health,38556.4,109078.6,  chennai ,priya31@gmail.com,,,"Sep 29, 2022",,5611.66,BEN851,Active,,01/23/2023,320400.1,8.83
POL102394,H1987,arun,64,Travel,19428.19,326329.5,Delhi,arun51@ins.com,Rejected,03-01-2024,"Dec 02, 2018",4735107.8,6579.69,,,Invalid,08-03-2022,311610.12,
POL104247,H1446,Meena,130,healthh,71317.6,412308.47,Hyderabad,meena44@yahoo.com,,20-02-2025,"Jul 17, 2021",4927701.45,-1356.13,,Lapsed,Valid,01-02-2023,,76.47
POL104862,H1628,  raj,25,Health,,143578.34,  chennai ,raj5@ins.com,,"Jul 19, 2023",12-08-2022,-4594.11,-573.76,,Lapsed,,,,83.98
POL100827,H1115,arun,30,Life,72144.12,,Bengaluru,arun70@ins.com,Pending,06-06-2024,"Jul 26, 2021",4253120.7,-1495.3,,Expired,,"Sep 26, 2019",,69.73
POL100524,H1027,,,healthh,13226.75,6560.1,Bengaluru,user64@gmail.com,,05/28/2017,,642519.68,18166.79,,Expired,,11-02-2023,243897.05,
POL101265,H1712, JOHN,80,,141218.75,,Chennai,john52@gmail.com,Approved,"Sep 06, 2018",29-01-2022,2204275.54,3615.92,BEN827,Lapsed,,21-04-2025,1911.18,3.62
POL102069,H1895,Meena,10,healthh,,567785.46,Chennai,meena71@yahoo.com,Rejected,26-07-2024,13-09-2019,,7995.41,,Expired,Invalid,07/26/2021,90048.54,
POL100405,H1119,kumar,16,Health,106185.61,236468.57,  chennai ,kumar57@yahoo.com,Pending,,,3789938.09,14600.33,,Renewed,Invalid,05/18/2016,202917.19,95.14
POL104353,H1461, JOHN,,Life,,39301.98,Bengaluru,john37@ins.com,Rejected,25-05-2021,"Apr 24, 2022",,1339.04,,Expired,Valid,,,40
POL104921,H1304,Meena,20,Home,177294.53,,  chennai ,meena60@gmail.com,,01-08-2025,09-07-2024,4310807.24,11885.83,,,Invalid,,345196,27.21
POL102436,H1620,  raj,58,Life,54997.48,,Delhi,raj@gmail,Approved,"Mar 31, 2025","Jan 11, 2018",-7951.12,944.35,,Active,Valid,03-07-2021,119978.19,33.95
POL103766,H1866,Priya ,10,Travel,67992.62,54018.1,  chennai ,priya68@yahoo.com,,15-04-2022,18-01-2018,,11953.61,,,,03/15/2018,,29.27
POL104281,H1278,arun,110,,36229.9,486674.75,Chennai,arun15@ins.com,,"Mar 03, 2020",07-10-2024,,11257.82,BEN707,Expired,,01-12-2016,,
POL104569,H1835,,,lifee,,638954.73,,user14@gmail.com,Rejected,"Jan 19, 2020","Aug 08, 2024",-8132.14,11025.94,BEN528,Expired,,11/25/2023,,
POL102900,H1585,arun,36,,,407191.14,,arun82@yahoo.com,,,25-01-2016,,2040.74,BEN817,Active,,22-04-2018,310077.4,
POL102388,H1044, JOHN,37,healthh,39050.63,278747.38,Delhi,john39@gmail.com,Approved,02-07-2020,,4656541.32,9901.39,,Expired,,08-10-2024,,
POL104667,H1716,arun,6,lifee,,481764.73,Hyderabad,arun6@ins.com,Approved,20-06-2018,06-09-2018,,7576.42,,Active,Invalid,19-04-2020,,
POL104460,H1711,,,lifee,,179911.85,Bengaluru,user@gmail,Rejected,08/20/2023,08/23/2024,,12061.04,,Lapsed,,25-06-2022,293625.51,72.05
POL103901,H1271,  raj,62,Life,37348.42,371482.15,,raj@gmail,Rejected,"Apr 03, 2023",04-07-2020,377118.23,13297.73,,Active,,,295808.54,67.11
POL101858,H1790, JOHN,40,lifee,,245809.1,  chennai ,john68@ins.com,Not Filed,06/20/2025,22-12-2024,,6803.47,,,Invalid,01-02-2023,255623.81,48.75
POL103008,H1052,,83,Life,,,Delhi,,Not Filed,,12/30/2016,3706327.94,18954.57,BEN257,Renewed,,25-03-2025,,
POL104659,H1879,  raj,37,Home,,,Mumbai,raj38@yahoo.com,Approved,,02-06-2025,-221.67,17359.56,BEN285,Renewed,,06-03-2021,62739.08,54.97
POL101350,H1250,kumar,47,Home,135461.67,,  chennai ,kumar81@yahoo.com,Pending,01-04-2022,"Jan 30, 2021",,17340.62,,Lapsed,Invalid,05-04-2025,,39.12
POL104425,H1104,kumar,22,Health,32022.44,505530.32,Chennai,kumar13@gmail.com,Not Filed,31-01-2018,,-8844.44,5550.98,,Active,,,,61.82
POL100512,H1221,,100,Health,23318.26,218524.32,Delhi,user22@ins.com,,23-01-2025,,,16090.91,,Active,Invalid,11-03-2023,,13.26
POL100662,H1056, JOHN,85,Life,69470.93,355830.67,Mumbai,john46@ins.com,Rejected,"Dec 28, 2016",,3672410.68,466.97,,Active,,,120112.1,19.94
POL104441,H1595,arun,,healthh,78606.12,311698.34,Chennai,arun32@gmail.com,,04/13/2019,"Jun 30, 2022",,11457.4,,Expired,Invalid,07-03-2021,,
POL101603,H1190,  raj,34,Health,161067.14,256606.98,,raj4@ins.com,Rejected,"Oct 04, 2022",22-10-2021,,12555.98,,,Invalid,,,23.52
POL101676,H1059,Priya ,,healthh,82675.07,,Hyderabad,priya55@ins.com,Approved,"Dec 09, 2024",,-6275.48,2602.07,,Renewed,,02-09-2024,259403.74,6.41
POL104978,H1333, JOHN,,Home,-119.54,,Mumbai,john60@gmail.com,Not Filed,03/13/2018,26-01-2023,,11741.53,,Renewed,Invalid,07-06-2022,213396.25,
POL100024,H1241,kumar,,Life,,45010.09,Mumbai,kumar91@gmail.com,,17-11-2018,07-01-2020,,8520,,,,"Sep 25, 2019",280776.29,
POL101950,H1833,arun,45,Travel,,336773.95,Delhi,,,17-01-2017,19-01-2016,,8014.05,,,,"Jun 23, 2023",177761.83,
POL100719,H1260,  raj,32,Motor,145870.52,,Bengaluru,raj74@ins.com,Pending,26-02-2025,13-06-2019,2965112.96,5794.38,,Active,Invalid,02/18/2021,186907.98,96
POL102420,H1490,kumar,38,Home,75223.81,250342.76,Chennai,kumar99@gmail.com,,,"Nov 08, 2016",-8513.45,13655.08,,,Valid,21-06-2017,,
POL102691,H1981,Priya ,41,Motor,,200714.63,Hyderabad,,,02-01-2020,"Jun 05, 2016",2351446.75,1474.97,,,,16-12-2019,45273.5,
POL104330,H1397,,,Home,,,Delhi,user88@gmail.com,,,10-08-2018,,-906.49,,,Valid,08-06-2019,,64.4
POL103355,H1106,arun,,lifee,57824.64,,Hyderabad,arun21@yahoo.com,Not Filed,18-02-2023,"Sep 28, 2021",,470.63,,Expired,Invalid,08-11-2017,80405.62,66.99
POL100645,H1250,kumar,34,Home,,37998.89,Delhi,kumar@gmail,,,02-09-2016,,2906.78,BEN651,Active,,,,
POL102347,H1462, JOHN,128,lifee,24999.64,,Hyderabad,john52@yahoo.com,,,"Feb 12, 2024",,9714.6,BEN419,,,23-04-2023,180189.98,
POL101666,H1659,Meena,62,Life,,106352.65,Delhi,meena58@yahoo.com,Not Filed,04-03-2024,,,6418.26,BEN302,Renewed,,"Sep 10, 2021",,
POL101138,H1595, JOHN,1,Health,2361.89,331072.79,,john@gmail,Approved,06-10-2018,26-02-2024,-6954.48,3562.2,BEN657,Renewed,Valid,02-10-2017,207118.34,6.27
POL100541,H1557,kumar,,Travel,,16105.4,Bengaluru,kumar9@yahoo.com,,"Sep 07, 2021","Sep 15, 2024",-5075.29,1298.18,,Renewed,,11-04-2023,,
POL101313,H1230,,45,Travel,,162603.72,,user@gmail,,30-05-2018,28-04-2019,1779917.28,17165.92,BEN783,Lapsed,,,252268.84,
POL104296,H1708,Meena,56,lifee,47323.18,549899.22,  chennai ,meena59@gmail.com,,01-10-2016,08-11-2020,2789452.39,4848.46,,Renewed,Valid,06/18/2024,,
POL101963,H1513, JOHN,51,lifee,85652.39,617755.59,Hyderabad,,Pending,,,-4719.07,10727.35,,,,05-07-2025,337944.23,3.88
POL102361,H1905, JOHN,48,Home,30099.76,,Delhi,john45@ins.com,,,"Sep 22, 2019",-4173.62,924.4,BEN134,Lapsed,Invalid,,67167.61,
POL100306,H1163,Meena,19,,98282.64,110168.16,Delhi,meena6@yahoo.com,Pending,06/23/2021,19-07-2023,3216095.95,18399.46,BEN376,,Invalid,26-07-2020,,64.86
POL104722,H1038,  raj,31,Travel,84951.27,375930.52,,raj95@gmail.com,Rejected,04/16/2019,"Jan 10, 2021",1894511.39,11271.04,,Active,,09-03-2021,263357.19,8.09
POL100129,H1396,kumar,75,Home,36632.88,455743.19,,kumar70@yahoo.com,,16-09-2021,27-03-2022,-8225.74,-361.68,,,Valid,"May 29, 2025",16253.69,
POL100395,H1230,arun,78,Home,144273.61,468270.9,Hyderabad,arun2@gmail.com,Rejected,12/26/2022,07/14/2021,-8482.21,8977.44,,Expired,,08-04-2018,,63.14
POL100101,H1946,Meena,,Life,73459.53,167846.47,Bengaluru,meena@gmail,,,21-07-2020,-5011.08,8538.68,,Renewed,Invalid,"Feb 11, 2023",,
POL101929,H1083,Meena,64,lifee,43421.38,75999.63,,,,,,-9369.9,12403.86,,Expired,,21-04-2021,,
POL104422,H1744, JOHN,35,Health,62719.08,,,john73@ins.com,,,03/27/2016,,2398.76,,Expired,Invalid,,,49.97
POL104287,H1570, JOHN,126,Home,,,Mumbai,john77@ins.com,,11-12-2020,02-11-2017,,8458.92,,Expired,Valid,03-08-2020,,21.69
POL100722,H1851,  raj,108,healthh,76692.89,26307.71,Delhi,raj62@gmail.com,,10-10-2018,23-12-2022,,14221.12,,Expired,Invalid,04/26/2016,,13.45
POL103221,H1206, JOHN,42,,65741.13,358710.52,  chennai ,john97@gmail.com,Not Filed,"Feb 14, 2023",12-01-2018,-2344.66,8222.52,,Active,,06-11-2017,,62.75
POL103763,H1884,Meena,,Home,,25586.61,Hyderabad,meena56@gmail.com,Rejected,"Nov 06, 2022","Jul 31, 2022",,6166.23,BEN157,Active,,03-08-2016,,
POL100307,H1969,  raj,,Home,,658265.09,Mumbai,raj@gmail,,,19-09-2023,-3118.85,3661.59,,,Invalid,"Dec 31, 2019",88255.62,20.39
POL104591,H1478,Meena,62,Life,,,Hyderabad,,Rejected,,05/24/2016,4082262.28,9182.69,,Renewed,,,181394.81,
POL103080,H1195, JOHN,,,9209.64,359893.96,  chennai ,john78@ins.com,Approved,04/17/2019,02-07-2023,3841489.94,1734.09,,Lapsed,,16-08-2017,227751.07,20.52
POL100384,H1477,Meena,17,Health,,,  chennai ,meena@gmail,,06-02-2023,"May 13, 2022",,4771.21,,Expired,Invalid,09/29/2020,21334.12,
POL102558,H1973,Meena,58,Home,94483.83,25635.3,,meena67@ins.com,Not Filed,01-09-2016,11/26/2021,4679451.26,4864.78,,Renewed,Invalid,24-01-2023,,99.76
POL102700,H1089,Meena,128,Travel,,,Delhi,meena80@yahoo.com,Approved,"Jan 27, 2020",12-03-2018,-8549.34,3246.35,,Expired,Valid,10-06-2020,320593.83,
POL100582,H1668, JOHN,,Motor,,,,john69@yahoo.com,,"Jan 17, 2019",,3680527.17,7644.54,,Expired,Invalid,05-03-2017,,
POL104493,H1747,,60,Health,51179.79,450901.36,Hyderabad,user14@yahoo.com,,31-07-2019,23-05-2025,-7825.3,859.32,,,Invalid,25-08-2022,193323.05,
POL102443,H1113,Meena,73,Life,84354.19,53904.23,Hyderabad,meena74@ins.com,Pending,14-02-2022,"Oct 17, 2016",775883.31,-598.07,BEN423,Active,,"Jul 08, 2018",,
POL103642,H1960,Meena,77,lifee,80235.54,359509.75,Bengaluru,meena3@ins.com,,,26-01-2017,,10830.78,BEN123,Expired,,"Apr 12, 2024",101487.21,
POL102580,H1508,  raj,8,Travel,109810.97,458976.35,Chennai,raj12@ins.com,,25-04-2017,25-02-2024,-5121.72,5159.54,,Renewed,,,155980.08,95.05
POL102810,H1722,arun,36,Home,45524.63,62111.36,,arun17@ins.com,Not Filed,07/20/2021,"Mar 20, 2023",,9342.93,,,,"Jun 25, 2016",186356.22,15.14
POL100161,H1221,Meena,30,Travel,19351.31,,Hyderabad,meena14@yahoo.com,,03-12-2019,"Jan 20, 2019",,1669.81,,Renewed,,18-05-2025,213560.19,93.35
POL101334,H1980,arun,,Motor,143280.36,559883.64,Delhi,arun10@yahoo.com,Pending,"Dec 07, 2023",08-08-2020,-5300.37,3801.35,BEN687,,,"Sep 09, 2019",238844.49,90.47
POL104820,H1293,  raj,42,Health,57161.07,699263.56,Hyderabad,raj21@gmail.com,Pending,"Nov 06, 2016",19-09-2018,,1496.96,BEN720,,Invalid,05-06-2022,281428.36,
POL100936,H1505,Priya ,,Life,82380.16,,Mumbai,priya35@yahoo.com,,,01-06-2023,-9002.77,8126.67,,Active,Valid,,172914.19,
POL101366,H1710,Priya ,,Life,99096.42,231073.78,Chennai,priya76@gmail.com,Approved,09-11-2017,15-03-2025,,10383.41,BEN867,Lapsed,,"Oct 23, 2022",271990.46,15.42
POL104910,H1348,,116,Health,28723.81,287084,Bengaluru,,,"Feb 24, 2023",14-05-2020,,7874.85,,Expired,Valid,"Feb 06, 2023",283032.46,88.69
POL103121,H1500,arun,98,lifee,51789.16,473605.68,Delhi,arun@gmail,Not Filed,17-07-2021,,-4415.44,18358.02,,Renewed,Valid,,,
POL104022,H1773,kumar,61,Health,137757.12,13130.98,Delhi,kumar22@gmail.com,Pending,09-03-2024,10-04-2019,134643.09,10022.47,,Expired,Valid,"Apr 08, 2017",153167.93,
POL101949,H1528,Priya ,71,Health,,1832.68,Chennai,priya23@yahoo.com,Rejected,03-08-2016,"May 15, 2020",2193964.86,5166.54,,Lapsed,,"Apr 13, 2020",,84.93
POL103873,H1048, JOHN,77,Travel,59389.26,,Mumbai,,Not Filed,04/22/2023,10-09-2017,-6593.19,968.73,,,Valid,"Jun 02, 2025",,
POL101159,H1197, JOHN,57,lifee,,545912.9,Hyderabad,john4@yahoo.com,Pending,"Jun 14, 2018",,,8385.51,BEN276,,,29-08-2019,,52.24
POL103989,H1358,  raj,68,Travel,13189.9,,,raj53@gmail.com,,12-05-2016,"Oct 31, 2021",,3789.8,,,,,151162.21,83.73
POL101591,H1988,Priya ,,,27341.05,,,priya88@yahoo.com,Not Filed,,11/14/2019,,18377.88,BEN830,Renewed,Valid,"Jul 07, 2019",289584.87,32.49
POL102701,H1291,,,Home,,528075.68,,user46@gmail.com,Rejected,,31-12-2023,,17056.15,BEN883,,,04/16/2017,,
POL102744,H1263,Priya ,59,Motor,28392.83,1037.4,Bengaluru,priya49@gmail.com,Approved,22-03-2023,"Nov 05, 2018",-3294.41,17527.13,,,,,,40.54
POL101880,H1040,Meena,61,Travel,58972.71,,Mumbai,meena40@ins.com,Approved,09/13/2020,"Jul 24, 2016",,18098.32,,Renewed,Invalid,"Jan 29, 2021",,53.98
POL103636,H1932,arun,64,lifee,76466.47,103881.96,Hyderabad,arun85@gmail.com,,"Dec 28, 2016","Nov 09, 2023",,16406.78,,Active,,13-11-2019,,33.45
POL102529,H1736,,,Health,84869.75,280149.73,Hyderabad,user21@ins.com,Rejected,,"Feb 17, 2023",,10244.3,,Lapsed,Valid,12/22/2019,,89.38
POL102081,H1893,  raj,21,lifee,,,,raj65@yahoo.com,Approved,"Jun 01, 2023",05-07-2020,1413765.28,5249.12,,,,"May 09, 2020",58354.01,83.46
POL103182,H1248,arun,121,Health,68916.95,,Chennai,arun49@ins.com,,"Aug 03, 2017","Sep 25, 2023",,11848.8,,,Invalid,,76630.29,67.95
POL104143,H1489, JOHN,40,,,4749.98,,john2@ins.com,Not Filed,07/28/2021,"Aug 31, 2018",-2060.87,1316.86,BEN474,,,10-01-2017,,33.27
POL104125,H1497,  raj,,Life,99601.07,297258.94,,raj@gmail,Approved,25-05-2019,06/29/2018,,8133.37,,Active,,10/22/2018,5891.2,
POL103053,H1284,  raj,30,Motor,,142728.57,Hyderabad,raj76@yahoo.com,Pending,07-10-2022,03-04-2017,,13589.77,BEN716,Lapsed,,21-06-2025,,
POL103225,H1834,kumar,110,,,,  chennai ,kumar85@gmail.com,,,29-07-2025,,6967.96,BEN924,Renewed,Invalid,08-05-2018,,
POL104597,H1929,Meena,47,,,,Bengaluru,meena8@ins.com,,20-09-2021,01/21/2019,,17409.35,,Lapsed,,"Oct 16, 2020",,62.2
POL101846,H1178,  raj,49,Home,172967.6,,,raj21@gmail.com,Rejected,03-08-2018,09-10-2019,-208.52,16796.17,BEN154,,,02-03-2020,354614.53,
POL104847,H1061,  raj,62,Travel,64001.85,636907.73,Bengaluru,raj48@ins.com,,"Oct 05, 2021",24-07-2019,1035637.28,5659.16,BEN575,Renewed,,,135217.64,41.15
POL101268,H1571, JOHN,44,Health,92874.47,,Delhi,john6@gmail.com,Approved,11-03-2020,25-02-2018,2074593.37,8226.66,,Active,,09-03-2024,396245.05,57.57
POL103230,H1683,Priya ,83,,34345.33,,,priya93@gmail.com,Rejected,,10/22/2018,4679481.21,-717.8,,Expired,,"Mar 01, 2022",392634.07,64
POL104528,H1659,Meena,56,Life,,261999.98,,meena66@yahoo.com,,,11-02-2022,-596.61,15765.46,BEN299,,Invalid,04-04-2016,,
POL102301,H1563,kumar,54,Motor,29429.9,,Hyderabad,kumar65@ins.com,,03/21/2023,07-01-2021,4122098.04,14863.9,,Expired,Invalid,,239767.28,80.76
POL100996,H1264,kumar,64,lifee,23157.61,323723.26,  chennai ,kumar@gmail,Not Filed,08-06-2021,"Dec 05, 2022",820375.9,1891.45,BEN572,Renewed,,01-10-2023,187709.43,
POL100044,H1038,arun,89,Health,121076.72,477115.74,Chennai,arun84@ins.com,Rejected,,"May 23, 2024",2531768.14,277.04,,,Valid,,,24.77
POL102739,H1979,Priya ,-2,Home,,,Hyderabad,,Not Filed,08-08-2017,,1737671.72,1068.22,,,Invalid,"Jan 27, 2022",93761.14,5.41
POL104462,H1824,Meena,19,lifee,28178.01,419801.25,Delhi,meena53@ins.com,Not Filed,12-04-2025,12/31/2020,1109682.02,9290.97,,,Valid,06/27/2019,282605.63,
POL103838,H1675,Priya ,21,Life,78953.85,499898.42,,priya45@ins.com,,"Jun 19, 2021","Nov 26, 2019",1593460.88,4017.96,BEN803,Active,,13-09-2023,343247.54,
POL100260,H1770,kumar,,healthh,43096.52,169808.24,  chennai ,,,02/24/2021,,-8973.1,13692.59,BEN707,,Invalid,,102514.44,48.14
POL102860,H1731,,,Life,166961,119311.03,Hyderabad,user@gmail,Rejected,,"Jun 30, 2017",-2568.26,7848.11,,,Valid,22-09-2017,,24.48
POL102783,H1646,  raj,,lifee,66462.94,,Bengaluru,raj87@ins.com,Approved,,"Feb 01, 2022",-2830.04,8326.4,BEN516,Renewed,Valid,02-03-2017,240053.95,76.96
POL103096,H1057,  raj,118,Health,67385.79,725342.05,,raj62@ins.com,Rejected,07-02-2022,"Nov 13, 2016",2969726.78,17180.78,,,,10/27/2023,,
POL104652,H1373, JOHN,,lifee,193584.7,488633.22,Chennai,john@gmail,Pending,,"Mar 19, 2024",1254548.53,-885.67,,Renewed,Invalid,07/27/2020,,
POL102623,H1090,arun,22,Motor,22590.38,137486.66,Delhi,arun23@yahoo.com,Approved,08-02-2022,06-05-2022,4971244.82,17307.76,,Lapsed,,"Mar 11, 2024",,
POL104668,H1466,  raj,24,Motor,188957.53,332720.55,Hyderabad,raj44@ins.com,,12/29/2020,"Aug 27, 2021",-7006.52,15701.72,,Active,Valid,,11774.98,56.01
POL104987,H1381, JOHN,76,Home,106995.33,158570.52,Delhi,john21@ins.com,Pending,21-05-2020,,,7861.44,,Expired,Invalid,"Sep 23, 2017",142986.97,51.09
POL103326,H1766,  raj,55,Motor,17982.76,712398.22,Delhi,raj26@yahoo.com,,21-03-2018,02/13/2022,,12801.9,BEN670,Active,,"Jul 08, 2023",,80.02
POL100599,H1102,arun,77,healthh,,402720.65,Bengaluru,arun90@ins.com,Pending,17-04-2024,"Jul 09, 2018",,4932.79,,Active,Invalid,30-06-2025,,18.22
POL104770,H1547, JOHN,38,Life,,,  chennai ,john79@gmail.com,Not Filed,02/21/2021,05/23/2023,1613628.46,5556.41,BEN739,Renewed,Valid,,238844.79,
POL100419,H1890,,98,,,327730.25,Delhi,user33@gmail.com,Not Filed,,"Feb 13, 2024",3333077.95,14791.93,BEN369,Lapsed,,29-01-2021,,9.46
POL102136,H1977,kumar,21,Home,4462.49,187934.86,Delhi,kumar81@yahoo.com,Rejected,09-03-2017,09-12-2023,,18128.69,BEN475,Renewed,Invalid,05/19/2016,,93.58
POL101246,H1638, JOHN,,,5987.29,426614.96,Mumbai,john1@yahoo.com,Pending,07-01-2023,03/17/2017,,8207.72,BEN486,,,28-04-2021,286102.61,58
POL101232,H1128,  raj,96,Home,62447.24,,  chennai ,raj31@yahoo.com,,07-09-2018,25-08-2020,,4083.82,,Renewed,,09-11-2020,,
POL102266,H1749,Meena,33,Travel,,411146.55,,meena25@ins.com,Approved,"May 13, 2023",,-7076.21,14841.48,,Lapsed,,19-05-2022,,
POL102204,H1375, JOHN,,healthh,87242,216459.77,Hyderabad,john86@yahoo.com,Not Filed,10/17/2024,13-11-2023,2025180.52,5022.74,,Renewed,Invalid,"Feb 25, 2019",,
POL101812,H1438,kumar,62,Life,,150377.3,  chennai ,kumar34@yahoo.com,Rejected,,"Nov 07, 2020",-4820.06,19265.24,BEN539,Lapsed,Invalid,,,0.58
POL100275,H1194,Meena,,Health,42643.67,134765.35,Chennai,meena9@yahoo.com,Rejected,,04-04-2020,267497.77,4633.75,,Active,Invalid,07-05-2025,383613.88,98.14
POL100705,H1498, JOHN,47,Life,154144.92,420268.31,  chennai ,john24@gmail.com,Approved,11-11-2019,,905153.69,13075.53,BEN512,Renewed,Invalid,,206477.77,99.7
POL103842,H1747,arun,42,Travel,125554.5,101583.7,Delhi,arun88@gmail.com,Pending,"Apr 12, 2018",10-07-2024,-3160.72,967.52,,,,19-08-2017,,15.68
POL104549,H1962,,37,Life,90946.44,45484.42,Bengaluru,user31@yahoo.com,,22-10-2017,,,19788.37,,Renewed,Invalid,09/27/2023,48426.5,
POL100113,H1395,arun,36,Travel,133927.53,432314.97,Chennai,arun23@yahoo.com,Approved,08-01-2022,10-02-2021,-569.95,19274.54,,Renewed,,09/26/2024,,46.67
POL104167,H1897,Priya ,125,,-3282.86,416994.75,Chennai,priya79@gmail.com,,03/18/2025,,,19550.19,,,Invalid,08-04-2019,,
POL104013,H1387,Meena,28,,,151312.35,Bengaluru,meena46@yahoo.com,Rejected,07-10-2019,19-11-2017,993285.81,14832.61,,Lapsed,Valid,06-12-2024,269892.77,8.68
POL102130,H1981,kumar,17,lifee,,,Bengaluru,kumar58@ins.com,,,"Jun 08, 2024",214486.07,6830.36,,Lapsed,Invalid,26-12-2024,,
POL103228,H1477,arun,96,Travel,26957.71,312712.81,Mumbai,arun@gmail,Approved,"Nov 09, 2016",20-04-2025,-1360.29,10717.9,,Lapsed,Valid,,175511.09,
POL102926,H1788, JOHN,45,healthh,,602721.7,Bengaluru,john81@yahoo.com,Rejected,"Jan 17, 2024",,-9224.93,956.71,,Active,,,,
POL100141,H1016,Priya ,82,healthh,,,  chennai ,priya12@gmail.com,,28-10-2016,,-9988,12283.1,,Lapsed,Valid,,171582.51,78.96
POL104547,H1851,,81,Motor,59471.36,247890.94,Mumbai,user3@yahoo.com,Pending,01-01-2020,07-11-2019,,10854.07,,,,15-10-2023,,39.17
POL104579,H1865,  raj,,Life,,653713.09,  chennai ,raj3@gmail.com,,01-12-2021,29-08-2017,1491120.52,5564.78,,Active,,24-11-2018,,61.91
POL101565,H1091,Meena,,Home,64408.48,215433.3,Bengaluru,meena74@yahoo.com,,05-05-2017,,,1044.9,BEN118,,Invalid,,,
POL103765,H1925,arun,49,Motor,136167.09,711720.38,Hyderabad,arun13@ins.com,Not Filed,23-01-2016,11-01-2022,-2962.71,7281.63,BEN624,Renewed,,"Apr 24, 2019",,26.5
POL103988,H1721, JOHN,46,Life,,,Mumbai,john15@yahoo.com,,05-03-2018,06-04-2024,,8598.66,BEN688,Renewed,Invalid,07-06-2020,,41.11
POL102412,H1034, JOHN,80,Travel,33138.82,229794.98,Chennai,john56@ins.com,,15-02-2016,22-08-2017,3592639.56,11141.94,BEN769,Expired,Invalid,20-12-2017,,
POL101653,H1110,,,healthh,64747.76,447961.12,Delhi,user14@ins.com,Approved,30-07-2016,,-6318.47,12093.85,,Active,,01/18/2017,180958.52,
POL103531,H1315,Meena,,lifee,96830.19,147593.33,Chennai,meena6@gmail.com,Not Filed,23-04-2018,08/29/2019,,14846.22,,,Invalid,,,9.09
POL100104,H1866,Meena,,healthh,115133.42,104843.59,  chennai ,meena41@ins.com,,,,-7767.63,15917.99,,,,23-03-2025,,94.88
POL104052,H1387,  raj,63,lifee,19188.13,48410.04,Bengaluru,raj76@gmail.com,,10/25/2016,,4035038.17,13118.09,,,,17-01-2021,,
POL101857,H1878,kumar,25,Life,9833.57,,Mumbai,kumar97@yahoo.com,Rejected,27-01-2022,07-09-2016,3906756.34,16158.96,,Expired,Invalid,"Nov 23, 2020",,87.33
POL104909,H1543,  raj,79,Life,88715.83,165574.82,Hyderabad,raj92@gmail.com,Not Filed,04-01-2020,19-09-2023,,10455.23,BEN650,Active,Invalid,21-03-2021,,
POL104960,H1795,Priya ,10,lifee,41822.4,,  chennai ,priya36@ins.com,,11-03-2021,13-08-2023,,6269.78,,,Invalid,24-05-2018,,
POL102329,H1590,,49,Home,,,Bengaluru,user22@gmail.com,Not Filed,03/18/2018,"Oct 26, 2020",-8235.37,13471.29,,Expired,Valid,24-04-2018,,81.33
POL103976,H1238,Meena,67,Travel,98653.24,99316.79,Mumbai,meena82@ins.com,Pending,10/23/2017,,,6230.06,BEN444,,,02-02-2016,100692.86,79.55
POL103889,H1018,Meena,19,Travel,14509.27,,Mumbai,meena24@gmail.com,,11/15/2020,06-08-2017,1536072.48,7658.3,,Active,,,136936.65,97.5
POL102709,H1115,arun,,healthh,54198.51,188575.68,Bengaluru,arun37@ins.com,,05-04-2018,,-419.73,12228.88,,,Valid,19-10-2021,,
POL104337,H1566,,37,lifee,,7587.22,  chennai ,user16@yahoo.com,Pending,"Feb 25, 2021",20-07-2022,-2554.51,14831.68,,Lapsed,Invalid,22-02-2025,347216.73,
POL102478,H1018,arun,72,,68522.96,411679.7,,arun97@ins.com,Not Filed,22-08-2024,05-09-2020,,17524.7,BEN131,,Invalid,11/21/2020,390275.45,34.77
POL102862,H1435, JOHN,79,Home,197948.2,481205.8,,john60@ins.com,Rejected,"Dec 29, 2016",06-12-2021,,18011.45,BEN479,Expired,Invalid,22-01-2025,,95.16
POL104192,H1125, JOHN,46,Travel,,197761.07,Mumbai,john72@ins.com,,02-06-2023,"Aug 19, 2022",-6614.12,16837.41,,,,,,14.26
POL102515,H1337,kumar,,Life,9094.44,494494.47,  chennai ,kumar45@yahoo.com,Pending,04/27/2024,12-04-2017,,11489.23,BEN259,,,08-11-2023,249457.96,65.14
POL104771,H1291,kumar,93,Life,,44320.26,Hyderabad,kumar98@yahoo.com,,03-01-2018,"May 04, 2021",425551.03,-1810.35,,Renewed,Valid,,,20.52
POL103564,H1814,arun,,,,4499.23,Delhi,arun74@yahoo.com,Rejected,"May 16, 2024",10/23/2024,,14138.2,,Renewed,Valid,11/25/2020,250057.08,
POL100084,H1721,Priya ,53,Health,80050.48,145502.67,Chennai,priya68@yahoo.com,Rejected,,"Oct 25, 2020",3075976.68,5743.67,,Expired,,,,
POL101718,H1233,Priya ,72,Home,,314645.05,Chennai,,Approved,"Mar 27, 2017",25-05-2022,,12453.72,,Active,,,143373.24,58.24
POL104105,H1856,  raj,,Health,,449127.15,Chennai,raj46@yahoo.com,Rejected,04/21/2024,24-12-2016,-3277.54,8530.76,,Expired,,31-07-2020,268786.84,86.69
POL102652,H1140,  raj,,lifee,45290.87,480110.84,Mumbai,raj86@ins.com,Not Filed,07/17/2021,09/18/2020,,11980.77,,Lapsed,Invalid,01/17/2017,226977.87,78.12
POL101339,H1556,Meena,79,healthh,113203.54,,Hyderabad,meena2@gmail.com,Approved,05/26/2023,09/19/2021,3211692.47,3289.79,,Expired,,,187519.02,75.91
POL103895,H1427,  raj,,Motor,63093.75,,Chennai,raj49@ins.com,Approved,"Mar 01, 2025","Apr 23, 2021",,3892.13,,Expired,,"Feb 27, 2018",,6.88
POL100276,H1995,,29,lifee,,304266.66,Bengaluru,user30@yahoo.com,,25-09-2021,10-06-2019,,4794.67,,Expired,Valid,30-03-2025,55022.19,
POL101408,H1946,Meena,81,lifee,,,Bengaluru,meena67@gmail.com,Rejected,06/13/2016,09/25/2018,-3211.37,9997.64,,Lapsed,,,,
POL101372,H1906,,30,Home,,489746.31,  chennai ,user93@yahoo.com,Rejected,12-05-2024,11-02-2020,2108845.81,5362.07,,,,"May 05, 2016",21200.94,85.52
POL103844,H1467,Meena,22,Health,184016.16,,,meena84@yahoo.com,,07-11-2021,03/16/2017,,5642.32,BEN715,Expired,Invalid,03-02-2021,151969.35,
POL103994,H1649,Meena,,Health,61822.53,32511.28,Mumbai,meena95@gmail.com,Approved,"Dec 09, 2021",02-10-2016,1538283.69,14281.92,,Renewed,Valid,05-04-2019,253002.1,
POL104184,H1052,arun,,Home,181521.97,422309.01,Delhi,,Pending,17-01-2017,01/17/2016,4854565.34,333.7,BEN427,Lapsed,,07-05-2017,223426.16,
POL100090,H1438,Priya ,28,Home,,,Chennai,priya90@ins.com,Not Filed,04-02-2017,05-02-2018,,11060.95,,Renewed,Valid,20-10-2016,,98.82
POL104376,H1908,arun,,Travel,43065.98,363926.94,  chennai ,arun27@yahoo.com,,30-04-2017,05-01-2021,1891033.46,17511.17,,Renewed,,"Jan 12, 2020",,
POL103055,H1691,kumar,42,healthh,9783.55,608665.93,Bengaluru,kumar@gmail,Pending,"Aug 07, 2023",21-05-2022,4010497.39,-1226.17,,,,06/15/2021,,
POL101906,H1253,  raj,,,85419.25,444127.65,Mumbai,raj68@yahoo.com,Not Filed,13-08-2023,"Jul 26, 2023",,15897.64,,Active,Valid,11-10-2017,,
POL102699,H1208,Priya ,,lifee,,,Delhi,priya48@gmail.com,,02-02-2019,08/15/2016,-530.62,14801.65,,Expired,Invalid,06/23/2022,,
POL101823,H1384, JOHN,,Motor,165078.9,259169.17,Hyderabad,john92@yahoo.com,Pending,,27-09-2022,-6356.8,7561.7,,Lapsed,,,385827.95,
POL103417,H1288,Priya ,67,Motor,1301.8,65289.71,  chennai ,priya34@gmail.com,Not Filed,,"Apr 11, 2025",,14731.53,,Lapsed,,07-02-2016,,
POL101426,H1012,kumar,,Life,30829.56,,Bengaluru,kumar67@gmail.com,Pending,04-09-2024,03/22/2016,-2515.02,2164.04,,Renewed,Valid,"Aug 26, 2017",,63
POL103412,H1938,arun,71,Life,,227587.15,Hyderabad,arun26@ins.com,,,"Feb 27, 2019",,6484.15,,Expired,,"Sep 08, 2017",57916,
POL104461,H1547,Priya ,68,lifee,,293777.5,  chennai ,priya14@yahoo.com,Pending,25-11-2019,16-01-2017,1878305.72,18075.67,BEN526,Active,,"Oct 07, 2020",239435.57,71.52
POL102071,H1733,kumar,,Home,,701918.39,Hyderabad,kumar73@ins.com,Pending,23-11-2016,,-1294.42,15031.87,,,Invalid,10-11-2016,185158.01,32.89
POL102026,H1301,,27,Motor,23934.34,63451.9,Delhi,user45@ins.com,,"Feb 06, 2022",09-02-2022,,11275.48,,Active,Invalid,,64605.95,84.12
POL100998,H1504,arun,127,lifee,71864.92,,,arun49@gmail.com,Not Filed,,11-07-2022,-8556.55,9521.33,BEN226,Lapsed,Invalid,,,98.3
POL102358,H1384,,,healthh,,41435.04,Hyderabad,user91@ins.com,Not Filed,09-07-2023,22-08-2018,838001.44,13884.64,BEN726,Expired,,01-06-2023,,44.91
POL103108,H1027,,74,healthh,,52300.54,Hyderabad,user51@gmail.com,Pending,01-04-2023,,1060658.09,12789.33,,,Valid,11-12-2018,117169.88,
POL103425,H1283,Priya ,53,Travel,,64751.59,  chennai ,priya62@gmail.com,,10-07-2021,13-05-2019,1730649.54,16363.96,,Active,,11/27/2017,18798.51,30.51
POL101759,H1685,  raj,127,Home,,472097.28,Hyderabad,raj16@yahoo.com,,24-06-2016,04-04-2019,-7810.01,9970.93,BEN946,Active,Valid,05/28/2023,,49
POL103451,H1243,Priya ,,lifee,,100709.65,Mumbai,priya94@yahoo.com,Approved,10-06-2023,14-01-2022,,6941.69,,Lapsed,Invalid,15-12-2020,123611.7,
POL102288,H1026,  raj,49,Travel,44827.1,243327.6,,raj8@gmail.com,,28-06-2024,,-1911.59,11250.47,,,Valid,12/15/2020,,32.35
POL102714,H1256,arun,57,Life,93902.29,205903.8,Chennai,arun15@yahoo.com,Not Filed,12/25/2020,12-02-2024,318442.75,3559.04,,Lapsed,Valid,"Nov 26, 2022",322969.11,49.08
POL101342,H1818,Priya ,17,Health,58465.51,,Mumbai,priya43@gmail.com,Not Filed,"Jun 19, 2021",13-07-2019,-1754.36,16331.06,,Renewed,Valid,"Jun 28, 2018",69945.26,69.93
POL104190,H1277,Priya ,29,lifee,79586.13,731364.89,  chennai ,priya50@ins.com,,01-12-2016,17-02-2024,,8981.49,,Renewed,,26-05-2016,388269.85,
POL102146,H1579, JOHN,,Travel,88099.44,171334.08,Bengaluru,john59@ins.com,Approved,"Aug 18, 2019",23-06-2024,-3113.42,5709.83,,Renewed,Valid,07-10-2023,287135.58,
POL100167,H1927,  raj,,Motor,20469.26,26542.62,Chennai,,,11-12-2017,04/17/2018,-9809.22,6503.51,,,Valid,12/13/2018,,18.64
POL100496,H1929,Priya ,41,Life,71280.84,295284.23,  chennai ,priya28@ins.com,Rejected,,10-12-2016,-1104.14,11474.2,BEN726,Renewed,Valid,"Oct 20, 2024",385657.01,53.88
POL103161,H1359,  raj,109,Life,125235.26,718868.83,,raj51@ins.com,Approved,"May 01, 2020",18-07-2017,-480.76,6585.73,,,,02-12-2024,,40.23
POL104427,H1833,arun,,healthh,,,Mumbai,,Rejected,10-03-2019,"May 17, 2016",3551294.37,13082.38,BEN446,,,,114322.77,
POL100219,H1465,arun,,,,,Bengaluru,arun49@yahoo.com,,07/23/2025,29-12-2017,,12543.77,,Renewed,Invalid,03-02-2025,264837.29,50.48
POL102481,H1611,kumar,,Home,36084.18,,  chennai ,kumar16@gmail.com,Rejected,,,,10876.01,BEN683,,Valid,08-03-2017,,
POL100588,H1087,Meena,,Home,75231.98,511419.19,Bengaluru,meena87@ins.com,Approved,09-01-2024,28-06-2023,3680009.47,16376.62,BEN513,Active,,03-01-2020,377383.36,
POL102534,H1047,Priya ,21,Travel,76414.44,278730.42,Chennai,priya47@ins.com,Not Filed,02-06-2021,29-11-2017,3431910,4831.1,,Lapsed,,"Aug 05, 2019",,
POL103730,H1784,Priya ,84,Home,189260.51,,  chennai ,priya26@gmail.com,Rejected,,,3189818.03,13914.05,BEN100,,,25-04-2017,23677.75,
POL101537,H1113,,41,,,265021.92,Hyderabad,user82@ins.com,Rejected,06/18/2021,01-09-2020,-5736.27,1821.65,,,,,341693.1,
POL104627,H1307,  raj,27,Travel,715.52,461008.77,Bengaluru,raj82@gmail.com,Pending,,21-03-2017,,363.21,BEN658,Renewed,Valid,,,
POL100305,H1459,  raj,25,,93167.57,631662.56,,raj73@ins.com,,10-11-2023,"Jun 01, 2017",-4675.3,19373.85,,,,,311748.87,
POL100005,H1809,arun,,,24759.4,37136.3,Mumbai,arun80@yahoo.com,,"Sep 06, 2022",11/30/2017,,14529.48,,Expired,,"Jul 04, 2020",137838.35,20.08
POL100196,H1057, JOHN,5,Travel,160456.26,435100.01,Mumbai,john10@ins.com,,23-06-2020,"Aug 05, 2019",-5287.8,-992.36,,Expired,Valid,07-02-2025,253064.58,
POL101146,H1048,  raj,68,Life,90034.07,386338.91,Hyderabad,raj33@yahoo.com,,28-05-2019,21-06-2018,,9295.38,,Renewed,Invalid,06-11-2016,,
POL104590,H1908,Meena,49,Motor,73617.97,368423.57,Hyderabad,meena70@yahoo.com,Approved,31-07-2017,12-03-2020,3087160.32,13151.57,,,Invalid,"Sep 27, 2021",336493.36,
POL100110,H1012,,128,healthh,56876.1,,Hyderabad,user69@gmail.com,Not Filed,05/20/2024,"Aug 18, 2021",3291198.97,-1175.76,,Expired,,17-01-2025,158317.1,
POL103554,H1486, JOHN,71,healthh,118588.76,100816.46,Chennai,john@gmail,Approved,23-09-2023,,457844.49,13813.17,,Expired,,20-09-2020,252032.84,
POL104465,H1900,kumar,70,Life,,41081.16,Bengaluru,kumar47@yahoo.com,Rejected,20-10-2024,01/25/2017,,7383.5,BEN230,Expired,,26-08-2020,88650.83,
POL102454,H1453,arun,23,Motor,,779995.09,,arun35@ins.com,Rejected,01-01-2021,,2677247.31,17105.31,,Renewed,,27-08-2024,,14.22
POL100926,H1464,,,healthh,170830.27,162298.7,  chennai ,user92@gmail.com,,27-02-2019,06-08-2023,,-1018.64,BEN331,Lapsed,,"Apr 10, 2019",133332.4,89.61
POL101815,H1564,arun,78,Life,48376.43,78812.84,Chennai,arun19@gmail.com,Not Filed,18-07-2021,,-12.65,6121.93,BEN689,,Valid,,130625.92,
POL104492,H1712,  raj,,Home,,175281.75,Mumbai,raj92@yahoo.com,Rejected,04-11-2019,24-12-2022,-67.16,-10.6,,,,07-02-2023,,18.92
POL100797,H1346,kumar,38,,171999.31,372473.33,Mumbai,kumar85@gmail.com,Not Filed,,06/28/2025,-5708.34,10710.53,BEN522,Renewed,Invalid,06-08-2024,,
POL101298,H1510, JOHN,53,lifee,,,Chennai,john93@yahoo.com,Approved,,,293132.57,6868.67,,Active,,,,
POL103259,H1926,Priya ,18,Motor,,386219.46,Delhi,priya75@yahoo.com,,02-08-2021,14-03-2017,,8538.66,BEN129,Lapsed,Valid,18-10-2020,,
POL101062,H1145,Meena,,Motor,131356.9,227150.44,Bengaluru,meena25@yahoo.com,,,03-09-2024,-2472.51,-117.34,,Expired,Valid,05-01-2022,156298.45,49.54
POL104514,H1318,Meena,,Health,,,,meena92@gmail.com,Not Filed,,03-02-2020,,9003.06,,,,07-02-2020,348842.17,
POL103280,H1739,Priya ,19,Motor,,756449.85,  chennai ,priya21@gmail.com,,"Jan 13, 2025","Nov 12, 2019",,16661.52,,Active,,05/19/2016,269532.62,
POL104471,H1327, JOHN,68,Travel,54408.67,31080.26,,john6@ins.com,Rejected,11-03-2021,13-12-2022,-175.02,6655.7,BEN525,,,25-12-2022,,29.94
POL104566,H1969,Meena,22,Motor,190417.18,,Chennai,meena11@yahoo.com,,27-08-2018,07-09-2021,,2159.05,,Active,,16-10-2019,302259.77,
POL103320,H1227, JOHN,26,Travel,78045.37,161443.53,Delhi,john77@ins.com,,,06/16/2025,,315.58,BEN700,,Invalid,01-07-2021,387935.4,
POL103971,H1044,Meena,63,Travel,60152.45,,Bengaluru,meena71@yahoo.com,Rejected,,07/30/2018,,5120.53,,Expired,,15-04-2022,159949.28,
POL103317,H1011,arun,75,healthh,44387.58,305129.7,Delhi,arun15@yahoo.com,Approved,27-07-2022,04-09-2018,,3765.1,,Renewed,,03-07-2020,,85.52
POL101359,H1481,Priya ,110,lifee,45887.45,49807.91,Bengaluru,priya69@yahoo.com,Not Filed,12-03-2024,"May 28, 2025",2204324.55,13272.4,BEN509,,Valid,,,
POL101761,H1197,,,Travel,72980.48,59017.26,Bengaluru,user9@gmail.com,,"Oct 02, 2021",11/20/2017,-5889.52,10551.96,,Expired,,,39707.67,70.73
POL102059,H1180,Meena,,Home,,62467.73,,meena82@ins.com,,,04-06-2018,597738.9,4544.91,,Renewed,Invalid,,38586.21,
POL102892,H1509,  raj,73,lifee,79221.88,657496.63,,raj2@gmail.com,Rejected,26-09-2024,07/22/2023,792883.23,1496.45,BEN140,,,,16781.53,
POL103734,H1984,arun,,healthh,20945.86,290289.36,  chennai ,,Rejected,14-09-2022,02-01-2020,,4055.63,,Expired,,"Aug 27, 2017",72380.32,46.02
POL103557,H1781,Meena,,,87189.59,264611.54,Hyderabad,meena46@ins.com,Not Filed,"Jan 12, 2023",08/20/2019,143336.52,18013.1,,Renewed,,,184138.93,
POL101486,H1622,arun,,Life,143915.08,44067.4,Delhi,arun55@yahoo.com,Rejected,,05-07-2025,-6353.4,-1531.66,,Expired,,"Jan 16, 2019",348273.69,63.32
POL104634,H1840,  raj,104,Motor,,446437.16,Delhi,raj25@ins.com,Pending,23-06-2022,"Feb 10, 2019",375096.25,2891.96,,,Invalid,01/27/2024,,
POL103779,H1365,Priya ,,,28248.35,,Mumbai,priya72@gmail.com,Approved,09-11-2016,,4548415.57,15079.61,,,Invalid,14-08-2020,48643.65,41.9
POL104576,H1884, JOHN,39,Travel,11499.28,183118.01,,john97@ins.com,Not Filed,,31-01-2018,,5138.82,BEN859,Renewed,Valid,20-09-2024,,56.02
POL104319,H1685,,81,Health,98449.38,719205.98,Chennai,user16@ins.com,,"Mar 06, 2024","Oct 28, 2018",,-1418.79,,Expired,Valid,26-07-2016,,
POL100672,H1297,Priya ,23,Motor,166855.43,,Hyderabad,priya84@gmail.com,Not Filed,28-03-2020,07/14/2024,-7050.15,-191.45,,Lapsed,Valid,"Aug 17, 2020",,62.35
POL104071,H1307, JOHN,37,Travel,38095.3,15154.65,Hyderabad,,,"Dec 11, 2020",,-928.47,19558.28,,,,02-12-2018,,
POL101393,H1742,arun,,,107950.98,,Delhi,arun70@gmail.com,,"Aug 06, 2024",10-11-2024,,-454.63,,Active,,"Jun 10, 2022",299077.75,29.76
POL103141,H1515, JOHN,41,healthh,,338762.24,Bengaluru,john81@yahoo.com,Not Filed,23-04-2020,29-04-2020,,8567.49,,Expired,,08-09-2022,,29.25
POL102653,H1408,arun,,lifee,129165.7,490303.73,Hyderabad,arun2@ins.com,Not Filed,06-03-2022,13-11-2019,,4557.58,BEN487,,Valid,02-05-2020,,44.92
POL100580,H1529,  raj,94,Life,17211.31,247267.11,Mumbai,raj74@yahoo.com,Rejected,"Feb 17, 2020",18-08-2022,,19872.75,,Expired,,11-04-2024,,
POL101045,H1431,Meena,20,healthh,55637.44,363953.21,Mumbai,meena90@yahoo.com,Pending,"Jun 28, 2020",,,5110.59,BEN830,,,04-08-2016,259077.19,52.24
POL104173,H1110,Priya ,,Life,45293.08,383905.09,Chennai,priya78@ins.com,Not Filed,,15-10-2020,-5141.18,17648.33,,Renewed,Valid,12-05-2019,51017.09,
POL102595,H1882,  raj,82,lifee,197308.32,,Hyderabad,raj27@gmail.com,Not Filed,27-10-2021,,-3725.37,1236.81,,Lapsed,Valid,14-09-2017,,
POL102796,H1213,Meena,0,Life,72277.35,,Mumbai,meena99@gmail.com,Not Filed,05-10-2022,04/26/2020,-6603.74,18479.37,BEN822,Expired,Valid,05-10-2017,,40.26
POL103477,H1502,Meena,38,healthh,139654.25,437057.35,Chennai,meena70@ins.com,Rejected,"Apr 09, 2025",09/17/2018,1626569.45,3647.91,,Lapsed,Valid,19-04-2023,,
POL104221,H1228,,110,lifee,,,Bengaluru,user53@yahoo.com,Pending,01/18/2019,,,6837.76,,Active,Valid,,62893.11,
POL103114,H1538, JOHN,57,Life,35660.29,,Mumbai,john63@yahoo.com,Not Filed,"Nov 18, 2017",05-11-2016,541359.76,-621.23,BEN885,Renewed,,10/21/2023,,2.26
POL103588,H1465,Priya ,35,healthh,40724.29,64628.58,Hyderabad,priya71@gmail.com,Approved,08-03-2024,"May 31, 2016",-3445.41,16136.31,BEN545,Expired,Valid,"Aug 18, 2019",28303.91,
POL103961,H1661,kumar,,Home,,60738.64,Hyderabad,kumar97@yahoo.com,Not Filed,14-06-2024,28-04-2025,,16908.58,BEN810,Active,,27-07-2024,,24.7
POL101960,H1229,Priya ,,lifee,4631.22,,Bengaluru,priya5@gmail.com,Pending,,"Feb 09, 2024",,1040.87,BEN478,,,31-10-2024,214787.95,33.32
POL101932,H1226,  raj,,Travel,,467752.96,Bengaluru,raj85@ins.com,Rejected,28-06-2023,05-09-2021,,8868.3,,,Valid,,,
POL101596,H1649,Meena,,healthh,52007.8,755371.01,Bengaluru,meena7@ins.com,Pending,"Jun 24, 2019",06-03-2017,116926.58,12498.3,,Renewed,Valid,,,
POL104672,H1436,Priya ,,Travel,111771.88,492710.7,Mumbai,priya45@yahoo.com,,03/14/2022,,445644.13,-1348.89,,,,09-03-2021,24026.88,8.25
POL104717,H1774,Meena,,Travel,109412.9,677282.53,Bengaluru,meena80@gmail.com,,05/18/2016,26-07-2023,,16628.57,,Active,Valid,"Jan 31, 2018",,13.99
POL100767,H1204,  raj,,Home,97964.41,426866.52,Bengaluru,,,02-04-2016,,2170487.65,10482.12,,Expired,Invalid,10-11-2021,342526.42,15.42
POL100659,H1962,arun,91,Health,34747.2,346131.31,Bengaluru,arun24@ins.com,,23-10-2024,07-11-2022,-681.3,12517.94,BEN550,Lapsed,,11/13/2024,192160.13,30.36
POL104851,H1952,arun,79,Life,,339563.89,Hyderabad,arun51@yahoo.com,,10-07-2017,18-01-2020,2488092.7,18624.31,BEN833,,Invalid,04-09-2021,269714.54,
POL103572,H1055,kumar,77,Motor,1370.76,,,kumar99@gmail.com,Not Filed,,13-01-2017,-6545.19,11254.74,,Expired,Valid,,,74.42
POL100622,H1707,  raj,51,Motor,42968.74,276756.5,Chennai,raj59@ins.com,,17-03-2018,"Jan 03, 2020",,14818.81,BEN926,Expired,,13-04-2025,39468.12,12.47
POL104876,H1593,kumar,,,95366.22,783560.31,,kumar44@gmail.com,Not Filed,22-02-2022,"May 16, 2023",-9867.45,1643.12,,Renewed,,04-06-2024,,
POL104355,H1630,kumar,,Home,69032.6,582152.95,Hyderabad,kumar67@yahoo.com,Pending,17-07-2022,16-11-2024,3409403.92,9573.13,,Lapsed,,02-11-2021,378645.09,93.64
POL104378,H1209,Priya ,,healthh,195577.54,29437.85,  chennai ,priya@gmail,Not Filed,01/15/2024,"Apr 26, 2024",,17350.4,,Renewed,,16-03-2019,,48.78
POL104051,H1236, JOHN,81,Life,,37853.88,Chennai,,,02-05-2023,"Aug 04, 2024",2889950.21,5524.48,BEN116,,,"Nov 12, 2020",,77.88
POL102682,H1906, JOHN,121,healthh,124922.89,342452.7,Hyderabad,john27@gmail.com,Approved,,08-10-2024,-6891.76,12304.37,,Lapsed,Invalid,19-08-2017,382399.55,0.73
POL101184,H1225,Priya ,,healthh,,374282.24,Mumbai,priya64@ins.com,Rejected,27-08-2022,,1863931.95,6709.43,,Lapsed,,,163355.24,
POL101973,H1489,kumar,,,,240628.63,Mumbai,kumar89@ins.com,Pending,,"Jul 25, 2016",,939.78,,Expired,,18-02-2018,63785.16,44.83
POL104551,H1411,  raj,7,Motor,,99015.35,,raj36@ins.com,Approved,12/29/2019,11-12-2024,483162.31,13936.51,,,Valid,04-05-2018,266289.6,
POL103858,H1084,  raj,,Travel,159033.59,98948.39,Hyderabad,raj64@ins.com,Rejected,23-12-2024,"Dec 16, 2017",-3051.86,13864.31,BEN659,Active,,"Apr 11, 2024",193032.47,61.01
POL104530,H1787,Priya ,88,healthh,179218.48,144272.74,Mumbai,priya6@gmail.com,Pending,23-06-2023,,1212468.45,6051.39,BEN420,Lapsed,,,11440.06,5.82
POL103735,H1409,Meena,18,Home,32797.41,457111.72,Hyderabad,meena86@ins.com,,27-02-2024,02-05-2024,1115189.22,686.25,BEN877,Expired,,"Feb 17, 2024",203226.59,
POL102935,H1313,  raj,20,Life,,,  chennai ,raj46@yahoo.com,Not Filed,04-02-2023,"Oct 01, 2023",-2291.29,12142.57,,,,05-02-2024,36211.62,
POL104395,H1362,  raj,97,,93187.39,676961.55,,raj49@yahoo.com,,11-11-2018,,,5482.58,,Renewed,Invalid,02-11-2022,213391.85,75.51
POL103992,H1009,Meena,68,Health,74950.64,,  chennai ,meena98@gmail.com,Not Filed,13-01-2024,"Mar 16, 2016",-5717.05,13189.29,BEN337,,,03-11-2024,206005.65,
POL104945,H1090,Meena,-5,healthh,90445.23,24316.39,Delhi,meena3@ins.com,Approved,03-10-2024,29-06-2018,-6857.02,9900.85,BEN965,,,02-04-2017,,
POL104534,H1548,kumar,,Motor,99579.56,365481.04,Delhi,kumar23@ins.com,Not Filed,09-01-2021,12-05-2016,59786.89,-765.31,BEN225,,Valid,,320175.21,
POL102373,H1510, JOHN,95,Home,,294651.82,Bengaluru,john79@gmail.com,Pending,26-07-2020,"Dec 16, 2024",561371.19,17529.33,BEN870,,,21-11-2016,316837.85,
POL102451,H1267, JOHN,,Home,,2060.64,Mumbai,john64@yahoo.com,Approved,"Jul 30, 2018",,-1424.77,-507.05,,Expired,Invalid,02-02-2023,,
POL103337,H1671,arun,26,Life,82723.24,53211.5,Mumbai,,Pending,07-10-2016,22-07-2019,,8184.62,BEN606,,,02-11-2018,22746.39,63.25
POL104008,H1240, JOHN,127,Home,90719.08,345666.3,  chennai ,john53@yahoo.com,,24-07-2021,"Aug 16, 2016",3306415.14,4285.61,BEN124,Lapsed,Valid,17-05-2020,239895.53,
POL104388,H1689,,58,Travel,,788631.23,Bengaluru,user48@ins.com,,07-06-2024,,-4890.72,16170.1,,,Valid,05-01-2019,193722.12,
POL101837,H1971,arun,35,Travel,126797.15,505655.04,Bengaluru,arun39@yahoo.com,Rejected,,10-02-2020,-6049.2,15403.36,,Lapsed,,11-06-2019,,11.81
POL104374,H1237,Meena,70,healthh,67233.27,709601.59,  chennai ,meena30@gmail.com,,12/24/2016,"Apr 29, 2018",-9915.91,16342.96,,,Invalid,"Apr 25, 2025",192409.35,
POL100655,H1198,,124,healthh,89718.88,,Bengaluru,user69@ins.com,Not Filed,12-02-2021,,2691835.75,-1782.72,BEN719,,,08-09-2019,,
POL101058,H1053,,79,Health,186804.92,,,user50@gmail.com,Approved,14-10-2020,17-11-2024,-2110.07,888.78,,Expired,Valid,"Mar 13, 2025",236763.6,94.32
POL100732,H1411,,,Travel,,254485.09,Chennai,user69@ins.com,Not Filed,14-09-2022,,,14997.53,,Active,,15-01-2024,213557.38,
POL103783,H1487,  raj,77,healthh,,,Chennai,raj53@gmail.com,,21-03-2018,09/28/2022,,18880.05,,,,16-07-2016,,
POL100553,H1372,  raj,,Home,12654.58,513908.22,Mumbai,raj32@ins.com,,04/16/2024,12-02-2017,4333894.21,11446.68,BEN842,Expired,,,329947.62,
POL102142,H1963,  raj,63,healthh,82194.31,407839.56,,raj96@yahoo.com,Not Filed,09/19/2017,01-02-2020,-6946.12,15472.03,,Lapsed,Invalid,29-10-2022,119817.79,
POL100277,H1657,arun,74,lifee,,488783.75,  chennai ,arun@gmail,,03/29/2020,03-12-2019,-4606.88,19744.28,,,Invalid,,349082.31,
POL101900,H1003,Meena,,Health,,,Bengaluru,meena97@gmail.com,Approved,,"Nov 15, 2020",3474424.86,2221.15,,Active,Invalid,02-02-2020,118231.33,
POL103303,H1176,,,lifee,34998.05,320526.94,Hyderabad,user93@yahoo.com,Pending,02-04-2022,08-04-2021,,3044.8,,Lapsed,Valid,07-06-2025,290212.86,
POL102293,H1415, JOHN,46,Life,,415104.14,  chennai ,john29@yahoo.com,Not Filed,20-04-2018,05/16/2024,,7695.8,BEN663,,Invalid,"Apr 22, 2021",,87.22
POL103897,H1485, JOHN,57,Life,72075.07,,Mumbai,john22@yahoo.com,Not Filed,09-10-2019,23-03-2019,-4733.83,15295.54,BEN562,,Valid,"May 03, 2021",38296.09,
POL101191,H1505,Meena,58,Motor,,305372.38,Mumbai,,,14-10-2021,18-11-2020,,-389.68,BEN299,Renewed,Invalid,01-07-2019,,
POL101356,H1111, JOHN,0,,63379.38,215990.84,  chennai ,john50@ins.com,Approved,01-01-2020,04-02-2019,,676.07,,Renewed,Valid,08-08-2020,144888.6,9.96
POL101694,H1722,  raj,93,Life,113897.8,9032.77,Chennai,raj45@gmail.com,Rejected,28-01-2018,04-07-2021,426324.1,4730,,Lapsed,Valid,,112498.18,36.99
POL103806,H1129,  raj,79,Health,,,  chennai ,raj62@ins.com,,04/13/2020,"Nov 10, 2024",3742458.95,17113.81,,Active,Valid,28-04-2018,220609.03,
POL104871,H1013,  raj,71,Life,,333152.94,  chennai ,,Rejected,03-02-2020,"Apr 02, 2016",-2467.27,16589.13,,,Invalid,18-04-2023,,42.34
POL100426,H1802,arun,76,Home,16478.91,615501.17,,arun23@gmail.com,Approved,12-01-2018,11-06-2021,,4963.75,BEN413,,Valid,"Sep 15, 2022",125169.74,63.95
POL101186,H1958,kumar,73,Motor,47450.47,,Mumbai,kumar3@yahoo.com,Pending,08/20/2022,23-08-2023,,11334.44,,,,10-03-2022,34779.69,
POL100865,H1104, JOHN,55,Travel,39979.82,588383.18,Delhi,john50@gmail.com,Not Filed,,,1968120.94,18393.4,,,Invalid,11-09-2019,,
POL103015,H1227,Meena,,,50303.4,232003.53,Chennai,meena24@gmail.com,Not Filed,02/25/2019,01-07-2023,,14302.43,,,,07-08-2025,,
POL101709,H1897,Meena,,Motor,79178.71,,Hyderabad,meena55@gmail.com,Not Filed,30-09-2024,04/22/2016,,1703.41,BEN203,,Valid,01-11-2018,174742.03,
POL101245,H1753,kumar,22,lifee,41663.93,,Hyderabad,kumar75@ins.com,Rejected,"Oct 01, 2017",02/16/2022,3527611.52,5040.84,BEN538,Expired,,05/21/2020,,
POL103669,H1187,Priya ,,,,54120.55,,priya17@ins.com,Approved,,,,8164.54,BEN526,Renewed,Invalid,14-07-2024,,73.81
POL101528,H1071,Meena,56,Home,75732.21,,,meena32@yahoo.com,Rejected,"Sep 08, 2024",12/20/2020,254631.96,10570.28,BEN780,Renewed,Valid,28-06-2021,,67.75
POL104697,H1744,arun,25,Life,175655.81,362904.01,,arun78@ins.com,Approved,,03/30/2021,3867940.9,11569.97,,Renewed,Invalid,,,
POL103106,H1051,Meena,,healthh,98304.74,112760.35,Chennai,meena35@ins.com,Rejected,,07/16/2019,-8528.57,14964.7,,,,31-10-2019,324875.57,
POL100217,H1112,Meena,,Home,109212.09,392438.8,Hyderabad,meena57@ins.com,,"Apr 05, 2018",07-07-2020,,17684.6,,,,25-02-2020,5114.34,67.21
POL104309,H1732,  raj,,healthh,54560.14,,,raj61@gmail.com,,"Jan 15, 2017",15-07-2019,4107103.89,-98.71,,Expired,Invalid,,,33.34
POL104131,H1513,kumar,53,Travel,100662.42,484336.65,Delhi,kumar56@ins.com,Not Filed,,,,1687.24,,Active,,,394187.71,55.73
POL102955,H1922,kumar,,lifee,35628.76,320673.44,,kumar@gmail,Rejected,01/15/2023,"Mar 16, 2024",-2357.17,14429.84,,Lapsed,Invalid,09-04-2023,,95.15
POL103694,H1544,,-2,lifee,191317.09,,Chennai,user27@ins.com,Approved,,14-04-2025,,6502.6,,Renewed,Valid,23-03-2016,,47.53
POL104463,H1479,,117,Travel,104390.66,,,user73@ins.com,Not Filed,"Mar 28, 2020",27-04-2020,-5729.09,1371.99,BEN322,Lapsed,Valid,06/16/2018,393510.23,
POL104108,H1574,  raj,79,Motor,4061.24,230402.44,Chennai,raj55@ins.com,Rejected,"Jul 08, 2019",05-06-2018,,10895.24,,Renewed,Valid,"Oct 24, 2020",380550.01,
POL100476,H1274, JOHN,68,lifee,,450642.01,Mumbai,john53@gmail.com,Rejected,,"Apr 10, 2022",-8116.47,17592.11,,Lapsed,Invalid,06/20/2017,285048.41,20.45
POL103415,H1277,,103,Health,142153.32,125761.31,Hyderabad,user57@yahoo.com,,13-11-2019,"Jul 02, 2023",,1872.92,BEN794,Expired,Invalid,29-07-2018,,66.28
POL103270,H1457,kumar,35,Life,126331.68,189355.6,Delhi,kumar93@gmail.com,,,"Aug 24, 2017",,-1917.04,BEN900,,Invalid,"Jun 08, 2020",,53.37
POL102282,H1347,  raj,116,lifee,,66606.47,,raj93@gmail.com,Rejected,"Jun 19, 2024","Mar 04, 2016",,-1234.67,BEN978,,,21-01-2022,,55.4
POL102743,H1664,  raj,,Health,,276858.04,  chennai ,raj4@ins.com,,01-10-2018,,,14021.02,BEN539,,,05/14/2019,165350.1,40.28
POL100728,H1517,Meena,62,,,225686.13,  chennai ,meena54@gmail.com,Pending,"Aug 20, 2021",17-08-2019,,6090.35,,Active,,,,
POL101632,H1887,Meena,63,,,257932.7,  chennai ,meena88@ins.com,Approved,10-01-2022,05-07-2017,-3898.95,18597.1,BEN313,Active,,08-02-2017,,62.95
POL104045,H1901,Priya ,22,Home,81347.7,,Bengaluru,priya13@gmail.com,Not Filed,12-12-2018,31-08-2018,571698.08,19988.53,BEN510,,Valid,,223249.4,28.65
POL100013,H1725,kumar,84,Travel,7462.39,311577.7,  chennai ,kumar65@gmail.com,,"Jul 10, 2023",09-02-2018,,2220.48,,,Invalid,,227642.1,
POL101023,H1196, JOHN,95,,191615.7,704206.23,Chennai,john92@yahoo.com,Approved,"Oct 20, 2023",14-02-2018,-3448.05,10052.83,BEN676,,Valid,,317273.4,29.06
POL104703,H1300,,47,Travel,49708.55,239380.37,Hyderabad,user40@ins.com,,"Oct 28, 2019","Feb 28, 2023",,8032.87,,Active,Valid,09-05-2023,385228.35,33.62
POL100435,H1138,kumar,55,healthh,77868.81,52159.25,Bengaluru,kumar99@gmail.com,,04-09-2022,,,4756.64,,,Invalid,02/14/2023,,4.72
POL104113,H1126,Meena,,Travel,69647.74,493585.33,Bengaluru,meena68@ins.com,Rejected,02-10-2023,11-11-2017,,5251.39,,Active,Invalid,06-03-2021,356512.95,
POL101782,H1445,kumar,73,healthh,82520.58,1320.7,,kumar52@yahoo.com,,11/20/2023,11-10-2018,,5600.83,BEN246,,,26-03-2021,,86.2
POL101803,H1035,Priya ,74,Health,92104.76,,Delhi,priya47@gmail.com,Rejected,13-07-2018,06-10-2017,4793752.97,6011.9,,Lapsed,Valid,07/25/2021,262352.05,
POL101114,H1384, JOHN,21,Home,143149.95,561886.92,  chennai ,john95@gmail.com,,28-08-2021,03-07-2017,2362068.63,17030.1,,Lapsed,,09-01-2018,347739.39,53.8
POL103379,H1172,Priya ,,healthh,76766.86,,  chennai ,priya94@ins.com,Rejected,"Aug 28, 2024",,-2147.13,3769.65,,Active,,09-07-2021,44538.45,0.17
POL102389,H1060,,,,,380217.02,,user51@ins.com,Approved,29-08-2020,11/30/2020,4718729.78,-1385.32,,Active,,30-08-2016,268456.31,
POL101953,H1640,arun,32,lifee,,,Hyderabad,arun45@ins.com,Rejected,12-12-2023,27-04-2021,2250993.23,13761.48,BEN673,Renewed,,,,
POL100344,H1990,arun,56,Home,30526.9,,Delhi,arun39@gmail.com,Approved,04-02-2016,,,6271.25,,Active,Invalid,,176760.53,50.38
POL100032,H1694,,30,Life,44361.91,288713.29,Delhi,user17@yahoo.com,Rejected,,,4571760.52,18109.08,,,,31-03-2017,,
POL103935,H1290,  raj,26,Travel,,66813.13,Chennai,raj41@ins.com,Approved,12-01-2023,12-07-2023,1342409.99,18253.36,,Renewed,,"Feb 28, 2021",,33.43
POL102599,H1103,,,lifee,160953.83,157960.04,Hyderabad,user41@gmail.com,Approved,07-09-2016,05/30/2025,,-1929.51,,Active,,09/16/2023,,
POL102646,H1176,  raj,48,Travel,191779.76,291201.88,Delhi,raj72@gmail.com,Approved,07-09-2017,"Mar 22, 2020",,16812.4,BEN365,Lapsed,Invalid,19-05-2022,,95.32
POL104128,H1951,Priya ,,Home,198887.17,769386.76,Delhi,priya28@gmail.com,,"Sep 17, 2017",,,11910.79,,Renewed,,10-11-2024,,
POL100372,H1628,Meena,34,Life,189807.11,67653.43,  chennai ,meena7@yahoo.com,Pending,11-03-2021,,-8430.07,6701.58,BEN835,Lapsed,Invalid,10/30/2023,,
POL100657,H1425,,55,,,-4491.34,,user14@yahoo.com,,09/18/2021,19-06-2021,135572.61,6522.86,,Lapsed,Invalid,"Nov 07, 2020",391499.17,
POL103742,H1892,arun,,Home,,594227.62,,arun94@ins.com,Rejected,17-01-2022,,1187094.54,4646.83,,Expired,,15-12-2018,390122.46,5.01
POL101086,H1215,,,Motor,79028.35,201743.84,Bengaluru,user8@gmail.com,Approved,,03-08-2024,,17427.02,BEN508,Expired,Valid,03-03-2024,75041.3,25.36
POL103098,H1475,kumar,82,Travel,165484.05,110951.34,Bengaluru,kumar51@yahoo.com,,04-08-2021,,,5028.15,,Renewed,,"Jul 15, 2021",152434.49,26.94
POL102408,H1073, JOHN,86,,,461811.53,Delhi,john73@gmail.com,Approved,,19-09-2016,-7357.9,-919.97,,,,,,60.89
POL102248,H1634,kumar,126,Life,49865.01,258967.01,Delhi,kumar18@yahoo.com,Pending,,08/30/2019,2508809.97,16644.28,,Active,,08/28/2017,182627.33,
POL100860,H1304,  raj,12,healthh,,415052.25,Mumbai,raj97@gmail.com,Approved,06-11-2022,01-05-2021,-9398.94,4831.1,BEN252,Active,Invalid,,,
POL104140,H1266,  raj,42,Health,83701.43,,Mumbai,raj62@ins.com,Rejected,23-02-2022,,,16471.73,BEN302,,,,,
POL101534,H1366,  raj,24,Home,,262365.69,Chennai,raj59@gmail.com,Approved,03-12-2024,15-12-2023,1746668.76,526.88,BEN442,Active,Valid,"Mar 27, 2022",69666.38,84.61
POL102592,H1402,arun,41,lifee,62175.96,,Chennai,arun80@gmail.com,Pending,12-11-2019,"Dec 24, 2024",,3479.31,BEN180,,Valid,28-09-2016,249266.52,83.53
POL101009,H1991,Priya ,21,Motor,139843.37,189224.32,,priya84@yahoo.com,Not Filed,08-09-2022,,2098589.03,4561.53,,Renewed,Invalid,24-04-2021,,
POL100004,H1167,,51,,,,,user79@yahoo.com,Rejected,"Dec 07, 2016",11/28/2022,-4520.75,5273.2,,,Invalid,,208019.31,
POL104599,H1074,Priya ,36,,25069.58,253055.55,,,Approved,"Oct 18, 2016","Aug 26, 2018",-5779.17,14790.94,BEN557,,,01/27/2020,,
POL100133,H1443, JOHN,67,Health,64321.56,,,john65@ins.com,Rejected,01-05-2024,,478200.85,6391.1,,Active,,13-02-2020,,74.68
POL102108,H1590, JOHN,10,Motor,19872.7,,Mumbai,john18@yahoo.com,,05/20/2018,,,8888.01,BEN424,Expired,Invalid,04-08-2021,,
POL100690,H1643,Priya ,62,Life,53807.26,87109.92,Hyderabad,priya55@gmail.com,Approved,04-06-2019,05-08-2018,,8082.19,BEN130,,Invalid,25-08-2022,,56.78
POL102074,H1919,,129,healthh,64993.59,,  chennai ,,,,,3755958.22,12127.37,,Active,,25-02-2025,183140.63,
POL102148,H1773, JOHN,73,lifee,51832.94,25952.48,Chennai,john9@gmail.com,Not Filed,18-10-2021,,457337.17,11934.61,BEN277,Renewed,Invalid,"May 24, 2018",394159.85,
POL103603,H1678,,78,Motor,76923.01,463097.05,Delhi,user65@gmail.com,Pending,05-04-2022,07-06-2022,3916352.51,16045.85,,Renewed,Valid,,41419.91,
POL104872,H1395,Priya ,64,Travel,99599.28,13535.79,Bengaluru,priya19@ins.com,,04-11-2016,"Feb 21, 2016",,12375.68,,Active,,14-11-2016,,63.4
POL104884,H1803,arun,29,,47814.26,403184.79,Hyderabad,arun78@ins.com,Approved,16-08-2017,"Dec 18, 2021",1752163.91,2657.55,,Active,,23-04-2025,51255.3,81.33
POL100363,H1336,Priya ,,lifee,,353231.03,Delhi,,,,09-06-2017,-3466.7,3067.7,,Expired,Invalid,,97977.57,
POL104891,H1100,arun,126,Motor,35198.83,419604.82,Bengaluru,,,"Aug 21, 2020",07/13/2024,-2650.75,3502.95,BEN377,Active,,06-01-2021,330077.09,45.48
POL101628,H1433,,1,lifee,132237.42,,Hyderabad,user35@ins.com,Approved,08-04-2018,,,3757.95,,Lapsed,,16-11-2021,35604.81,16.29
POL101276,H1782,,,Health,,,Delhi,user78@ins.com,Rejected,,19-03-2022,,2765.87,BEN829,Lapsed,Valid,,,
POL102489,H1518,Priya ,,Home,132824.31,117085.54,Chennai,priya56@ins.com,Approved,,,-2625.75,9953.17,,,,,,39.28
POL100647,H1857,,,Motor,111853.54,,  chennai ,user95@gmail.com,,"Jan 10, 2025",09-10-2018,4731371.32,15051.56,,Renewed,Invalid,30-09-2024,,
POL101003,H1327, JOHN,,Home,117735.89,414376.82,Hyderabad,john76@yahoo.com,Approved,,19-06-2018,1096622.49,9072.95,,,Valid,10/13/2021,177683.49,33.07
POL102524,H1483, JOHN,,Health,,88881.17,Hyderabad,john9@ins.com,Not Filed,23-06-2016,28-01-2021,,2584.03,,,,08-10-2017,392102.97,
POL102110,H1247,arun,22,lifee,92188.34,86745.81,Chennai,,Rejected,09-02-2022,17-11-2018,-379.57,19517.71,,,Invalid,22-04-2020,162572.78,
POL101172,H1237,  raj,73,Home,2113.72,107452.57,Mumbai,raj12@gmail.com,Pending,12-06-2017,21-06-2020,-3037.02,16056.74,BEN344,Active,Valid,23-08-2018,368712.05,66.86
POL100483,H1319,Priya ,128,Health,57474.6,136634.86,Mumbai,priya26@yahoo.com,,10-12-2017,22-02-2021,,9746.97,,,,30-03-2019,,
POL101810,H1258,Priya ,,Travel,,269026.48,Mumbai,priya70@gmail.com,Not Filed,08/15/2020,,86759.12,13325.09,,Lapsed,Invalid,03-01-2016,,34.42
POL103329,H1349,arun,34,lifee,84536.89,419545.99,Bengaluru,arun18@yahoo.com,Not Filed,,09-10-2019,,1483.77,,,,21-04-2024,367508.75,
POL104148,H1996,  raj,47,,136845.46,272683.73,Delhi,raj3@yahoo.com,Pending,"Dec 06, 2023",,-6176.44,12925.77,BEN378,,Valid,08-10-2021,,
POL100242,H1088,  raj,118,Travel,27044.39,,Mumbai,raj46@gmail.com,Rejected,07-01-2025,25-09-2017,,15749.94,,Active,Invalid,02-03-2019,224792.58,25.78
POL102083,H1736,Meena,,Health,94039.41,292518.63,Mumbai,meena61@ins.com,Approved,29-04-2023,"May 22, 2016",1313606.53,18698.81,BEN573,Expired,Invalid,09-05-2019,,70.1
POL101202,H1634,Meena,45,lifee,89229.04,7796.5,Chennai,meena74@yahoo.com,Not Filed,"Feb 01, 2019",18-05-2019,3583643.63,14847.4,,Lapsed,,14-02-2023,,
POL103751,H1919,kumar,60,Life,29479.74,,Delhi,kumar28@ins.com,Pending,,08-04-2021,3527447.36,5067.39,BEN159,,Valid,12/30/2017,,45.52
POL104834,H1148,,70,Home,54644.62,,Bengaluru,user68@gmail.com,Rejected,03-06-2016,13-09-2016,2548703.9,-506.01,,,,14-11-2020,264446.97,
POL102168,H1069,,77,Motor,24526.01,41298.46,Mumbai,user7@ins.com,,09-11-2022,"Sep 06, 2017",,10884.04,,Renewed,,"Jul 08, 2023",,
POL101019,H1726,Priya ,,,,102254.74,Mumbai,priya80@gmail.com,Not Filed,16-12-2021,06-10-2024,,4604.08,BEN158,,,25-07-2017,,78.58
POL102092,H1148,,51,Life,46631.81,,  chennai ,user78@ins.com,Rejected,,"Apr 09, 2024",1817567.44,12897.05,BEN837,Lapsed,Valid,13-10-2018,333959.52,88.75
POL103372,H1071,,,Motor,145164.55,226135.96,  chennai ,user14@ins.com,Pending,"May 28, 2024",,,11966.75,,,,25-11-2023,7102.14,
POL104932,H1357, JOHN,54,healthh,,306172.94,Chennai,john26@gmail.com,Not Filed,24-11-2018,04-09-2021,157955.38,17830.11,BEN399,,,11-05-2022,,
POL102124,H1675,  raj,,Home,161965.65,344564.3,Chennai,raj92@ins.com,Not Filed,07-02-2024,07-02-2016,,10722.3,,Renewed,Valid,,,
POL101744,H1797,arun,,Health,,94994.96,Delhi,arun77@ins.com,,,01-06-2020,-9567.15,-1671.48,,Expired,,"Apr 09, 2016",,
POL104464,H1274,  raj,53,Health,60788.14,168660.22,  chennai ,raj99@gmail.com,Rejected,,02-09-2025,,16462.75,BEN879,Expired,,12-06-2022,23029.54,
POL102954,H1596,arun,83,Life,58003.66,297893.66,Chennai,arun84@ins.com,Approved,10-04-2018,,615060.21,7851.1,,Lapsed,,21-10-2020,380207.07,
POL103284,H1835, JOHN,25,Life,87429.48,,Delhi,john71@ins.com,Not Filed,"Sep 10, 2021",,,13501.02,BEN749,Active,,11/16/2024,,
POL104363,H1419,arun,120,Travel,180329.75,442563.85,Hyderabad,arun88@yahoo.com,Approved,11/21/2023,,-7485.72,12958.83,,Renewed,,,197654.02,
POL103383,H1445,arun,,Travel,42577.73,335433.85,,arun11@ins.com,,"Sep 05, 2024",,-2008.22,19213.03,,Expired,,21-12-2016,198823.01,37.54
POL104824,H1282, JOHN,,Health,106306.17,,Mumbai,john35@yahoo.com,Rejected,08-10-2019,23-05-2024,,11105.6,,Active,Invalid,"Jul 29, 2021",266677.96,
POL102492,H1773,Meena,,,52462.91,270004.44,Hyderabad,meena50@ins.com,,"Jan 11, 2023",,711065.11,15846.49,BEN751,,,05-12-2016,,
POL101519,H1064,Meena,34,,79125.65,446239.65,,meena27@ins.com,,16-02-2025,"Jan 01, 2021",,6933.23,BEN497,,,10-05-2022,121592.85,88.45
POL101033,H1034,arun,,lifee,57851.96,405650.52,Delhi,arun50@gmail.com,,12/31/2016,01-12-2025,-9154.56,14534.61,,,,"Aug 01, 2020",52172.25,
POL101712,H1741,arun,85,Health,75890.42,785988.94,Delhi,arun77@yahoo.com,,01/28/2024,09-03-2024,,17088.9,,Renewed,Invalid,"May 31, 2017",156355.44,29.05
POL100295,H1127,Meena,23,lifee,126236.39,,Delhi,,Not Filed,11-11-2023,"Mar 08, 2018",,1866.09,,,,26-01-2025,211584.05,
POL101848,H1963,kumar,35,Health,20353.12,,Bengaluru,kumar2@gmail.com,,"Feb 25, 2024","Apr 02, 2016",-7702.43,13214.88,,Renewed,Valid,08/26/2016,40990,
POL104721,H1638, JOHN,87,,10018.33,,Mumbai,john62@ins.com,,,,-7757.57,17600.77,,,,20-06-2023,,7.72
POL104373,H1267,Priya ,,,96968.58,97413.28,,priya39@gmail.com,,"Jan 16, 2025","Feb 20, 2022",-2877.91,209.28,,Renewed,,25-06-2017,365762.53,
POL100497,H1340,arun,,healthh,91453.47,461544.76,Mumbai,arun84@ins.com,Pending,,06/17/2024,,-1108.03,,Expired,,27-08-2021,,80.24
POL103675,H1690,arun,,lifee,188785.2,324455,  chennai ,arun39@gmail.com,Approved,07/16/2020,,,4354.69,,Expired,Invalid,17-05-2021,,
POL100484,H1175,,64,Life,75730.16,66145.49,  chennai ,user60@ins.com,Not Filed,02-02-2022,11-10-2016,-8379.13,14599.3,,Expired,Valid,03-03-2016,184309.08,67.75
POL101520,H1465,,,healthh,134278.58,382664.5,,,Not Filed,06-01-2024,,4669895.59,17037.62,,,Invalid,01-07-2022,80782.24,18.17
POL100182,H1610,Meena,,lifee,71433.42,646486.36,Hyderabad,meena90@gmail.com,Approved,"Jul 22, 2020",12/17/2018,3438165.98,8352.01,BEN329,,,09/25/2017,156830.77,78.88
POL100684,H1413,Meena,,Motor,,219275.01,Delhi,meena65@ins.com,Approved,17-02-2022,,4829047.8,7497.26,,Active,Invalid,15-01-2023,,74.35
POL101768,H1430,kumar,,healthh,,218215.35,Hyderabad,kumar72@yahoo.com,,,03-01-2017,4443169.22,17100.92,,Lapsed,,"Sep 05, 2023",219657.81,82.16
POL104954,H1249,  raj,106,Life,10365.82,,Chennai,,Approved,09-06-2018,17-09-2019,-9920.5,2849.89,,Active,,,150655.72,
POL102050,H1002,Priya ,36,Health,68774.7,422554.45,Delhi,priya35@ins.com,,"Aug 07, 2016",22-02-2016,,6339.73,BEN147,,Valid,23-10-2020,,
POL100754,H1705,Priya ,65,,,457454.87,Chennai,,,,"Jan 22, 2016",262839.7,5673.97,,Lapsed,,02/13/2017,,4.38
POL104604,H1993,Meena,39,Travel,42428.3,368645.36,,meena37@yahoo.com,,09-07-2019,02/13/2017,,6897.59,,,Valid,,,86.05
POL102545,H1547,Meena,,Motor,,,  chennai ,meena82@ins.com,Approved,"Oct 12, 2023","Nov 02, 2020",,8187.83,,Expired,Invalid,03/25/2016,83659.64,39.3
POL103361,H1702,,57,lifee,73065.66,124134.25,Mumbai,user60@gmail.com,Pending,06-01-2022,,,15008.36,,Expired,Valid,"Feb 12, 2018",336412.65,
POL103632,H1028,arun,69,,57646.85,95690.1,Chennai,arun28@yahoo.com,Rejected,11-12-2018,23-02-2025,,4252.86,,,Valid,16-12-2023,,
POL101438,H1244,Priya ,,Travel,130491.76,100306.33,Chennai,priya3@yahoo.com,Approved,07-01-2021,,-6081.52,6298.27,BEN469,Active,,"May 05, 2016",,26.8
POL101445,H1364,kumar,38,Home,6267.89,57595.48,Mumbai,kumar74@yahoo.com,,24-12-2018,03/17/2025,-9843.86,10736.93,,Renewed,Valid,25-01-2016,57701.75,
POL104237,H1814,arun,12,Motor,48095.65,,Bengaluru,arun15@yahoo.com,Pending,"Dec 11, 2019",,,12922.35,,Renewed,Valid,07-07-2016,329702.9,30.08
POL100864,H1866,,79,Home,5130.56,343695.29,  chennai ,user9@gmail.com,Rejected,"Oct 29, 2020","Oct 01, 2023",-5757.37,2805.07,,Active,Valid,"Feb 12, 2016",,
POL102231,H1958,,15,Travel,400.43,399035.55,,user75@gmail.com,,"Nov 12, 2019",,,6825.75,BEN601,Lapsed,Valid,"Jan 15, 2020",,40.7
POL102322,H1333,kumar,66,Travel,24886.36,,Bengaluru,kumar93@ins.com,Approved,,"Dec 15, 2022",,-1503.15,BEN849,Renewed,Invalid,10-12-2024,,95.45
POL102960,H1587,arun,,Life,39098.42,633047.8,Chennai,arun45@yahoo.com,Not Filed,23-07-2017,03/22/2023,-2305.12,-253.1,,Renewed,Invalid,12-08-2024,,
POL103744,H1639,,,Travel,,355849.13,Mumbai,user79@gmail.com,Not Filed,"Dec 05, 2018",13-03-2019,2526054.67,15032.5,,,,09/23/2017,266841.02,11.44
POL104944,H1536,Meena,,Motor,197987.8,751627.45,Mumbai,meena74@yahoo.com,,"Nov 28, 2016",,3271798.17,16278.52,BEN465,Lapsed,,25-06-2018,,
POL103984,H1670,Meena,77,Life,,228293.66,Hyderabad,meena66@yahoo.com,Not Filed,,,-3603.15,9789.14,BEN218,Active,,17-12-2022,,
POL102779,H1292,kumar,37,lifee,18992.45,,,kumar47@gmail.com,,01-12-2021,,,4116.75,,Renewed,Invalid,08/22/2021,,42.59
POL103683,H1122,,,Travel,,,Delhi,user33@gmail.com,,"Jun 27, 2025","Mar 05, 2021",,13911.09,BEN232,Expired,,09-12-2023,242120.86,
POL103044,H1444, JOHN,,Life,,695540.44,Hyderabad,john@gmail,Rejected,"Sep 07, 2019",05-11-2022,898178.23,18407.57,BEN624,Renewed,,,,55.53
POL104983,H1936,arun,16,Health,,,Mumbai,arun35@gmail.com,,,,,12998.26,,Lapsed,Invalid,17-03-2020,130184.43,74.03
POL104213,H1523,Meena,36,healthh,81655.79,403815.36,,meena95@ins.com,Rejected,15-02-2021,02-05-2016,,6705.22,BEN560,Renewed,,21-12-2021,,76.85
POL103073,H1289,  raj,-5,Motor,42668.78,378690.39,Chennai,raj50@gmail.com,Rejected,11-09-2017,,,7344.4,,,,,,12.54
POL102161,H1130,,19,Life,85801.18,431800.57,Delhi,user@gmail,,31-08-2023,17-03-2020,,5074.29,,Lapsed,Valid,25-12-2016,,83.71
POL100545,H1915,Meena,,,20315.21,,Chennai,meena40@ins.com,Rejected,09-12-2021,"Jun 15, 2024",,358.89,BEN846,Lapsed,Invalid,"Aug 27, 2020",,23.81
POL101789,H1089,Priya ,64,Home,169785.49,137457.73,,priya6@ins.com,Not Filed,"Dec 02, 2024",10-12-2023,-1295.67,-1163.68,,Lapsed,Invalid,"Sep 18, 2023",17688.79,78.99
POL102213,H1127,arun,29,Life,34990.97,,Hyderabad,arun82@yahoo.com,,15-01-2022,"Feb 26, 2022",,-2.11,,Lapsed,,"Apr 29, 2020",,
POL104039,H1085,kumar,,Health,,,,kumar22@yahoo.com,,22-03-2024,"Aug 07, 2017",4777171.46,-1169.78,,Active,,11-12-2018,,
POL102232,H1042,arun,108,Health,,,  chennai ,arun57@yahoo.com,Approved,,"Mar 19, 2018",,15500.59,BEN586,Lapsed,Invalid,,,43.13
POL101396,H1732,kumar,59,lifee,85654.67,299949.36,Bengaluru,kumar55@gmail.com,,04-08-2018,01/25/2024,4519646.2,1293.16,,Renewed,,"Apr 26, 2020",,
POL100274,H1545,Priya ,24,Health,,476555.31,  chennai ,priya31@ins.com,Approved,06-06-2019,"Aug 26, 2020",,12959.11,BEN164,Active,Invalid,04-06-2019,,81.56
POL100704,H1751,kumar,,Home,84201.99,616220.01,Bengaluru,kumar57@ins.com,Approved,"Mar 24, 2016",09-08-2020,,5956.38,,,,,,
POL101024,H1030,arun,56,Life,151505.7,761911.74,Bengaluru,,Not Filed,25-02-2022,03-11-2024,4477111.07,5588.73,,Renewed,,03/19/2016,,35.81
POL100383,H1198,  raj,60,lifee,17336.75,,,raj86@ins.com,Approved,10-06-2025,,,7754.78,,Expired,,31-12-2019,,31.12
POL102609,H1920,kumar,,Life,,400070.3,  chennai ,kumar98@ins.com,Not Filed,,"Jan 04, 2018",-9583.68,19214.59,,Active,Invalid,,,
POL104272,H1553,Meena,83,lifee,123617.17,396397.21,Delhi,,Approved,05-11-2016,"Jul 18, 2018",-2119.93,6648.03,BEN541,,Invalid,"Mar 31, 2024",81794.24,95.05
POL103243,H1341,Priya ,,healthh,171101.53,63796,Delhi,priya2@yahoo.com,Not Filed,"Dec 22, 2024",30-06-2018,-2826.04,17907.33,,,,,338207.3,
POL102567,H1598, JOHN,72,Life,75830.99,324823.35,Hyderabad,john23@gmail.com,Pending,"Jan 03, 2019",08-04-2020,,6280.72,BEN753,Lapsed,Invalid,"Nov 21, 2023",,76.37
POL104926,H1142,,92,Life,84632.99,,Delhi,user89@gmail.com,Approved,"Jan 05, 2022","Jun 28, 2025",,2356.37,,Expired,,22-09-2021,,94.73
POL101642,H1789,,30,Life,34993.21,344536.02,,user13@yahoo.com,,02-09-2016,05-06-2021,-5030.84,10326.29,BEN392,,Valid,"Feb 14, 2022",,65.8
POL104718,H1884,Priya ,29,Health,25886.11,587009.24,Delhi,priya98@ins.com,Not Filed,,,3943053.58,10736.27,,Active,,08/22/2024,162659.12,37.1
POL100858,H1633,Priya ,30,Travel,76399.39,351336.13,  chennai ,priya46@ins.com,,,"Oct 23, 2018",2462253.28,5617.66,,,Valid,11-02-2021,,25.43
POL104019,H1962, JOHN,,healthh,2977.48,584011.17,Delhi,john54@gmail.com,Pending,"Nov 10, 2019",,2348656.84,13789.31,BEN489,Renewed,,09/13/2016,105418.03,
POL104737,H1548,  raj,,healthh,17350.73,216716.28,Mumbai,,Rejected,,"Mar 06, 2021",-2728.94,12160.28,BEN579,Lapsed,Invalid,09-02-2016,119879.31,89.08
POL103388,H1442,Priya ,90,healthh,44383.93,38465.42,Bengaluru,priya76@gmail.com,Not Filed,10/25/2016,09-10-2020,,16627.77,BEN681,,,08-02-2021,353482.38,50.31
POL102306,H1608,Priya ,46,healthh,,,Bengaluru,priya19@yahoo.com,,27-04-2019,28-09-2022,,9928.32,,Active,,"Sep 24, 2019",301449.99,
POL100834,H1812,kumar,76,Health,19778.47,64135.83,Bengaluru,kumar26@ins.com,,21-10-2024,29-10-2016,,-942.9,,Lapsed,Invalid,23-08-2023,118081.31,
POL102710,H1921,arun,20,Motor,178675.97,,Mumbai,arun74@yahoo.com,Rejected,,,3159097.13,14477.61,BEN147,Expired,Invalid,29-06-2020,,
POL101498,H1371,Priya ,,Life,,243601.41,  chennai ,priya34@ins.com,Approved,,03-07-2021,-9001.83,15069.27,BEN985,,Valid,03-05-2023,,94.07
POL104433,H1723,Meena,,Motor,57841.87,-2966.32,Chennai,meena60@yahoo.com,Approved,07-02-2018,22-04-2021,2043838.78,5855.95,BEN952,,,"Nov 05, 2019",,28.01
POL103610,H1909,Priya ,72,,66661.83,420641.08,Delhi,priya6@yahoo.com,Pending,24-05-2025,29-08-2022,-9136.82,5709.02,BEN909,,,25-02-2016,,78.44
POL103576,H1118,arun,103,lifee,195674.94,531324.54,,arun85@ins.com,,12-12-2017,"Mar 07, 2021",4120936.98,19731.69,,Expired,Valid,,,
POL101447,H1554,Priya ,47,Home,73893.39,395873.85,Mumbai,priya75@yahoo.com,Approved,21-04-2020,05/20/2016,,10730.07,,Lapsed,,11-02-2020,388622.51,34.83
POL102528,H1174,Meena,55,Life,161916.17,435821.99,Bengaluru,meena27@gmail.com,Pending,29-01-2023,29-08-2023,2622455.74,17018.53,BEN187,,,"Nov 03, 2018",,16.35
POL101705,H1441,,48,Health,160604.96,352466.16,,user25@ins.com,,"Nov 08, 2016",,-7707.98,1195.84,,Expired,,,233202.44,
POL102923,H1074,arun,101,lifee,90350.58,,,arun81@gmail.com,Approved,,08-12-2019,,-1842.26,BEN205,Active,Invalid,11/27/2024,,67.28
POL102707,H1576,  raj,69,Health,,,Mumbai,raj60@gmail.com,,07-07-2018,,,8770.43,,Renewed,Invalid,13-05-2017,,40.59
POL103069,H1812,Priya ,,Travel,163621.84,419682.36,Hyderabad,priya29@gmail.com,Approved,23-08-2022,,,248.32,,,,"Jan 24, 2019",346976.84,20.33
POL100789,H1307,kumar,56,Home,27961.34,41846.02,Bengaluru,kumar20@gmail.com,Approved,15-01-2017,07-04-2020,-4116.4,9375.29,,Expired,Valid,14-01-2016,,28.95
POL100968,H1643,  raj,,Life,23462.26,186056.31,,raj70@gmail.com,Not Filed,,25-08-2016,-8738.57,-795.27,,Expired,,25-08-2022,,
POL101667,H1062,kumar,47,,198462.88,679676.82,,kumar29@ins.com,Not Filed,03/18/2017,"Jan 18, 2022",,9136.66,,,Valid,"Sep 15, 2023",,69.05
POL103321,H1470,Priya ,72,,9396.44,305893.1,,priya14@gmail.com,Rejected,"Nov 07, 2024",05-02-2024,-6251.12,-1517.44,,Expired,,22-05-2022,,
POL101688,H1791, JOHN,,,14776.01,,Chennai,john26@gmail.com,Rejected,02-06-2020,"Sep 06, 2024",-69.95,2986.95,BEN971,Lapsed,Invalid,,250772.46,55.85
